0,0.0003
1,-0.00107
2,-0.0026
3,-0.00404
4,-0.0053
5,-0.00651
6,-0.00774
7,-0.00916
8,-0.01085
9,-0.01234
10,-0.01359
11,-0.01479
12,-0.01633
13,-0.01769
14,-0.01874
15,-0.01989
16,-0.0213
17,-0.02291
18,-0.02429
19,-0.02548
20,-0.02703
21,-0.02869
22,-0.03003
23,-0.03093
24,-0.03197
25,-0.03355
26,-0.03526
27,-0.03621
28,-0.0369
29,-0.03816
30,-0.04021
31,-0.04214
32,-0.04295
33,-0.04353
34,-0.04502
35,-0.04699
36,-0.04851
37,-0.04926
38,-0.05004
39,-0.05145
40,-0.05343
41,-0.05504
42,-0.0561
43,-0.05694
44,-0.05826
45,-0.05987
46,-0.06123
47,-0.06217
48,-0.06328
49,-0.06483
50,-0.06657
51,-0.06789
52,-0.06891
53,-0.07005
54,-0.07136
55,-0.073
56,-0.07417
57,-0.07493
58,-0.07611
59,-0.07785
60,-0.07945
61,-0.08052
62,-0.08139
63,-0.08297
64,-0.08412
65,-0.08535
66,-0.08724
67,-0.08882
68,-0.09017
69,-0.09092
70,-0.0909
71,-0.09177
72,-0.09398
73,-0.09541
74,-0.09661
75,-0.0978
76,-0.09871
77,-0.09978
78,-0.10113
79,-0.10232
80,-0.10364
81,-0.10484
82,-0.10589
83,-0.10688
84,-0.10797
85,-0.1093
86,-0.11058
87,-0.11187
88,-0.1133
89,-0.11446
90,-0.11527
91,-0.11627
92,-0.11758
93,-0.11866
94,-0.11952
95,-0.12051
96,-0.12164
97,-0.12292
98,-0.12393
99,-0.12491
100,-0.12601
101,-0.12725
102,-0.12835
103,-0.12938
104,-0.13041
105,-0.13157
106,-0.13268
107,-0.13362
108,-0.13442
109,-0.1353
110,-0.13649
111,-0.13752
112,-0.13834
113,-0.13929
114,-0.14052
115,-0.14173
116,-0.14277
117,-0.14366
118,-0.14442
119,-0.14535
120,-0.1464
121,-0.14757
122,-0.14845
123,-0.14923
124,-0.15022
125,-0.15095
126,-0.15146
127,-0.15245
128,-0.15391
129,-0.15526
130,-0.15594
131,-0.15635
132,-0.15721
133,-0.15852
134,-0.15959
135,-0.16031
136,-0.16084
137,-0.16144
138,-0.16257
139,-0.16384
140,-0.16468
141,-0.16546
142,-0.16616
143,-0.16701
144,-0.16791
145,-0.1686
146,-0.16916
147,-0.16989
148,-0.17091
149,-0.17185
150,-0.17252
151,-0.17318
152,-0.1739
153,-0.17476
154,-0.17556
155,-0.17606
156,-0.17722
157,-0.17825
158,-0.17923
159,-0.17982
160,-0.18036
161,-0.181
162,-0.18175
163,-0.18223
164,-0.18268
165,-0.18329
166,-0.18394
167,-0.18455
168,-0.18514
169,-0.18584
170,-0.18649
171,-0.18697
172,-0.18732
173,-0.18785
174,-0.18857
175,-0.18908
176,-0.18958
177,-0.18999
178,-0.19052
179,-0.19109
180,-0.19167
181,-0.19226
182,-0.19261
183,-0.19288
184,-0.19343
185,-0.19403
186,-0.19447
187,-0.19471
188,-0.19511
189,-0.19555
190,-0.19601
191,-0.19642
192,-0.19687
193,-0.19729
194,-0.1974
195,-0.19767
196,-0.1981
197,-0.19855
198,-0.19891
199,-0.19924
200,-0.19934
201,-0.19974
202,-0.20011
203,-0.20039
204,-0.20066
205,-0.20098
206,-0.20131
207,-0.20165
208,-0.20191
209,-0.2023
210,-0.20248
211,-0.20263
212,-0.20272
213,-0.20294
214,-0.20301
215,-0.20319
216,-0.20331
217,-0.20344
218,-0.20361
219,-0.20394
220,-0.20422
221,-0.20425
222,-0.20418
223,-0.20423
224,-0.20435
225,-0.20449
226,-0.20457
227,-0.20459
228,-0.20459
229,-0.20469
230,-0.20468
231,-0.20465
232,-0.20471
233,-0.20476
234,-0.20468
235,-0.20466
236,-0.20458
237,-0.20455
238,-0.20444
239,-0.2045
240,-0.20435
241,-0.20409
242,-0.20403
243,-0.20407
244,-0.20397
245,-0.20393
246,-0.20374
247,-0.20356
248,-0.20347
249,-0.20324
250,-0.20304
251,-0.2029
252,-0.20274
253,-0.20248
254,-0.20226
255,-0.20212
256,-0.20193
257,-0.20167
258,-0.20145
259,-0.20114
260,-0.20091
261,-0.20058
262,-0.20024
263,-0.19996
264,-0.19952
265,-0.19923
266,-0.19897
267,-0.19886
268,-0.19866
269,-0.19826
270,-0.19781
271,-0.19723
272,-0.19697
273,-0.19669
274,-0.19627
275,-0.19599
276,-0.19558
277,-0.19527
278,-0.19479
279,-0.19432
280,-0.19384
281,-0.19352
282,-0.19299
283,-0.19249
284,-0.19197
285,-0.19161
286,-0.19117
287,-0.19071
288,-0.1902
289,-0.18953
290,-0.18899
291,-0.18847
292,-0.188
293,-0.18747
294,-0.18681
295,-0.18622
296,-0.18575
297,-0.18519
298,-0.18457
299,-0.18395
300,-0.18326
301,-0.18268
302,-0.18211
303,-0.18157
304,-0.18077
305,-0.17997
306,-0.17939
307,-0.17878
308,-0.17805
309,-0.17726
310,-0.17654
311,-0.17585
312,-0.17513
313,-0.17437
314,-0.17362
315,-0.17297
316,-0.17213
317,-0.17133
318,-0.17064
319,-0.16987
320,-0.169
321,-0.16815
322,-0.16732
323,-0.16654
324,-0.16559
325,-0.16486
326,-0.16426
327,-0.16345
328,-0.16252
329,-0.16167
330,-0.16074
331,-0.16006
332,-0.15932
333,-0.15835
334,-0.15738
335,-0.15652
336,-0.15552
337,-0.15457
338,-0.15371
339,-0.153
340,-0.15222
341,-0.15116
342,-0.15006
343,-0.14913
344,-0.14823
345,-0.14727
346,-0.14634
347,-0.14537
348,-0.14429
349,-0.14329
350,-0.14248
351,-0.14148
352,-0.14039
353,-0.13949
354,-0.13842
355,-0.13739
356,-0.13645
357,-0.13547
358,-0.13448
359,-0.13344
360,-0.13223
361,-0.13117
362,-0.13004
363,-0.12892
364,-0.12793
365,-0.12689
366,-0.12592
367,-0.12481
368,-0.12368
369,-0.12266
370,-0.12164
371,-0.12034
372,-0.11926
373,-0.11823
374,-0.11697
375,-0.11585
376,-0.11463
377,-0.11364
378,-0.1125
379,-0.11129
380,-0.11011
381,-0.10895
382,-0.10788
383,-0.10668
384,-0.10535
385,-0.10411
386,-0.10298
387,-0.10187
388,-0.10075
389,-0.09952
390,-0.09821
391,-0.09691
392,-0.09596
393,-0.09445
394,-0.09361
395,-0.09174
396,-0.09015
397,-0.08968
398,-0.08952
399,-0.08871
400,-0.08705
401,-0.0845
402,-0.08368
403,-0.08258
404,-0.08136
405,-0.0801
406,-0.07887
407,-0.0776
408,-0.07645
409,-0.07524
410,-0.07384
411,-0.07247
412,-0.07121
413,-0.07002
414,-0.06868
415,-0.06733
416,-0.06613
417,-0.06484
418,-0.06352
419,-0.06234
420,-0.06111
421,-0.05977
422,-0.05843
423,-0.05692
424,-0.05577
425,-0.05453
426,-0.05339
427,-0.05194
428,-0.05058
429,-0.04949
430,-0.04827
431,-0.04673
432,-0.04523
433,-0.04403
434,-0.04287
435,-0.04148
436,-0.04005
437,-0.03879
438,-0.0375
439,-0.03616
440,-0.03481
441,-0.03349
442,-0.03219
443,-0.03069
444,-0.02926
445,-0.02792
446,-0.02669
447,-0.02531
448,-0.02399
449,-0.02264
450,-0.02126
451,-0.0199
452,-0.01855
453,-0.01725
454,-0.01582
455,-0.01452
456,-0.01316
457,-0.01182
458,-0.01048
459,-0.009
460,-0.00767
461,-0.00644
462,-0.00501
463,-0.00354
464,-0.00226
465,-0.00098
466,0.00042
467,0.00172
468,0.00313
469,0.00454
470,0.00589
471,0.00717
472,0.00844
473,0.00981
474,0.01124
475,0.01256
476,0.0137
477,0.01511
478,0.01657
479,0.01811
480,0.01959
481,0.02082
482,0.02203
483,0.02341
484,0.02467
485,0.02585
486,0.02711
487,0.02854
488,0.03015
489,0.03141
490,0.03247
491,0.03374
492,0.03505
493,0.03654
494,0.03802
495,0.03922
496,0.04051
497,0.04194
498,0.04337
499,0.04468
500,0.04582
501,0.04712
502,0.04845
503,0.04963
504,0.05091
505,0.0522
506,0.05369
507,0.05515
508,0.05634
509,0.05748
510,0.05873
511,0.06002
512,0.06135
513,0.06263
514,0.06406
515,0.06547
516,0.0666
517,0.06781
518,0.06915
519,0.07052
520,0.07183
521,0.07325
522,0.07441
523,0.07551
524,0.07676
525,0.07815
526,0.07944
527,0.08055
528,0.08178
529,0.08303
530,0.08431
531,0.08542
532,0.08673
533,0.08815
534,0.08944
535,0.09047
536,0.09173
537,0.09304
538,0.09406
539,0.09525
540,0.09663
541,0.09783
542,0.09897
543,0.10016
544,0.10121
545,0.10247
546,0.10371
547,0.10476
548,0.10595
549,0.10722
550,0.10844
551,0.10954
552,0.11054
553,0.11154
554,0.11289
555,0.11402
556,0.11505
557,0.11615
558,0.11724
559,0.11849
560,0.11964
561,0.12069
562,0.12181
563,0.12285
564,0.1239
565,0.12505
566,0.12619
567,0.12723
568,0.1281
569,0.12907
570,0.13007
571,0.13127
572,0.13232
573,0.13331
574,0.13433
575,0.13545
576,0.13654
577,0.13752
578,0.13848
579,0.13949
580,0.14038
581,0.14146
582,0.14271
583,0.1437
584,0.14451
585,0.14539
586,0.14639
587,0.14737
588,0.14838
589,0.14935
590,0.15026
591,0.15115
592,0.15209
593,0.15305
594,0.15406
595,0.15489
596,0.15558
597,0.15649
598,0.15739
599,0.15829
600,0.15922
601,0.16009
602,0.16086
603,0.16164
604,0.16244
605,0.16322
606,0.1641
607,0.16496
608,0.16576
609,0.16657
610,0.16741
611,0.16811
612,0.16881
613,0.1697
614,0.17047
615,0.17124
616,0.17188
617,0.17253
618,0.17327
619,0.17411
620,0.17467
621,0.17528
622,0.17612
623,0.17693
624,0.17747
625,0.17811
626,0.17867
627,0.17938
628,0.18002
629,0.18067
630,0.18131
631,0.1819
632,0.18266
633,0.18334
634,0.18388
635,0.18431
636,0.1849
637,0.1854
638,0.18601
639,0.18666
640,0.18735
641,0.18783
642,0.18818
643,0.18864
644,0.1893
645,0.18989
646,0.19031
647,0.19071
648,0.19115
649,0.19165
650,0.19224
651,0.19278
652,0.19314
653,0.19354
654,0.19393
655,0.19442
656,0.19475
657,0.19528
658,0.19557
659,0.19586
660,0.1963
661,0.19669
662,0.19715
663,0.19751
664,0.1977
665,0.19806
666,0.19849
667,0.19874
668,0.19895
669,0.19918
670,0.19953
671,0.20001
672,0.20031
673,0.20041
674,0.20072
675,0.20083
676,0.20091
677,0.20108
678,0.20133
679,0.20166
680,0.20191
681,0.20206
682,0.20226
683,0.20231
684,0.20244
685,0.20252
686,0.2026
687,0.20284
688,0.2028
689,0.20276
690,0.20285
691,0.20296
692,0.20309
693,0.20318
694,0.20315
695,0.20321
696,0.20312
697,0.2032
698,0.20325
699,0.20336
700,0.20338
701,0.20322
702,0.20331
703,0.20315
704,0.20299
705,0.20287
706,0.20296
707,0.20293
708,0.20279
709,0.20265
710,0.20257
711,0.2026
712,0.20245
713,0.20235
714,0.20225
715,0.2021
716,0.20173
717,0.20148
718,0.20131
719,0.20111
720,0.20109
721,0.20093
722,0.20067
723,0.20041
724,0.20009
725,0.19994
726,0.1998
727,0.19947
728,0.19915
729,0.19896
730,0.19863
731,0.19828
732,0.19795
733,0.19747
734,0.19725
735,0.19696
736,0.1966
737,0.19638
738,0.19589
739,0.19542
740,0.19508
741,0.19468
742,0.19435
743,0.1939
744,0.19358
745,0.19322
746,0.19286
747,0.19234
748,0.1918
749,0.19123
750,0.19076
751,0.19035
752,0.18979
753,0.18919
754,0.18873
755,0.18818
756,0.18763
757,0.18711
758,0.18652
759,0.18597
760,0.1855
761,0.18489
762,0.18422
763,0.18359
764,0.18302
765,0.18253
766,0.18199
767,0.18106
768,0.18037
769,0.17981
770,0.17915
771,0.17861
772,0.1781
773,0.17725
774,0.17654
775,0.17589
776,0.17508
777,0.17433
778,0.17372
779,0.17316
780,0.17247
781,0.17169
782,0.17086
783,0.17015
784,0.16935
785,0.16857
786,0.16772
787,0.16705
788,0.1662
789,0.16525
790,0.16451
791,0.1638
792,0.16306
793,0.16226
794,0.16134
795,0.16049
796,0.15984
797,0.15902
798,0.15793
799,0.15695
800,0.15609
801,0.15542
802,0.15455
803,0.15359
804,0.15275
805,0.15189
806,0.15089
807,0.14993
808,0.14909
809,0.14818
810,0.14729
811,0.14635
812,0.14519
813,0.14424
814,0.14328
815,0.14234
816,0.14134
817,0.14039
818,0.13938
819,0.13838
820,0.13743
821,0.13652
822,0.13551
823,0.13431
824,0.13318
825,0.13225
826,0.13118
827,0.13022
828,0.12902
829,0.12792
830,0.12698
831,0.12589
832,0.12468
833,0.12367
834,0.12267
835,0.12151
836,0.12045
837,0.11943
838,0.11831
839,0.11707
840,0.11586
841,0.11473
842,0.11363
843,0.11254
844,0.11138
845,0.11023
846,0.10909
847,0.10796
848,0.10689
849,0.10569
850,0.10438
851,0.10329
852,0.10221
853,0.10099
854,0.0998
855,0.09852
856,0.09739
857,0.09616
858,0.09497
859,0.09369
860,0.09241
861,0.09116
862,0.09002
863,0.08883
864,0.08757
865,0.08654
866,0.08527
867,0.08393
868,0.08276
869,0.08155
870,0.08028
871,0.07901
872,0.07779
873,0.07664
874,0.07529
875,0.07409
876,0.07286
877,0.07154
878,0.07022
879,0.06896
880,0.06781
881,0.06649
882,0.06508
883,0.06385
884,0.06256
885,0.06125
886,0.0599
887,0.05864
888,0.05741
889,0.05618
890,0.05487
891,0.0536
892,0.05228
893,0.05096
894,0.04964
895,0.04844
896,0.04715
897,0.04577
898,0.04435
899,0.04315
900,0.04188
901,0.04045
902,0.03903
903,0.03778
904,0.03651
905,0.03503
906,0.03371
907,0.03244
908,0.03116
909,0.02967
910,0.02815
911,0.02705
912,0.02584
913,0.02451
914,0.02313
915,0.02161
916,0.02022
917,0.01896
918,0.01769
919,0.01638
920,0.01514
921,0.0137
922,0.01226
923,0.01088
924,0.00954
925,0.00824
926,0.00697
927,0.00564
928,0.00429
929,0.00288
930,0.00138
931,-0.00005
932,-0.00132
933,-0.00259
934,-0.00406
935,-0.00532
936,-0.00641
937,-0.00766
938,-0.00903
939,-0.01045
940,-0.01184
941,-0.01328
942,-0.01467
943,-0.01594
944,-0.0173
945,-0.01865
946,-0.01995
947,-0.02135
948,-0.02258
949,-0.02387
950,-0.02523
951,-0.02667
952,-0.02797
953,-0.02916
954,-0.03039
955,-0.03187
956,-0.0335
957,-0.03476
958,-0.03592
959,-0.03727
960,-0.03862
961,-0.0399
962,-0.04124
963,-0.04264
964,-0.04404
965,-0.04532
966,-0.04664
967,-0.04796
968,-0.04929
969,-0.05057
970,-0.05179
971,-0.05303
972,-0.05432
973,-0.05568
974,-0.0572
975,-0.05837
976,-0.05962
977,-0.0609
978,-0.06239
979,-0.06377
980,-0.06496
981,-0.0661
982,-0.06736
983,-0.06868
984,-0.06989
985,-0.07129
986,-0.07258
987,-0.07381
988,-0.07508
989,-0.07639
990,-0.07771
991,-0.07883
992,-0.08001
993,-0.08147
994,-0.08252
995,-0.08411
996,-0.08528
997,-0.08565
998,-0.0872
999,-0.08913
1000,-0.09015
1001,-0.09035
1002,-0.09101
1003,-0.09345
1004,-0.09475
1005,-0.09602
1006,-0.09694
1007,-0.09797
1008,-0.09926
1009,-0.10062
1010,-0.10176
1011,-0.10284
1012,-0.10393
1013,-0.10522
1014,-0.10642
1015,-0.10739
1016,-0.10868
1017,-0.10994
1018,-0.11106
1019,-0.11215
1020,-0.11316
1021,-0.11435
1022,-0.11558
1023,-0.11668
1024,-0.11794
1025,-0.11899
1026,-0.11988
1027,-0.1211
1028,-0.12223
1029,-0.12323
1030,-0.12433
1031,-0.12533
1032,-0.12644
1033,-0.12765
1034,-0.12873
1035,-0.12985
1036,-0.13083
1037,-0.13188
1038,-0.13294
1039,-0.13392
1040,-0.1349
1041,-0.13581
1042,-0.13678
1043,-0.1381
1044,-0.13909
1045,-0.1399
1046,-0.1409
1047,-0.14194
1048,-0.14301
1049,-0.14401
1050,-0.14477
1051,-0.14581
1052,-0.14683
1053,-0.14771
1054,-0.14857
1055,-0.14964
1056,-0.15061
1057,-0.15145
1058,-0.15243
1059,-0.15335
1060,-0.1542
1061,-0.15511
1062,-0.15599
1063,-0.15696
1064,-0.15777
1065,-0.15859
1066,-0.15949
1067,-0.16039
1068,-0.16125
1069,-0.16203
1070,-0.1629
1071,-0.1637
1072,-0.16441
1073,-0.16509
1074,-0.16613
1075,-0.16703
1076,-0.1677
1077,-0.16848
1078,-0.16919
1079,-0.16996
1080,-0.17077
1081,-0.1715
1082,-0.17232
1083,-0.1731
1084,-0.17372
1085,-0.17446
1086,-0.17515
1087,-0.1758
1088,-0.17647
1089,-0.17713
1090,-0.17781
1091,-0.17842
1092,-0.17903
1093,-0.17988
1094,-0.18071
1095,-0.18126
1096,-0.18178
1097,-0.18229
1098,-0.1829
1099,-0.18356
1100,-0.18421
1101,-0.18488
1102,-0.18549
1103,-0.18609
1104,-0.18649
1105,-0.18688
1106,-0.18745
1107,-0.18817
1108,-0.18873
1109,-0.18928
1110,-0.1897
1111,-0.19007
1112,-0.19058
1113,-0.19116
1114,-0.19168
1115,-0.19204
1116,-0.19249
1117,-0.19298
1118,-0.19344
1119,-0.19377
1120,-0.19413
1121,-0.19454
1122,-0.19491
1123,-0.19553
1124,-0.19607
1125,-0.19635
1126,-0.19656
1127,-0.19695
1128,-0.19736
1129,-0.19772
1130,-0.19802
1131,-0.19823
1132,-0.19859
1133,-0.19894
1134,-0.19919
1135,-0.1996
1136,-0.19971
1137,-0.19996
1138,-0.20033
1139,-0.2005
1140,-0.20069
1141,-0.20108
1142,-0.20124
1143,-0.20152
1144,-0.20159
1145,-0.20173
1146,-0.20197
1147,-0.20217
1148,-0.20229
1149,-0.20239
1150,-0.20268
1151,-0.20277
1152,-0.2029
1153,-0.20311
1154,-0.20312
1155,-0.20317
1156,-0.20313
1157,-0.2031
1158,-0.20336
1159,-0.20361
1160,-0.20369
1161,-0.20363
1162,-0.20358
1163,-0.20356
1164,-0.20335
1165,-0.20329
1166,-0.20339
1167,-0.20354
1168,-0.20339
1169,-0.2034
1170,-0.2033
1171,-0.20339
1172,-0.20335
1173,-0.20318
1174,-0.20305
1175,-0.20293
1176,-0.20279
1177,-0.20272
1178,-0.20267
1179,-0.20258
1180,-0.20238
1181,-0.20215
1182,-0.20203
1183,-0.20202
1184,-0.20193
1185,-0.20164
1186,-0.20141
1187,-0.20119
1188,-0.20104
1189,-0.20061
1190,-0.20045
1191,-0.2003
1192,-0.2
1193,-0.19967
1194,-0.19942
1195,-0.19913
1196,-0.19893
1197,-0.19859
1198,-0.19826
1199,-0.1979
1200,-0.19753
1201,-0.19722
1202,-0.19694
1203,-0.19645
1204,-0.19599
1205,-0.19577
1206,-0.19544
1207,-0.19496
1208,-0.19456
1209,-0.19421
1210,-0.1939
1211,-0.19338
1212,-0.19272
1213,-0.19235
1214,-0.19185
1215,-0.19142
1216,-0.19102
1217,-0.19055
1218,-0.19006
1219,-0.18948
1220,-0.189
1221,-0.18845
1222,-0.18781
1223,-0.18726
1224,-0.18674
1225,-0.18639
1226,-0.18584
1227,-0.18519
1228,-0.18466
1229,-0.18403
1230,-0.18339
1231,-0.18271
1232,-0.18209
1233,-0.18149
1234,-0.1808
1235,-0.18008
1236,-0.17948
1237,-0.1789
1238,-0.17837
1239,-0.17767
1240,-0.17679
1241,-0.17615
1242,-0.17553
1243,-0.17487
1244,-0.17416
1245,-0.1734
1246,-0.17255
1247,-0.17186
1248,-0.17119
1249,-0.17052
1250,-0.16971
1251,-0.169
1252,-0.16824
1253,-0.16747
1254,-0.16666
1255,-0.16577
1256,-0.16499
1257,-0.16415
1258,-0.16333
1259,-0.16247
1260,-0.1616
1261,-0.16091
1262,-0.16017
1263,-0.15916
1264,-0.15831
1265,-0.15742
1266,-0.1565
1267,-0.15554
1268,-0.15481
1269,-0.154
1270,-0.153
1271,-0.15217
1272,-0.15116
1273,-0.15017
1274,-0.14939
1275,-0.14839
1276,-0.14735
1277,-0.14649
1278,-0.14558
1279,-0.14446
1280,-0.14351
1281,-0.14266
1282,-0.1417
1283,-0.14064
1284,-0.13966
1285,-0.13858
1286,-0.1375
1287,-0.13653
1288,-0.13558
1289,-0.13469
1290,-0.13353
1291,-0.13253
1292,-0.13151
1293,-0.13045
1294,-0.12922
1295,-0.12835
1296,-0.12729
1297,-0.12629
1298,-0.12517
1299,-0.12403
1300,-0.12295
1301,-0.12184
1302,-0.12067
1303,-0.11961
1304,-0.11868
1305,-0.11745
1306,-0.11616
1307,-0.11506
1308,-0.11406
1309,-0.11305
1310,-0.11192
1311,-0.11064
1312,-0.10936
1313,-0.1083
1314,-0.10732
1315,-0.10619
1316,-0.10502
1317,-0.10379
1318,-0.10264
1319,-0.10145
1320,-0.10028
1321,-0.09898
1322,-0.09772
1323,-0.09657
1324,-0.0955
1325,-0.09408
1326,-0.09313
1327,-0.09239
1328,-0.09022
1329,-0.08819
1330,-0.08723
1331,-0.08703
1332,-0.08686
1333,-0.08575
1334,-0.08341
1335,-0.08213
1336,-0.08077
1337,-0.07945
1338,-0.07836
1339,-0.07717
1340,-0.07594
1341,-0.07486
1342,-0.07339
1343,-0.0721
1344,-0.07097
1345,-0.0696
1346,-0.06823
1347,-0.067
1348,-0.06563
1349,-0.06448
1350,-0.06316
1351,-0.06174
1352,-0.06066
1353,-0.05948
1354,-0.05818
1355,-0.05677
1356,-0.05538
1357,-0.05416
1358,-0.05286
1359,-0.05147
1360,-0.05007
1361,-0.04877
1362,-0.04745
1363,-0.04633
1364,-0.045
1365,-0.04361
1366,-0.04219
1367,-0.04089
1368,-0.03962
1369,-0.03827
1370,-0.03696
1371,-0.03574
1372,-0.03437
1373,-0.03308
1374,-0.03173
1375,-0.03039
1376,-0.02907
1377,-0.02768
1378,-0.02627
1379,-0.0251
1380,-0.02378
1381,-0.02229
1382,-0.02092
1383,-0.0197
1384,-0.01848
1385,-0.01716
1386,-0.01571
1387,-0.01429
1388,-0.01289
1389,-0.01155
1390,-0.01032
1391,-0.00903
1392,-0.00762
1393,-0.00632
1394,-0.00503
1395,-0.0036
1396,-0.00231
1397,-0.00091
1398,0.00049
1399,0.00195
1400,0.00326
1401,0.00449
1402,0.0057
1403,0.00699
1404,0.00833
1405,0.00981
1406,0.01127
1407,0.01276
1408,0.01401
1409,0.01515
1410,0.01667
1411,0.01801
1412,0.01941
1413,0.02062
1414,0.02194
1415,0.02331
1416,0.0246
1417,0.02587
1418,0.02723
1419,0.02867
1420,0.03003
1421,0.0313
1422,0.03267
1423,0.03413
1424,0.03536
1425,0.0365
1426,0.03778
1427,0.0392
1428,0.04062
1429,0.04182
1430,0.04309
1431,0.04438
1432,0.04576
1433,0.04713
1434,0.04851
1435,0.04984
1436,0.05116
1437,0.05237
1438,0.05367
1439,0.05495
1440,0.05625
1441,0.0576
1442,0.05894
1443,0.06015
1444,0.0615
1445,0.06271
1446,0.06406
1447,0.06529
1448,0.06657
1449,0.06779
1450,0.06919
1451,0.07047
1452,0.07161
1453,0.07279
1454,0.074
1455,0.07531
1456,0.07656
1457,0.0778
1458,0.07906
1459,0.08031
1460,0.0815
1461,0.08281
1462,0.08403
1463,0.08528
1464,0.08644
1465,0.08773
1466,0.08909
1467,0.09032
1468,0.09154
1469,0.09269
1470,0.09376
1471,0.09489
1472,0.09616
1473,0.09738
1474,0.09843
1475,0.09964
1476,0.10087
1477,0.10207
1478,0.10323
1479,0.10436
1480,0.10544
1481,0.10665
1482,0.10782
1483,0.109
1484,0.11016
1485,0.11133
1486,0.11246
1487,0.1136
1488,0.1146
1489,0.11566
1490,0.11676
1491,0.11802
1492,0.11931
1493,0.12025
1494,0.12128
1495,0.12243
1496,0.12351
1497,0.12455
1498,0.12574
1499,0.12684
1500,0.12789
1501,0.12909
1502,0.12996
1503,0.13087
1504,0.13192
1505,0.13294
1506,0.13406
1507,0.13509
1508,0.13601
1509,0.13697
1510,0.13802
1511,0.13906
1512,0.14005
1513,0.14099
1514,0.14192
1515,0.14289
1516,0.14389
1517,0.14489
1518,0.14588
1519,0.14675
1520,0.1476
1521,0.14864
1522,0.14948
1523,0.15032
1524,0.15135
1525,0.15221
1526,0.15318
1527,0.15409
1528,0.15494
1529,0.15572
1530,0.15663
1531,0.15755
1532,0.15841
1533,0.15921
1534,0.15993
1535,0.16076
1536,0.16166
1537,0.16256
1538,0.16327
1539,0.16406
1540,0.165
1541,0.16586
1542,0.16653
1543,0.16719
1544,0.16798
1545,0.16883
1546,0.16966
1547,0.17034
1548,0.17111
1549,0.17183
1550,0.17254
1551,0.17322
1552,0.17389
1553,0.17463
1554,0.1754
1555,0.17626
1556,0.17696
1557,0.17742
1558,0.17802
1559,0.17867
1560,0.17931
1561,0.18001
1562,0.18063
1563,0.18127
1564,0.18178
1565,0.18238
1566,0.183
1567,0.1837
1568,0.18409
1569,0.18484
1570,0.18553
1571,0.18608
1572,0.18653
1573,0.187
1574,0.18743
1575,0.18802
1576,0.1886
1577,0.18913
1578,0.18951
1579,0.18983
1580,0.19044
1581,0.19102
1582,0.19144
1583,0.1918
1584,0.19226
1585,0.19283
1586,0.19323
1587,0.1936
1588,0.19397
1589,0.19428
1590,0.19476
1591,0.19524
1592,0.19553
1593,0.1957
1594,0.19597
1595,0.19637
1596,0.19677
1597,0.19707
1598,0.19744
1599,0.19773
1600,0.19801
1601,0.19829
1602,0.19859
1603,0.19886
1604,0.19915
1605,0.19947
1606,0.19958
1607,0.19982
1608,0.20005
1609,0.20031
1610,0.2005
1611,0.20047
1612,0.20061
1613,0.20089
1614,0.20123
1615,0.20125
1616,0.20118
1617,0.20147
1618,0.20179
1619,0.20181
1620,0.20189
1621,0.20198
1622,0.20204
1623,0.20212
1624,0.20204
1625,0.20189
1626,0.20189
1627,0.20212
1628,0.20234
1629,0.2023
1630,0.2021
1631,0.20207
1632,0.20222
1633,0.20237
1634,0.20231
1635,0.20203
1636,0.20201
1637,0.20222
1638,0.20221
1639,0.20198
1640,0.20187
1641,0.20178
1642,0.20168
1643,0.20152
1644,0.20146
1645,0.20128
1646,0.20109
1647,0.20099
1648,0.2007
1649,0.20058
1650,0.20043
1651,0.20045
1652,0.20015
1653,0.19967
1654,0.19957
1655,0.19942
1656,0.19921
1657,0.19887
1658,0.19864
1659,0.1983
1660,0.1979
1661,0.19764
1662,0.19756
1663,0.19723
1664,0.19683
1665,0.19651
1666,0.19628
1667,0.19593
1668,0.19557
1669,0.19537
1670,0.19498
1671,0.19462
1672,0.19409
1673,0.19352
1674,0.19315
1675,0.19286
1676,0.19241
1677,0.19201
1678,0.19145
1679,0.19115
1680,0.19068
1681,0.19003
1682,0.18942
1683,0.18915
1684,0.18889
1685,0.18832
1686,0.18755
1687,0.18696
1688,0.18666
1689,0.18615
1690,0.18546
1691,0.18477
1692,0.18431
1693,0.18394
1694,0.18338
1695,0.18267
1696,0.18205
1697,0.18151
1698,0.18087
1699,0.18019
1700,0.1796
1701,0.17909
1702,0.17851
1703,0.17779
1704,0.177
1705,0.17625
1706,0.1756
1707,0.17499
1708,0.17428
1709,0.1735
1710,0.17275
1711,0.17215
1712,0.17148
1713,0.1707
1714,0.17006
1715,0.16928
1716,0.16854
1717,0.16775
1718,0.16689
1719,0.16606
1720,0.16527
1721,0.16454
1722,0.16388
1723,0.16307
1724,0.16215
1725,0.16129
1726,0.16043
1727,0.15967
1728,0.15879
1729,0.15787
1730,0.15718
1731,0.15622
1732,0.15527
1733,0.15439
1734,0.15344
1735,0.1527
1736,0.15183
1737,0.15086
1738,0.14993
1739,0.14902
1740,0.14816
1741,0.14725
1742,0.14613
1743,0.1451
1744,0.14403
1745,0.14323
1746,0.14234
1747,0.14154
1748,0.14041
1749,0.13922
1750,0.13837
1751,0.13747
1752,0.13655
1753,0.13549
1754,0.13439
1755,0.13335
1756,0.1322
1757,0.13109
1758,0.13028
1759,0.12928
1760,0.12825
1761,0.12721
1762,0.12602
1763,0.12499
1764,0.12386
1765,0.12278
1766,0.12178
1767,0.12076
1768,0.11973
1769,0.1185
1770,0.11735
1771,0.11626
1772,0.11515
1773,0.11399
1774,0.11293
1775,0.11173
1776,0.11059
1777,0.10956
1778,0.10841
1779,0.10726
1780,0.10609
1781,0.10483
1782,0.10377
1783,0.10268
1784,0.10157
1785,0.10035
1786,0.09918
1787,0.09793
1788,0.09671
1789,0.09547
1790,0.09429
1791,0.09318
1792,0.09206
1793,0.09074
1794,0.08949
1795,0.08828
1796,0.08704
1797,0.08593
1798,0.08453
1799,0.08337
1800,0.08225
1801,0.08104
1802,0.07977
1803,0.07853
1804,0.07733
1805,0.07611
1806,0.07489
1807,0.07347
1808,0.0722
1809,0.07101
1810,0.06981
1811,0.06839
1812,0.06701
1813,0.0658
1814,0.06467
1815,0.06328
1816,0.06212
1817,0.06097
1818,0.05963
1819,0.05822
1820,0.0569
1821,0.05562
1822,0.05435
1823,0.053
1824,0.05157
1825,0.05041
1826,0.04911
1827,0.04774
1828,0.04647
1829,0.04528
1830,0.04396
1831,0.04252
1832,0.04118
1833,0.03999
1834,0.03871
1835,0.03738
1836,0.03602
1837,0.03472
1838,0.03338
1839,0.03195
1840,0.0307
1841,0.02941
1842,0.02812
1843,0.02676
1844,0.02547
1845,0.02413
1846,0.02273
1847,0.02135
1848,0.01993
1849,0.01869
1850,0.01742
1851,0.01598
1852,0.01457
1853,0.01342
1854,0.01211
1855,0.01066
1856,0.00925
1857,0.00793
1858,0.00677
1859,0.00538
1860,0.00399
1861,0.00261
1862,0.00124
1863,-0.00002
1864,-0.00134
1865,-0.00274
1866,-0.00406
1867,-0.00524
1868,-0.00658
1869,-0.00804
1870,-0.00939
1871,-0.01072
1872,-0.01207
1873,-0.01341
1874,-0.01482
1875,-0.01626
1876,-0.01761
1877,-0.01887
1878,-0.02002
1879,-0.02139
1880,-0.02283
1881,-0.02431
1882,-0.02562
1883,-0.0269
1884,-0.02821
1885,-0.0295
1886,-0.03069
1887,-0.03202
1888,-0.03345
1889,-0.03479
1890,-0.03608
1891,-0.03748
1892,-0.03876
1893,-0.04003
1894,-0.04135
1895,-0.04272
1896,-0.04405
1897,-0.04531
1898,-0.04666
1899,-0.04806
1900,-0.04936
1901,-0.0506
1902,-0.05194
1903,-0.05316
1904,-0.05452
1905,-0.05584
1906,-0.05712
1907,-0.05832
1908,-0.05958
1909,-0.06088
1910,-0.06219
1911,-0.06352
1912,-0.06481
1913,-0.0661
1914,-0.06739
1915,-0.06851
1916,-0.06984
1917,-0.07122
1918,-0.07242
1919,-0.07355
1920,-0.07477
1921,-0.07596
1922,-0.07727
1923,-0.07854
1924,-0.07996
1925,-0.08141
1926,-0.08223
1927,-0.08377
1928,-0.0845
1929,-0.08576
1930,-0.08799
1931,-0.08965
1932,-0.09029
1933,-0.09053
1934,-0.09085
1935,-0.09276
1936,-0.09456
1937,-0.09585
1938,-0.09684
1939,-0.09784
1940,-0.09903
1941,-0.10019
1942,-0.10134
1943,-0.10248
1944,-0.10372
1945,-0.10494
1946,-0.1061
1947,-0.10727
1948,-0.10836
1949,-0.10942
1950,-0.11059
1951,-0.11194
1952,-0.11308
1953,-0.1141
1954,-0.11519
1955,-0.11629
1956,-0.11741
1957,-0.11852
1958,-0.11956
1959,-0.12074
1960,-0.1219
1961,-0.12303
1962,-0.12419
1963,-0.12525
1964,-0.12619
1965,-0.12724
1966,-0.12824
1967,-0.12922
1968,-0.13016
1969,-0.13137
1970,-0.13246
1971,-0.13355
1972,-0.13464
1973,-0.13568
1974,-0.13656
1975,-0.13736
1976,-0.13848
1977,-0.13957
1978,-0.1405
1979,-0.14144
1980,-0.14237
1981,-0.14329
1982,-0.14439
1983,-0.14545
1984,-0.14631
1985,-0.14726
1986,-0.1483
1987,-0.1492
1988,-0.15002
1989,-0.15094
1990,-0.15192
1991,-0.15281
1992,-0.15371
1993,-0.1546
1994,-0.15537
1995,-0.15611
1996,-0.15698
1997,-0.1579
1998,-0.15895
1999,-0.15979
2000,-0.16048
2001,-0.16124
2002,-0.16223
2003,-0.16294
2004,-0.16371
2005,-0.16464
2006,-0.16539
2007,-0.16619
2008,-0.16711
2009,-0.16787
2010,-0.16853
2011,-0.16922
2012,-0.17003
2013,-0.17087
2014,-0.17165
2015,-0.17245
2016,-0.1731
2017,-0.17371
2018,-0.17444
2019,-0.17511
2020,-0.17576
2021,-0.1765
2022,-0.17719
2023,-0.17779
2024,-0.17846
2025,-0.17911
2026,-0.17968
2027,-0.18023
2028,-0.18094
2029,-0.18167
2030,-0.18228
2031,-0.18277
2032,-0.18334
2033,-0.18386
2034,-0.18457
2035,-0.18524
2036,-0.18583
2037,-0.18644
2038,-0.18694
2039,-0.18745
2040,-0.18777
2041,-0.18815
2042,-0.1887
2043,-0.18939
2044,-0.18993
2045,-0.1903
2046,-0.19067
2047,-0.19113
2048,-0.19171
2049,-0.19214
2050,-0.19256
2051,-0.19307
2052,-0.19354
2053,-0.1939
2054,-0.19424
2055,-0.19464
2056,-0.1951
2057,-0.19527
2058,-0.19543
2059,-0.19596
2060,-0.19629
2061,-0.19671
2062,-0.19708
2063,-0.19747
2064,-0.19777
2065,-0.1981
2066,-0.19842
2067,-0.19854
2068,-0.19879
2069,-0.1991
2070,-0.19932
2071,-0.19956
2072,-0.19983
2073,-0.2
2074,-0.20025
2075,-0.20048
2076,-0.20072
2077,-0.20079
2078,-0.20089
2079,-0.20116
2080,-0.20134
2081,-0.20152
2082,-0.20151
2083,-0.20152
2084,-0.20176
2085,-0.20209
2086,-0.20211
2087,-0.20211
2088,-0.20221
2089,-0.20233
2090,-0.20229
2091,-0.20248
2092,-0.20252
2093,-0.20237
2094,-0.20248
2095,-0.20256
2096,-0.20249
2097,-0.20245
2098,-0.20252
2099,-0.2025
2100,-0.20232
2101,-0.20226
2102,-0.20235
2103,-0.20241
2104,-0.20228
2105,-0.20203
2106,-0.20208
2107,-0.20213
2108,-0.20206
2109,-0.20181
2110,-0.20159
2111,-0.20145
2112,-0.20134
2113,-0.20139
2114,-0.20123
2115,-0.20081
2116,-0.20062
2117,-0.20054
2118,-0.20032
2119,-0.2
2120,-0.19983
2121,-0.19962
2122,-0.19927
2123,-0.19911
2124,-0.19905
2125,-0.19886
2126,-0.19856
2127,-0.19818
2128,-0.19776
2129,-0.19735
2130,-0.19715
2131,-0.19686
2132,-0.1966
2133,-0.19609
2134,-0.19567
2135,-0.19529
2136,-0.19513
2137,-0.19474
2138,-0.19428
2139,-0.19394
2140,-0.19355
2141,-0.19309
2142,-0.19264
2143,-0.19226
2144,-0.19171
2145,-0.1912
2146,-0.19083
2147,-0.19042
2148,-0.18994
2149,-0.18949
2150,-0.18887
2151,-0.18823
2152,-0.18791
2153,-0.18747
2154,-0.18694
2155,-0.18635
2156,-0.18576
2157,-0.18512
2158,-0.18458
2159,-0.18422
2160,-0.18353
2161,-0.18281
2162,-0.18226
2163,-0.18166
2164,-0.18103
2165,-0.18038
2166,-0.1798
2167,-0.17929
2168,-0.17854
2169,-0.17791
2170,-0.17734
2171,-0.17669
2172,-0.17589
2173,-0.17516
2174,-0.17447
2175,-0.17382
2176,-0.17307
2177,-0.17248
2178,-0.17176
2179,-0.17108
2180,-0.17016
2181,-0.1694
2182,-0.16871
2183,-0.16798
2184,-0.16717
2185,-0.16639
2186,-0.16557
2187,-0.16481
2188,-0.16399
2189,-0.16321
2190,-0.16233
2191,-0.16135
2192,-0.16055
2193,-0.15984
2194,-0.159
2195,-0.15795
2196,-0.15716
2197,-0.15651
2198,-0.15581
2199,-0.15481
2200,-0.15381
2201,-0.15291
2202,-0.15198
2203,-0.15104
2204,-0.1503
2205,-0.14926
2206,-0.14829
2207,-0.1475
2208,-0.14657
2209,-0.14556
2210,-0.14453
2211,-0.14356
2212,-0.14261
2213,-0.14177
2214,-0.1408
2215,-0.1397
2216,-0.13861
2217,-0.13758
2218,-0.13664
2219,-0.13573
2220,-0.13468
2221,-0.13366
2222,-0.13264
2223,-0.13158
2224,-0.13065
2225,-0.12969
2226,-0.12869
2227,-0.12748
2228,-0.12643
2229,-0.12545
2230,-0.12447
2231,-0.12331
2232,-0.12214
2233,-0.12092
2234,-0.11977
2235,-0.11877
2236,-0.11775
2237,-0.11664
2238,-0.11554
2239,-0.11448
2240,-0.1133
2241,-0.11213
2242,-0.1111
2243,-0.10986
2244,-0.10861
2245,-0.10765
2246,-0.10647
2247,-0.10526
2248,-0.10419
2249,-0.10294
2250,-0.1016
2251,-0.10041
2252,-0.09933
2253,-0.09832
2254,-0.09715
2255,-0.09574
2256,-0.09484
2257,-0.09297
2258,-0.09227
2259,-0.09162
2260,-0.08971
2261,-0.08792
2262,-0.08709
2263,-0.08687
2264,-0.08625
2265,-0.08395
2266,-0.08261
2267,-0.08117
2268,-0.08017
2269,-0.07903
2270,-0.07771
2271,-0.07634
2272,-0.07502
2273,-0.07391
2274,-0.07274
2275,-0.0715
2276,-0.07017
2277,-0.06892
2278,-0.06767
2279,-0.06646
2280,-0.0652
2281,-0.06386
2282,-0.06259
2283,-0.06132
2284,-0.05989
2285,-0.05864
2286,-0.05737
2287,-0.05613
2288,-0.05483
2289,-0.05348
2290,-0.0522
2291,-0.05079
2292,-0.04948
2293,-0.04815
2294,-0.04682
2295,-0.04566
2296,-0.04435
2297,-0.04306
2298,-0.04184
2299,-0.04029
2300,-0.039
2301,-0.03761
2302,-0.03629
2303,-0.03518
2304,-0.03409
2305,-0.03277
2306,-0.03129
2307,-0.02981
2308,-0.02848
2309,-0.02723
2310,-0.02595
2311,-0.0246
2312,-0.02325
2313,-0.02195
2314,-0.02066
2315,-0.01924
2316,-0.01787
2317,-0.01658
2318,-0.01523
2319,-0.01377
2320,-0.01246
2321,-0.01132
2322,-0.01
2323,-0.00863
2324,-0.00716
2325,-0.00568
2326,-0.00426
2327,-0.00306
2328,-0.00185
2329,-0.00065
2330,0.00073
2331,0.00203
2332,0.00336
2333,0.00478
2334,0.00617
2335,0.00747
2336,0.00873
2337,0.0102
2338,0.01156
2339,0.01289
2340,0.01416
2341,0.01559
2342,0.01691
2343,0.01815
2344,0.01954
2345,0.02105
2346,0.02232
2347,0.02359
2348,0.02507
2349,0.02641
2350,0.0276
2351,0.02886
2352,0.03014
2353,0.03151
2354,0.0328
2355,0.03408
2356,0.03546
2357,0.03675
2358,0.03799
2359,0.03931
2360,0.0406
2361,0.04194
2362,0.04333
2363,0.04465
2364,0.04598
2365,0.04724
2366,0.04856
2367,0.04982
2368,0.05104
2369,0.05231
2370,0.05375
2371,0.05521
2372,0.05647
2373,0.05782
2374,0.0591
2375,0.06025
2376,0.06138
2377,0.06258
2378,0.06386
2379,0.06529
2380,0.06663
2381,0.06776
2382,0.06894
2383,0.07024
2384,0.0717
2385,0.07298
2386,0.07413
2387,0.07538
2388,0.07669
2389,0.07787
2390,0.07904
2391,0.08021
2392,0.08139
2393,0.08268
2394,0.08397
2395,0.08522
2396,0.08638
2397,0.08761
2398,0.08882
2399,0.09004
2400,0.09118
2401,0.09231
2402,0.09359
2403,0.09491
2404,0.09615
2405,0.09719
2406,0.09825
2407,0.09947
2408,0.10055
2409,0.10186
2410,0.10318
2411,0.10431
2412,0.10537
2413,0.1066
2414,0.10774
2415,0.10899
2416,0.11018
2417,0.11122
2418,0.11231
2419,0.11332
2420,0.11436
2421,0.11548
2422,0.11663
2423,0.11781
2424,0.11874
2425,0.11978
2426,0.12088
2427,0.12206
2428,0.12317
2429,0.12422
2430,0.12525
2431,0.12625
2432,0.12738
2433,0.12841
2434,0.12938
2435,0.13047
2436,0.13164
2437,0.13263
2438,0.13354
2439,0.13447
2440,0.13548
2441,0.13657
2442,0.13753
2443,0.13857
2444,0.13952
2445,0.14041
2446,0.14135
2447,0.1424
2448,0.14332
2449,0.14436
2450,0.14536
2451,0.14632
2452,0.14721
2453,0.14799
2454,0.14896
2455,0.15008
2456,0.15097
2457,0.15186
2458,0.15272
2459,0.1536
2460,0.15447
2461,0.15517
2462,0.15613
2463,0.15715
2464,0.15788
2465,0.15867
2466,0.15956
2467,0.16039
2468,0.16115
2469,0.1619
2470,0.16276
2471,0.16357
2472,0.16443
2473,0.16526
2474,0.16609
2475,0.16677
2476,0.16753
2477,0.16822
2478,0.16896
2479,0.16983
2480,0.17045
2481,0.17108
2482,0.17186
2483,0.17273
2484,0.17341
2485,0.17393
2486,0.17453
2487,0.17538
2488,0.17624
2489,0.17681
2490,0.17733
2491,0.17806
2492,0.17875
2493,0.17928
2494,0.1799
2495,0.18048
2496,0.18108
2497,0.18168
2498,0.18232
2499,0.18287
2500,0.18347
2501,0.18396
2502,0.18446
2503,0.18506
2504,0.18561
2505,0.18611
2506,0.18668
2507,0.18721
2508,0.18775
2509,0.18817
2510,0.18857
2511,0.18915
2512,0.18969
2513,0.19012
2514,0.19056
2515,0.191
2516,0.19137
2517,0.19188
2518,0.19219
2519,0.19267
2520,0.19309
2521,0.19337
2522,0.19372
2523,0.19424
2524,0.19457
2525,0.19504
2526,0.19537
2527,0.19567
2528,0.19581
2529,0.19591
2530,0.19635
2531,0.19673
2532,0.19702
2533,0.1974
2534,0.19767
2535,0.19802
2536,0.19832
2537,0.1984
2538,0.19856
2539,0.19883
2540,0.19899
2541,0.1991
2542,0.19934
2543,0.1996
2544,0.1998
2545,0.20002
2546,0.20013
2547,0.20031
2548,0.20049
2549,0.2007
2550,0.20057
2551,0.20064
2552,0.20081
2553,0.20106
2554,0.20104
2555,0.20097
2556,0.20116
2557,0.20127
2558,0.20121
2559,0.20122
2560,0.20138
2561,0.20134
2562,0.20133
2563,0.20131
2564,0.20116
2565,0.20105
2566,0.20106
2567,0.20098
2568,0.20096
2569,0.20121
2570,0.20121
2571,0.20093
2572,0.20074
2573,0.20058
2574,0.20045
2575,0.20033
2576,0.20025
2577,0.20018
2578,0.20005
2579,0.19987
2580,0.19976
2581,0.19968
2582,0.19953
2583,0.19919
2584,0.19894
2585,0.19872
2586,0.19864
2587,0.19841
2588,0.19802
2589,0.19768
2590,0.19754
2591,0.19734
2592,0.19697
2593,0.19658
2594,0.19627
2595,0.19602
2596,0.19576
2597,0.19544
2598,0.19524
2599,0.195
2600,0.1946
2601,0.19402
2602,0.19373
2603,0.19346
2604,0.19312
2605,0.19264
2606,0.19214
2607,0.19166
2608,0.19124
2609,0.19083
2610,0.19044
2611,0.19001
2612,0.18944
2613,0.18889
2614,0.18852
2615,0.18808
2616,0.18764
2617,0.18723
2618,0.18659
2619,0.18595
2620,0.18546
2621,0.18493
2622,0.18438
2623,0.18381
2624,0.18331
2625,0.18289
2626,0.18218
2627,0.18147
2628,0.18096
2629,0.1805
2630,0.17994
2631,0.17913
2632,0.17841
2633,0.17778
2634,0.17725
2635,0.17665
2636,0.17594
2637,0.17523
2638,0.17455
2639,0.17395
2640,0.17329
2641,0.17251
2642,0.17175
2643,0.1709
2644,0.17036
2645,0.16973
2646,0.16895
2647,0.16807
2648,0.16723
2649,0.16651
2650,0.1658
2651,0.16493
2652,0.16422
2653,0.16364
2654,0.16271
2655,0.16176
2656,0.16097
2657,0.16027
2658,0.1594
2659,0.15841
2660,0.15766
2661,0.15683
2662,0.15599
2663,0.15517
2664,0.1543
2665,0.15338
2666,0.15241
2667,0.15157
2668,0.15064
2669,0.14961
2670,0.14873
2671,0.14802
2672,0.14721
2673,0.14619
2674,0.14525
2675,0.14436
2676,0.14347
2677,0.14242
2678,0.14133
2679,0.14022
2680,0.13934
2681,0.13841
2682,0.13742
2683,0.13635
2684,0.13535
2685,0.1343
2686,0.13332
2687,0.13236
2688,0.13143
2689,0.13042
2690,0.12938
2691,0.12824
2692,0.12725
2693,0.12627
2694,0.12512
2695,0.12403
2696,0.12289
2697,0.12186
2698,0.12086
2699,0.11965
2700,0.11841
2701,0.11756
2702,0.11668
2703,0.1155
2704,0.11418
2705,0.11306
2706,0.11206
2707,0.11093
2708,0.10984
2709,0.10876
2710,0.1076
2711,0.10623
2712,0.10515
2713,0.10406
2714,0.10287
2715,0.10176
2716,0.10056
2717,0.09939
2718,0.09818
2719,0.097
2720,0.09582
2721,0.09448
2722,0.09327
2723,0.09219
2724,0.0912
2725,0.09007
2726,0.08877
2727,0.0874
2728,0.08627
2729,0.08521
2730,0.08396
2731,0.0826
2732,0.08141
2733,0.08024
2734,0.07894
2735,0.0777
2736,0.07645
2737,0.07517
2738,0.074
2739,0.07275
2740,0.07147
2741,0.07013
2742,0.06892
2743,0.06761
2744,0.06639
2745,0.06517
2746,0.06388
2747,0.06257
2748,0.06126
2749,0.06009
2750,0.05879
2751,0.05744
2752,0.05607
2753,0.0547
2754,0.05342
2755,0.05239
2756,0.05122
2757,0.04977
2758,0.04831
2759,0.0471
2760,0.04593
2761,0.04456
2762,0.04318
2763,0.04183
2764,0.04064
2765,0.03928
2766,0.038
2767,0.0367
2768,0.03535
2769,0.03396
2770,0.03272
2771,0.03149
2772,0.03009
2773,0.02868
2774,0.02728
2775,0.02598
2776,0.02489
2777,0.02351
2778,0.02204
2779,0.02053
2780,0.01925
2781,0.01815
2782,0.0168
2783,0.01525
2784,0.01396
2785,0.0127
2786,0.01148
2787,0.01012
2788,0.00876
2789,0.00742
2790,0.00602
2791,0.00467
2792,0.00335
2793,0.00215
2794,0.00091
2795,-0.0004
2796,-0.00182
2797,-0.00324
2798,-0.00457
2799,-0.0059
2800,-0.00726
2801,-0.00854
2802,-0.00986
2803,-0.01116
2804,-0.0125
2805,-0.01375
2806,-0.01506
2807,-0.01659
2808,-0.01794
2809,-0.01918
2810,-0.02045
2811,-0.02183
2812,-0.02315
2813,-0.02459
2814,-0.02593
2815,-0.02719
2816,-0.02834
2817,-0.02977
2818,-0.03116
2819,-0.03246
2820,-0.03361
2821,-0.03489
2822,-0.03629
2823,-0.03767
2824,-0.039
2825,-0.0404
2826,-0.04177
2827,-0.04299
2828,-0.04423
2829,-0.04548
2830,-0.04683
2831,-0.04819
2832,-0.04941
2833,-0.05056
2834,-0.05182
2835,-0.05335
2836,-0.05464
2837,-0.05595
2838,-0.05726
2839,-0.05851
2840,-0.05959
2841,-0.06082
2842,-0.06226
2843,-0.06348
2844,-0.06477
2845,-0.06605
2846,-0.06746
2847,-0.06868
2848,-0.06987
2849,-0.07115
2850,-0.07242
2851,-0.07364
2852,-0.07624
2853,-0.07755
2854,-0.07868
2855,-0.07985
2856,-0.0809
2857,-0.08244
2858,-0.08345
2859,-0.08503
2860,-0.08704
2861,-0.08817
2862,-0.08884
2863,-0.09009
2864,-0.09161
2865,-0.09204
2866,-0.09252
2867,-0.09427
2868,-0.09545
2869,-0.09669
2870,-0.09787
2871,-0.09906
2872,-0.10022
2873,-0.10137
2874,-0.10249
2875,-0.10361
2876,-0.10461
2877,-0.10588
2878,-0.10717
2879,-0.10835
2880,-0.10949
2881,-0.11064
2882,-0.11163
2883,-0.11284
2884,-0.11411
2885,-0.11527
2886,-0.11629
2887,-0.11727
2888,-0.11827
2889,-0.11944
2890,-0.12058
2891,-0.12157
2892,-0.12272
2893,-0.12379
2894,-0.12471
2895,-0.12576
2896,-0.12689
2897,-0.12806
2898,-0.12909
2899,-0.13013
2900,-0.13112
2901,-0.13213
2902,-0.13323
2903,-0.13429
2904,-0.1352
2905,-0.13618
2906,-0.13723
2907,-0.13825
2908,-0.13926
2909,-0.14016
2910,-0.14113
2911,-0.14203
2912,-0.14289
2913,-0.14397
2914,-0.14515
2915,-0.14601
2916,-0.14681
2917,-0.14761
2918,-0.14846
2919,-0.1496
2920,-0.15055
2921,-0.15158
2922,-0.15235
2923,-0.15308
2924,-0.15397
2925,-0.15483
2926,-0.15567
2927,-0.15661
2928,-0.15745
2929,-0.15838
2930,-0.15928
2931,-0.16013
2932,-0.16096
2933,-0.16175
2934,-0.16255
2935,-0.16335
2936,-0.1642
2937,-0.1649
2938,-0.16564
2939,-0.16646
2940,-0.16735
2941,-0.16804
2942,-0.16868
2943,-0.16939
2944,-0.17029
2945,-0.17103
2946,-0.17174
2947,-0.17248
2948,-0.17319
2949,-0.17384
2950,-0.17455
2951,-0.1752
2952,-0.17584
2953,-0.17648
2954,-0.17715
2955,-0.17777
2956,-0.1785
2957,-0.17913
2958,-0.17971
2959,-0.18034
2960,-0.18094
2961,-0.18154
2962,-0.1821
2963,-0.18271
2964,-0.18327
2965,-0.18381
2966,-0.18442
2967,-0.18499
2968,-0.18557
2969,-0.18601
2970,-0.18655
2971,-0.187
2972,-0.18752
2973,-0.18803
2974,-0.18862
2975,-0.18904
2976,-0.18942
2977,-0.18997
2978,-0.19046
2979,-0.19093
2980,-0.19143
2981,-0.19181
2982,-0.19215
2983,-0.1927
2984,-0.19302
2985,-0.19334
2986,-0.19381
2987,-0.19417
2988,-0.19463
2989,-0.1949
2990,-0.19523
2991,-0.19563
2992,-0.19594
2993,-0.19636
2994,-0.19661
2995,-0.19681
2996,-0.19723
2997,-0.19744
2998,-0.1977
2999,-0.1979
3000,-0.19819
3001,-0.19834
3002,-0.19856
3003,-0.19881
3004,-0.1991
3005,-0.19941
3006,-0.19977
3007,-0.19987
3008,-0.20005
3009,-0.20012
3010,-0.20024
3011,-0.20041
3012,-0.20061
3013,-0.20079
3014,-0.20077
3015,-0.20098
3016,-0.20105
3017,-0.20117
3018,-0.20129
3019,-0.20139
3020,-0.20136
3021,-0.20149
3022,-0.20152
3023,-0.20158
3024,-0.20165
3025,-0.20154
3026,-0.20142
3027,-0.20146
3028,-0.20159
3029,-0.20138
3030,-0.20119
3031,-0.20122
3032,-0.20147
3033,-0.20148
3034,-0.20125
3035,-0.20104
3036,-0.20099
3037,-0.20097
3038,-0.20081
3039,-0.20091
3040,-0.20069
3041,-0.20059
3042,-0.20045
3043,-0.20045
3044,-0.20033
3045,-0.20002
3046,-0.1998
3047,-0.19952
3048,-0.19928
3049,-0.1991
3050,-0.199
3051,-0.19887
3052,-0.19858
3053,-0.19833
3054,-0.19808
3055,-0.19782
3056,-0.19735
3057,-0.1969
3058,-0.19681
3059,-0.19652
3060,-0.19614
3061,-0.19589
3062,-0.19571
3063,-0.19532
3064,-0.19491
3065,-0.19467
3066,-0.19435
3067,-0.19402
3068,-0.19355
3069,-0.19306
3070,-0.19265
3071,-0.19235
3072,-0.19194
3073,-0.1915
3074,-0.19119
3075,-0.19061
3076,-0.19007
3077,-0.18965
3078,-0.1892
3079,-0.18884
3080,-0.18832
3081,-0.18781
3082,-0.18738
3083,-0.18682
3084,-0.18623
3085,-0.18566
3086,-0.18516
3087,-0.18461
3088,-0.18407
3089,-0.18358
3090,-0.18309
3091,-0.18233
3092,-0.18174
3093,-0.18113
3094,-0.18071
3095,-0.17997
3096,-0.17921
3097,-0.17865
3098,-0.178
3099,-0.17732
3100,-0.17671
3101,-0.17619
3102,-0.17536
3103,-0.17458
3104,-0.17406
3105,-0.17339
3106,-0.17268
3107,-0.17195
3108,-0.17118
3109,-0.17046
3110,-0.16977
3111,-0.16902
3112,-0.1683
3113,-0.16755
3114,-0.16688
3115,-0.16603
3116,-0.1651
3117,-0.16432
3118,-0.16365
3119,-0.16284
3120,-0.16211
3121,-0.16134
3122,-0.16049
3123,-0.15965
3124,-0.15871
3125,-0.15774
3126,-0.15688
3127,-0.1561
3128,-0.15527
3129,-0.15434
3130,-0.15343
3131,-0.15255
3132,-0.15177
3133,-0.15084
3134,-0.14987
3135,-0.14889
3136,-0.148
3137,-0.14713
3138,-0.14632
3139,-0.14545
3140,-0.14442
3141,-0.14344
3142,-0.14253
3143,-0.14162
3144,-0.14054
3145,-0.13952
3146,-0.13854
3147,-0.13758
3148,-0.13675
3149,-0.13578
3150,-0.13461
3151,-0.13367
3152,-0.13279
3153,-0.13183
3154,-0.13053
3155,-0.12935
3156,-0.12837
3157,-0.12736
3158,-0.12639
3159,-0.12525
3160,-0.12432
3161,-0.12326
3162,-0.1221
3163,-0.121
3164,-0.11994
3165,-0.11898
3166,-0.11779
3167,-0.11657
3168,-0.11532
3169,-0.11435
3170,-0.11324
3171,-0.11226
3172,-0.11123
3173,-0.11023
3174,-0.10906
3175,-0.10778
3176,-0.10658
3177,-0.10553
3178,-0.10439
3179,-0.10304
3180,-0.10198
3181,-0.10087
3182,-0.09957
3183,-0.09829
3184,-0.09725
3185,-0.09619
3186,-0.09466
3187,-0.09377
3188,-0.09255
3189,-0.09051
3190,-0.0891
3191,-0.0881
3192,-0.08677
3193,-0.0859
3194,-0.08597
3195,-0.08508
3196,-0.08298
3197,-0.08164
3198,-0.08055
3199,-0.07932
3200,-0.07807
3201,-0.07676
3202,-0.07547
3203,-0.07432
3204,-0.07313
3205,-0.07177
3206,-0.0705
3207,-0.06919
3208,-0.06785
3209,-0.06671
3210,-0.06558
3211,-0.06428
3212,-0.06286
3213,-0.06151
3214,-0.06045
3215,-0.05922
3216,-0.058
3217,-0.05664
3218,-0.05524
3219,-0.05407
3220,-0.05268
3221,-0.05129
3222,-0.04992
3223,-0.04871
3224,-0.04749
3225,-0.04612
3226,-0.04497
3227,-0.04361
3228,-0.04224
3229,-0.04094
3230,-0.03963
3231,-0.03832
3232,-0.03706
3233,-0.03585
3234,-0.03454
3235,-0.03314
3236,-0.03181
3237,-0.03052
3238,-0.02925
3239,-0.02809
3240,-0.02661
3241,-0.02501
3242,-0.02375
3243,-0.02255
3244,-0.02123
3245,-0.01986
3246,-0.01859
3247,-0.01728
3248,-0.01596
3249,-0.01462
3250,-0.01326
3251,-0.01197
3252,-0.01082
3253,-0.00934
3254,-0.00794
3255,-0.00661
3256,-0.00543
3257,-0.00407
3258,-0.00263
3259,-0.00123
3260,-0.00012
3261,0.00122
3262,0.00285
3263,0.00412
3264,0.00528
3265,0.00673
3266,0.00809
3267,0.00935
3268,0.01074
3269,0.01211
3270,0.01338
3271,0.01459
3272,0.01605
3273,0.01731
3274,0.01857
3275,0.01997
3276,0.02132
3277,0.0226
3278,0.024
3279,0.02528
3280,0.02656
3281,0.02783
3282,0.02915
3283,0.03055
3284,0.0318
3285,0.03314
3286,0.03452
3287,0.03585
3288,0.03725
3289,0.0386
3290,0.03979
3291,0.04109
3292,0.04231
3293,0.04368
3294,0.04509
3295,0.04638
3296,0.04763
3297,0.04884
3298,0.05021
3299,0.05159
3300,0.05288
3301,0.05413
3302,0.05534
3303,0.05654
3304,0.05781
3305,0.05901
3306,0.06031
3307,0.06167
3308,0.06305
3309,0.06431
3310,0.0656
3311,0.06678
3312,0.06802
3313,0.06921
3314,0.07046
3315,0.0718
3316,0.07311
3317,0.07426
3318,0.07548
3319,0.07671
3320,0.07803
3321,0.07928
3322,0.08046
3323,0.08169
3324,0.08301
3325,0.08418
3326,0.08531
3327,0.08648
3328,0.08793
3329,0.08898
3330,0.09026
3331,0.09155
3332,0.09276
3333,0.09373
3334,0.09476
3335,0.09588
3336,0.09722
3337,0.09851
3338,0.09973
3339,0.10083
3340,0.10196
3341,0.10303
3342,0.1042
3343,0.10544
3344,0.10644
3345,0.10751
3346,0.10878
3347,0.10996
3348,0.11089
3349,0.11198
3350,0.11322
3351,0.11438
3352,0.11539
3353,0.11647
3354,0.11766
3355,0.11872
3356,0.11976
3357,0.12082
3358,0.12201
3359,0.12311
3360,0.1241
3361,0.12505
3362,0.12616
3363,0.12722
3364,0.12827
3365,0.12931
3366,0.13039
3367,0.1312
3368,0.1322
3369,0.13332
3370,0.13431
3371,0.13527
3372,0.13643
3373,0.13748
3374,0.13835
3375,0.13918
3376,0.14012
3377,0.14115
3378,0.14228
3379,0.14322
3380,0.14414
3381,0.145
3382,0.14586
3383,0.14678
3384,0.14791
3385,0.14876
3386,0.14955
3387,0.15037
3388,0.15138
3389,0.15226
3390,0.15309
3391,0.15396
3392,0.15486
3393,0.15573
3394,0.15666
3395,0.15741
3396,0.15831
3397,0.15912
3398,0.15985
3399,0.16072
3400,0.16157
3401,0.16242
3402,0.16319
3403,0.16386
3404,0.16473
3405,0.16556
3406,0.16627
3407,0.16694
3408,0.16771
3409,0.16862
3410,0.16936
3411,0.17004
3412,0.17068
3413,0.17138
3414,0.17215
3415,0.17283
3416,0.17361
3417,0.17422
3418,0.17475
3419,0.17537
3420,0.17613
3421,0.17694
3422,0.17746
3423,0.17802
3424,0.17872
3425,0.17936
3426,0.18001
3427,0.18039
3428,0.18094
3429,0.18161
3430,0.18228
3431,0.18277
3432,0.1833
3433,0.18383
3434,0.18428
3435,0.18483
3436,0.18555
3437,0.18606
3438,0.18635
3439,0.18687
3440,0.18741
3441,0.18795
3442,0.1886
3443,0.18899
3444,0.18934
3445,0.18981
3446,0.19035
3447,0.19081
3448,0.19115
3449,0.1915
3450,0.19187
3451,0.19231
3452,0.19252
3453,0.19293
3454,0.19335
3455,0.19368
3456,0.19401
3457,0.19441
3458,0.19479
3459,0.19518
3460,0.1954
3461,0.1956
3462,0.19591
3463,0.19631
3464,0.19652
3465,0.19661
3466,0.19689
3467,0.19721
3468,0.19739
3469,0.19753
3470,0.19783
3471,0.19809
3472,0.19832
3473,0.19852
3474,0.19873
3475,0.19897
3476,0.1991
3477,0.19918
3478,0.19922
3479,0.19953
3480,0.19963
3481,0.19954
3482,0.1997
3483,0.19992
3484,0.20003
3485,0.20015
3486,0.20019
3487,0.20018
3488,0.20014
3489,0.20009
3490,0.20013
3491,0.20022
3492,0.20015
3493,0.2003
3494,0.20035
3495,0.20035
3496,0.20022
3497,0.20012
3498,0.19992
3499,0.19998
3500,0.2001
3501,0.20003
3502,0.19998
3503,0.19976
3504,0.19963
3505,0.19953
3506,0.19937
3507,0.19918
3508,0.1991
3509,0.19907
3510,0.19883
3511,0.19854
3512,0.19837
3513,0.19831
3514,0.19813
3515,0.19779
3516,0.19759
3517,0.19749
3518,0.19744
3519,0.19712
3520,0.19665
3521,0.19637
3522,0.19628
3523,0.19602
3524,0.19567
3525,0.19526
3526,0.19508
3527,0.19478
3528,0.19436
3529,0.19392
3530,0.19366
3531,0.19327
3532,0.19286
3533,0.19247
3534,0.19213
3535,0.19166
3536,0.19139
3537,0.19097
3538,0.19057
3539,0.1901
3540,0.18975
3541,0.1894
3542,0.1889
3543,0.18835
3544,0.18779
3545,0.18732
3546,0.18682
3547,0.18635
3548,0.18591
3549,0.18541
3550,0.18492
3551,0.18452
3552,0.18389
3553,0.18316
3554,0.18263
3555,0.18212
3556,0.18157
3557,0.18096
3558,0.18035
3559,0.17978
3560,0.17919
3561,0.17852
3562,0.17791
3563,0.17735
3564,0.17669
3565,0.17614
3566,0.17543
3567,0.1747
3568,0.17395
3569,0.17333
3570,0.17276
3571,0.17213
3572,0.17143
3573,0.17067
3574,0.16989
3575,0.16928
3576,0.16848
3577,0.16771
3578,0.16683
3579,0.16606
3580,0.16542
3581,0.16471
3582,0.16373
3583,0.16306
3584,0.16231
3585,0.16138
3586,0.16067
3587,0.15983
3588,0.15903
3589,0.15821
3590,0.15732
3591,0.15644
3592,0.15562
3593,0.15491
3594,0.15388
3595,0.15288
3596,0.15217
3597,0.15129
3598,0.15042
3599,0.14947
3600,0.14861
3601,0.14773
3602,0.14693
3603,0.14596
3604,0.14501
3605,0.144
3606,0.14305
3607,0.14218
3608,0.14125
3609,0.14021
3610,0.13921
3611,0.13825
3612,0.13722
3613,0.13624
3614,0.13522
3615,0.13434
3616,0.13326
3617,0.13212
3618,0.13106
3619,0.13013
3620,0.12916
3621,0.12809
3622,0.12695
3623,0.12593
3624,0.12496
3625,0.12395
3626,0.12296
3627,0.12184
3628,0.12061
3629,0.11956
3630,0.11868
3631,0.11761
3632,0.11645
3633,0.11527
3634,0.11415
3635,0.1132
3636,0.11193
3637,0.11083
3638,0.10973
3639,0.10852
3640,0.10741
3641,0.10643
3642,0.10534
3643,0.10408
3644,0.103
3645,0.1019
3646,0.1008
3647,0.09965
3648,0.09849
3649,0.09719
3650,0.09609
3651,0.09493
3652,0.09354
3653,0.09227
3654,0.09122
3655,0.09002
3656,0.08876
3657,0.08747
3658,0.08638
3659,0.08528
3660,0.08408
3661,0.08283
3662,0.08162
3663,0.08039
3664,0.07916
3665,0.07792
3666,0.0768
3667,0.07538
3668,0.07408
3669,0.07286
3670,0.07167
3671,0.07041
3672,0.06909
3673,0.06793
3674,0.06681
3675,0.06548
3676,0.06424
3677,0.06296
3678,0.06177
3679,0.06038
3680,0.05907
3681,0.05795
3682,0.05671
3683,0.05531
3684,0.05405
3685,0.05268
3686,0.05133
3687,0.05002
3688,0.04867
3689,0.04759
3690,0.04654
3691,0.04506
3692,0.04376
3693,0.04238
3694,0.04104
3695,0.03974
3696,0.03848
3697,0.03722
3698,0.03593
3699,0.03462
3700,0.03328
3701,0.03183
3702,0.0306
3703,0.02935
3704,0.02796
3705,0.0266
3706,0.02531
3707,0.02404
3708,0.02274
3709,0.02132
3710,0.01995
3711,0.01865
3712,0.01728
3713,0.01602
3714,0.01483
3715,0.01344
3716,0.01204
3717,0.01061
3718,0.00941
3719,0.00812
3720,0.00696
3721,0.00566
3722,0.00425
3723,0.00274
3724,0.00145
3725,0.00013
3726,-0.00125
3727,-0.00244
3728,-0.00381
3729,-0.0051
3730,-0.00645
3731,-0.00778
3732,-0.00914
3733,-0.01037
3734,-0.01163
3735,-0.01308
3736,-0.01445
3737,-0.01568
3738,-0.01705
3739,-0.01846
3740,-0.01983
3741,-0.02115
3742,-0.02238
3743,-0.02361
3744,-0.02497
3745,-0.02633
3746,-0.02776
3747,-0.0291
3748,-0.03032
3749,-0.03154
3750,-0.03278
3751,-0.03426
3752,-0.03572
3753,-0.03687
3754,-0.03803
3755,-0.03944
3756,-0.04093
3757,-0.04231
3758,-0.04355
3759,-0.04473
3760,-0.04605
3761,-0.04732
3762,-0.04857
3763,-0.04986
3764,-0.05117
3765,-0.05249
3766,-0.05381
3767,-0.055
3768,-0.05628
3769,-0.05754
3770,-0.05881
3771,-0.06013
3772,-0.06159
3773,-0.0628
3774,-0.06388
3775,-0.06513
3776,-0.06641
3777,-0.06773
3778,-0.06905
3779,-0.07027
3780,-0.07147
3781,-0.07268
3782,-0.07395
3783,-0.07522
3784,-0.07652
3785,-0.07788
3786,-0.07896
3787,-0.0801
3788,-0.08152
3789,-0.08246
3790,-0.08423
3791,-0.08475
3792,-0.08621
3793,-0.08822
3794,-0.08975
3795,-0.09038
3796,-0.09048
3797,-0.09091
3798,-0.09305
3799,-0.09458
3800,-0.09584
3801,-0.09672
3802,-0.09789
3803,-0.09919
3804,-0.10029
3805,-0.10158
3806,-0.10269
3807,-0.10396
3808,-0.10513
3809,-0.10617
3810,-0.10729
3811,-0.10839
3812,-0.10952
3813,-0.11068
3814,-0.11177
3815,-0.11281
3816,-0.11395
3817,-0.1151
3818,-0.11619
3819,-0.11726
3820,-0.11837
3821,-0.11951
3822,-0.12056
3823,-0.12143
3824,-0.12265
3825,-0.12378
3826,-0.12477
3827,-0.12584
3828,-0.12681
3829,-0.12791
3830,-0.12903
3831,-0.13
3832,-0.13103
3833,-0.13189
3834,-0.13286
3835,-0.1341
3836,-0.13508
3837,-0.13594
3838,-0.13699
3839,-0.13816
3840,-0.13928
3841,-0.14006
3842,-0.1409
3843,-0.14187
3844,-0.14281
3845,-0.14377
3846,-0.1447
3847,-0.14553
3848,-0.14657
3849,-0.14751
3850,-0.14843
3851,-0.14952
3852,-0.15027
3853,-0.15112
3854,-0.1521
3855,-0.153
3856,-0.15376
3857,-0.15456
3858,-0.15536
3859,-0.15626
3860,-0.15717
3861,-0.15797
3862,-0.15876
3863,-0.1596
3864,-0.16053
3865,-0.16128
3866,-0.16221
3867,-0.16298
3868,-0.16364
3869,-0.16445
3870,-0.16519
3871,-0.16586
3872,-0.16669
3873,-0.16755
3874,-0.16838
3875,-0.16916
3876,-0.16981
3877,-0.17053
3878,-0.17126
3879,-0.17197
3880,-0.17259
3881,-0.17323
3882,-0.17374
3883,-0.17446
3884,-0.17528
3885,-0.17598
3886,-0.17668
3887,-0.17716
3888,-0.17781
3889,-0.17839
3890,-0.17906
3891,-0.17978
3892,-0.18033
3893,-0.18091
3894,-0.18146
3895,-0.18216
3896,-0.1827
3897,-0.18321
3898,-0.18374
3899,-0.18429
3900,-0.18494
3901,-0.18527
3902,-0.18571
3903,-0.1863
3904,-0.1869
3905,-0.18747
3906,-0.1879
3907,-0.18837
3908,-0.18887
3909,-0.18935
3910,-0.18993
3911,-0.19027
3912,-0.19053
3913,-0.19106
3914,-0.19142
3915,-0.19174
3916,-0.19214
3917,-0.19261
3918,-0.19313
3919,-0.19347
3920,-0.19381
3921,-0.19423
3922,-0.19461
3923,-0.19489
3924,-0.19507
3925,-0.19531
3926,-0.19565
3927,-0.19601
3928,-0.19631
3929,-0.19667
3930,-0.19697
3931,-0.19708
3932,-0.19713
3933,-0.19748
3934,-0.19771
3935,-0.1979
3936,-0.19826
3937,-0.19855
3938,-0.19875
3939,-0.1988
3940,-0.19871
3941,-0.1988
3942,-0.19908
3943,-0.19945
3944,-0.19961
3945,-0.19974
3946,-0.19987
3947,-0.19999
3948,-0.2001
3949,-0.20022
3950,-0.20029
3951,-0.20034
3952,-0.20035
3953,-0.20042
3954,-0.20046
3955,-0.20042
3956,-0.20037
3957,-0.20054
3958,-0.20054
3959,-0.20059
3960,-0.20057
3961,-0.20046
3962,-0.20032
3963,-0.20032
3964,-0.20042
3965,-0.20035
3966,-0.20015
3967,-0.19998
3968,-0.19998
3969,-0.19998
3970,-0.19987
3971,-0.19971
3972,-0.19969
3973,-0.19944
3974,-0.1995
3975,-0.19939
3976,-0.19907
3977,-0.1988
3978,-0.19853
3979,-0.19833
3980,-0.19822
3981,-0.19807
3982,-0.19787
3983,-0.19768
3984,-0.19732
3985,-0.19694
3986,-0.19671
3987,-0.19663
3988,-0.19627
3989,-0.19603
3990,-0.19576
3991,-0.19545
3992,-0.19519
3993,-0.19492
3994,-0.19458
3995,-0.19412
3996,-0.19377
3997,-0.19348
3998,-0.19303
3999,-0.19271
4000,-0.19232
4001,-0.19205
4002,-0.1916
4003,-0.19121
4004,-0.19065
4005,-0.19029
4006,-0.1899
4007,-0.18952
4008,-0.18895
4009,-0.18853
4010,-0.18826
4011,-0.18767
4012,-0.187
4013,-0.18648
4014,-0.18603
4015,-0.18554
4016,-0.18491
4017,-0.18439
4018,-0.18403
4019,-0.18334
4020,-0.18278
4021,-0.18224
4022,-0.18176
4023,-0.18117
4024,-0.18061
4025,-0.17997
4026,-0.1792
4027,-0.17858
4028,-0.17797
4029,-0.17727
4030,-0.17668
4031,-0.17618
4032,-0.17544
4033,-0.17475
4034,-0.1741
4035,-0.17353
4036,-0.1728
4037,-0.17205
4038,-0.17145
4039,-0.17068
4040,-0.16997
4041,-0.16928
4042,-0.16861
4043,-0.16778
4044,-0.16701
4045,-0.16626
4046,-0.16551
4047,-0.16474
4048,-0.16403
4049,-0.16321
4050,-0.16236
4051,-0.16158
4052,-0.16086
4053,-0.15994
4054,-0.15908
4055,-0.15824
4056,-0.15747
4057,-0.15674
4058,-0.15583
4059,-0.15487
4060,-0.15396
4061,-0.15319
4062,-0.15242
4063,-0.1514
4064,-0.15033
4065,-0.14939
4066,-0.14864
4067,-0.14775
4068,-0.14683
4069,-0.14596
4070,-0.1451
4071,-0.14419
4072,-0.1432
4073,-0.14215
4074,-0.14118
4075,-0.14023
4076,-0.13917
4077,-0.13833
4078,-0.1375
4079,-0.13646
4080,-0.13531
4081,-0.13425
4082,-0.13337
4083,-0.13232
4084,-0.13129
4085,-0.13025
4086,-0.12946
4087,-0.12838
4088,-0.12708
4089,-0.12588
4090,-0.12497
4091,-0.12397
4092,-0.123
4093,-0.12194
4094,-0.1208
4095,-0.11977
4096,-0.11876
4097,-0.11752
4098,-0.11653
4099,-0.11561
4100,-0.11468
4101,-0.11336
4102,-0.11215
4103,-0.111
4104,-0.10995
4105,-0.10885
4106,-0.10761
4107,-0.10641
4108,-0.10526
4109,-0.10426
4110,-0.10319
4111,-0.10203
4112,-0.10073
4113,-0.09948
4114,-0.09844
4115,-0.0974
4116,-0.09588
4117,-0.09492
4118,-0.09324
4119,-0.09253
4120,-0.09183
4121,-0.0899
4122,-0.0881
4123,-0.08724
4124,-0.087
4125,-0.08664
4126,-0.08482
4127,-0.08295
4128,-0.08166
4129,-0.08065
4130,-0.07961
4131,-0.07834
4132,-0.07706
4133,-0.07584
4134,-0.07452
4135,-0.0733
4136,-0.07195
4137,-0.07071
4138,-0.06941
4139,-0.06813
4140,-0.0669
4141,-0.06574
4142,-0.06442
4143,-0.06306
4144,-0.06187
4145,-0.06059
4146,-0.05926
4147,-0.05803
4148,-0.05669
4149,-0.05535
4150,-0.05423
4151,-0.05315
4152,-0.05173
4153,-0.05043
4154,-0.04906
4155,-0.04776
4156,-0.04658
4157,-0.04526
4158,-0.04386
4159,-0.04264
4160,-0.04143
4161,-0.04011
4162,-0.0389
4163,-0.03747
4164,-0.03606
4165,-0.03481
4166,-0.03368
4167,-0.03227
4168,-0.03092
4169,-0.0296
4170,-0.02824
4171,-0.02702
4172,-0.02564
4173,-0.02412
4174,-0.02291
4175,-0.02181
4176,-0.02041
4177,-0.01901
4178,-0.01766
4179,-0.01638
4180,-0.0151
4181,-0.01379
4182,-0.01236
4183,-0.01091
4184,-0.00964
4185,-0.00844
4186,-0.00721
4187,-0.00581
4188,-0.00445
4189,-0.00311
4190,-0.00172
4191,-0.00046
4192,0.00091
4193,0.00215
4194,0.00348
4195,0.00486
4196,0.00614
4197,0.00748
4198,0.00874
4199,0.01018
4200,0.01165
4201,0.01278
4202,0.01401
4203,0.01535
4204,0.01668
4205,0.01792
4206,0.01922
4207,0.02049
4208,0.02196
4209,0.02346
4210,0.02461
4211,0.02575
4212,0.02715
4213,0.02861
4214,0.02979
4215,0.03107
4216,0.03243
4217,0.03383
4218,0.03529
4219,0.03668
4220,0.03791
4221,0.03909
4222,0.04042
4223,0.04175
4224,0.04286
4225,0.04412
4226,0.04543
4227,0.04682
4228,0.04809
4229,0.04937
4230,0.0507
4231,0.05194
4232,0.05308
4233,0.05443
4234,0.05577
4235,0.05704
4236,0.05833
4237,0.05963
4238,0.06091
4239,0.06212
4240,0.06346
4241,0.06481
4242,0.06606
4243,0.06718
4244,0.06834
4245,0.06967
4246,0.0709
4247,0.07202
4248,0.07337
4249,0.07479
4250,0.07598
4251,0.07714
4252,0.07837
4253,0.07964
4254,0.08076
4255,0.082
4256,0.08331
4257,0.08452
4258,0.08572
4259,0.08686
4260,0.08789
4261,0.08911
4262,0.09028
4263,0.09152
4264,0.09274
4265,0.09404
4266,0.09509
4267,0.0962
4268,0.09737
4269,0.09858
4270,0.09983
4271,0.101
4272,0.10212
4273,0.10341
4274,0.10451
4275,0.10559
4276,0.10676
4277,0.108
4278,0.10901
4279,0.10996
4280,0.11108
4281,0.11224
4282,0.11326
4283,0.11441
4284,0.11555
4285,0.1166
4286,0.11765
4287,0.11895
4288,0.12002
4289,0.12106
4290,0.12203
4291,0.12322
4292,0.12421
4293,0.12519
4294,0.12626
4295,0.1273
4296,0.12811
4297,0.12914
4298,0.13024
4299,0.13131
4300,0.13236
4301,0.13328
4302,0.13437
4303,0.1354
4304,0.13637
4305,0.13733
4306,0.13834
4307,0.13914
4308,0.14016
4309,0.14125
4310,0.14205
4311,0.14296
4312,0.14395
4313,0.14502
4314,0.1459
4315,0.14673
4316,0.1477
4317,0.14841
4318,0.14924
4319,0.15022
4320,0.15136
4321,0.15218
4322,0.15291
4323,0.15363
4324,0.15457
4325,0.15554
4326,0.15641
4327,0.1572
4328,0.15803
4329,0.15882
4330,0.15964
4331,0.16045
4332,0.16114
4333,0.16199
4334,0.16283
4335,0.16362
4336,0.16435
4337,0.16498
4338,0.16578
4339,0.1666
4340,0.16736
4341,0.16801
4342,0.16872
4343,0.16944
4344,0.17018
4345,0.17101
4346,0.17155
4347,0.17212
4348,0.17291
4349,0.17367
4350,0.17426
4351,0.175
4352,0.17567
4353,0.17633
4354,0.17681
4355,0.17751
4356,0.17812
4357,0.17862
4358,0.17927
4359,0.17993
4360,0.18056
4361,0.18106
4362,0.18154
4363,0.18233
4364,0.18293
4365,0.18331
4366,0.18394
4367,0.18441
4368,0.1848
4369,0.18541
4370,0.18589
4371,0.18638
4372,0.18683
4373,0.18738
4374,0.18788
4375,0.18832
4376,0.18858
4377,0.18892
4378,0.1894
4379,0.19
4380,0.19042
4381,0.1907
4382,0.19105
4383,0.19151
4384,0.19183
4385,0.19227
4386,0.19263
4387,0.19302
4388,0.19336
4389,0.19356
4390,0.19399
4391,0.19435
4392,0.19459
4393,0.19486
4394,0.1951
4395,0.19542
4396,0.19568
4397,0.19604
4398,0.19619
4399,0.19646
4400,0.19667
4401,0.19684
4402,0.19705
4403,0.19709
4404,0.19718
4405,0.19748
4406,0.19779
4407,0.19806
4408,0.19821
4409,0.19816
4410,0.19829
4411,0.19851
4412,0.19868
4413,0.19872
4414,0.19889
4415,0.19902
4416,0.199
4417,0.19899
4418,0.19896
4419,0.19916
4420,0.19925
4421,0.19913
4422,0.19918
4423,0.19925
4424,0.19921
4425,0.19915
4426,0.19916
4427,0.19919
4428,0.19923
4429,0.19918
4430,0.19904
4431,0.19915
4432,0.19907
4433,0.19893
4434,0.19883
4435,0.19866
4436,0.19853
4437,0.19842
4438,0.19828
4439,0.19816
4440,0.19812
4441,0.19788
4442,0.19765
4443,0.19743
4444,0.19725
4445,0.19714
4446,0.19694
4447,0.1967
4448,0.1966
4449,0.19624
4450,0.1958
4451,0.19564
4452,0.19551
4453,0.1954
4454,0.19508
4455,0.19452
4456,0.19434
4457,0.19412
4458,0.19388
4459,0.19352
4460,0.19315
4461,0.19283
4462,0.19244
4463,0.192
4464,0.19163
4465,0.19128
4466,0.19092
4467,0.19051
4468,0.19009
4469,0.18975
4470,0.18934
4471,0.18892
4472,0.18855
4473,0.18809
4474,0.18752
4475,0.18702
4476,0.18663
4477,0.18609
4478,0.18556
4479,0.18518
4480,0.18467
4481,0.18411
4482,0.1836
4483,0.183
4484,0.1825
4485,0.18201
4486,0.18144
4487,0.18076
4488,0.1802
4489,0.1797
4490,0.17913
4491,0.1786
4492,0.17795
4493,0.17715
4494,0.1765
4495,0.17612
4496,0.17555
4497,0.1748
4498,0.17409
4499,0.17348
4500,0.17285
4501,0.17205
4502,0.17138
4503,0.17077
4504,0.17006
4505,0.16932
4506,0.16857
4507,0.1676
4508,0.16689
4509,0.16636
4510,0.16567
4511,0.16486
4512,0.16399
4513,0.1633
4514,0.16267
4515,0.16193
4516,0.16095
4517,0.1602
4518,0.15953
4519,0.15868
4520,0.15778
4521,0.15686
4522,0.15591
4523,0.15518
4524,0.15435
4525,0.15341
4526,0.15244
4527,0.1516
4528,0.15078
4529,0.15002
4530,0.14922
4531,0.14812
4532,0.1472
4533,0.14627
4534,0.14539
4535,0.1445
4536,0.14354
4537,0.1426
4538,0.1418
4539,0.14076
4540,0.13978
4541,0.13878
4542,0.13776
4543,0.13688
4544,0.13593
4545,0.13491
4546,0.13389
4547,0.13292
4548,0.13189
4549,0.13085
4550,0.12975
4551,0.12891
4552,0.12787
4553,0.1268
4554,0.12584
4555,0.12492
4556,0.12382
4557,0.12268
4558,0.12164
4559,0.12055
4560,0.11937
4561,0.11838
4562,0.11732
4563,0.11627
4564,0.11516
4565,0.11409
4566,0.11296
4567,0.11171
4568,0.11077
4569,0.10976
4570,0.10841
4571,0.10728
4572,0.10627
4573,0.10523
4574,0.10396
4575,0.10281
4576,0.10163
4577,0.10047
4578,0.09944
4579,0.09819
4580,0.09688
4581,0.09574
4582,0.09473
4583,0.09368
4584,0.09253
4585,0.09134
4586,0.08999
4587,0.08873
4588,0.08756
4589,0.08627
4590,0.08506
4591,0.08394
4592,0.08286
4593,0.08154
4594,0.08028
4595,0.07921
4596,0.07814
4597,0.07689
4598,0.0756
4599,0.07428
4600,0.07299
4601,0.07177
4602,0.0704
4603,0.06908
4604,0.06791
4605,0.06684
4606,0.06572
4607,0.06435
4608,0.06297
4609,0.06172
4610,0.06048
4611,0.05915
4612,0.05803
4613,0.05683
4614,0.05545
4615,0.05419
4616,0.05286
4617,0.05168
4618,0.05033
4619,0.04895
4620,0.04759
4621,0.04629
4622,0.0451
4623,0.04392
4624,0.0426
4625,0.04129
4626,0.03995
4627,0.03851
4628,0.0373
4629,0.03614
4630,0.03479
4631,0.03354
4632,0.03225
4633,0.03106
4634,0.02971
4635,0.02842
4636,0.02697
4637,0.0256
4638,0.02438
4639,0.02304
4640,0.02172
4641,0.02044
4642,0.01912
4643,0.01776
4644,0.01648
4645,0.01523
4646,0.0138
4647,0.01241
4648,0.01122
4649,0.00988
4650,0.0084
4651,0.00721
4652,0.00583
4653,0.00439
4654,0.00315
4655,0.00197
4656,0.00062
4657,-0.00075
4658,-0.0021
4659,-0.00347
4660,-0.00472
4661,-0.00603
4662,-0.00739
4663,-0.00865
4664,-0.00985
4665,-0.01132
4666,-0.01281
4667,-0.01405
4668,-0.01539
4669,-0.01668
4670,-0.01791
4671,-0.0192
4672,-0.02042
4673,-0.02184
4674,-0.02327
4675,-0.02453
4676,-0.02587
4677,-0.02716
4678,-0.02833
4679,-0.02967
4680,-0.03108
4681,-0.03233
4682,-0.03367
4683,-0.0351
4684,-0.03629
4685,-0.03761
4686,-0.03903
4687,-0.04035
4688,-0.04161
4689,-0.04277
4690,-0.04405
4691,-0.04539
4692,-0.04676
4693,-0.04792
4694,-0.04916
4695,-0.05042
4696,-0.05177
4697,-0.05313
4698,-0.05437
4699,-0.05566
4700,-0.05706
4701,-0.05825
4702,-0.05946
4703,-0.06079
4704,-0.06221
4705,-0.06332
4706,-0.06445
4707,-0.0659
4708,-0.06704
4709,-0.06807
4710,-0.06945
4711,-0.07077
4712,-0.07212
4713,-0.07331
4714,-0.07437
4715,-0.07561
4716,-0.07704
4717,-0.07837
4718,-0.07953
4719,-0.08063
4720,-0.08166
4721,-0.0832
4722,-0.08399
4723,-0.0859
4724,-0.08768
4725,-0.08887
4726,-0.08997
4727,-0.09098
4728,-0.09139
4729,-0.09147
4730,-0.09327
4731,-0.09474
4732,-0.09617
4733,-0.0972
4734,-0.09833
4735,-0.09949
4736,-0.10071
4737,-0.10194
4738,-0.10303
4739,-0.10403
4740,-0.10515
4741,-0.10635
4742,-0.10756
4743,-0.1087
4744,-0.10974
4745,-0.11087
4746,-0.11205
4747,-0.11311
4748,-0.11432
4749,-0.11538
4750,-0.1163
4751,-0.11734
4752,-0.11845
4753,-0.11948
4754,-0.12068
4755,-0.12177
4756,-0.12277
4757,-0.12395
4758,-0.12494
4759,-0.12587
4760,-0.12694
4761,-0.12811
4762,-0.1291
4763,-0.13023
4764,-0.1313
4765,-0.13217
4766,-0.13303
4767,-0.13404
4768,-0.13512
4769,-0.13608
4770,-0.137
4771,-0.13804
4772,-0.13899
4773,-0.13992
4774,-0.14072
4775,-0.14164
4776,-0.14259
4777,-0.14367
4778,-0.14455
4779,-0.14552
4780,-0.14645
4781,-0.14739
4782,-0.14835
4783,-0.14923
4784,-0.1501
4785,-0.15097
4786,-0.1519
4787,-0.1527
4788,-0.15352
4789,-0.15453
4790,-0.15529
4791,-0.15613
4792,-0.15693
4793,-0.15782
4794,-0.15869
4795,-0.15949
4796,-0.16019
4797,-0.16106
4798,-0.16194
4799,-0.16272
4800,-0.16343
4801,-0.16416
4802,-0.16495
4803,-0.1658
4804,-0.16668
4805,-0.16742
4806,-0.16812
4807,-0.1686
4808,-0.16926
4809,-0.17
4810,-0.17077
4811,-0.17154
4812,-0.17229
4813,-0.17294
4814,-0.17361
4815,-0.17423
4816,-0.17499
4817,-0.17568
4818,-0.17623
4819,-0.17698
4820,-0.17757
4821,-0.17813
4822,-0.17874
4823,-0.17932
4824,-0.17987
4825,-0.18038
4826,-0.18102
4827,-0.18169
4828,-0.18226
4829,-0.18275
4830,-0.18329
4831,-0.18381
4832,-0.18429
4833,-0.18467
4834,-0.18523
4835,-0.18594
4836,-0.18645
4837,-0.1868
4838,-0.18719
4839,-0.1876
4840,-0.18825
4841,-0.1887
4842,-0.18903
4843,-0.18942
4844,-0.18994
4845,-0.19043
4846,-0.19078
4847,-0.19108
4848,-0.19146
4849,-0.1919
4850,-0.19225
4851,-0.19261
4852,-0.19289
4853,-0.19329
4854,-0.1936
4855,-0.19392
4856,-0.19435
4857,-0.19465
4858,-0.19491
4859,-0.19524
4860,-0.19552
4861,-0.19581
4862,-0.19614
4863,-0.19632
4864,-0.19653
4865,-0.19671
4866,-0.19709
4867,-0.19726
4868,-0.1973
4869,-0.19748
4870,-0.19786
4871,-0.19805
4872,-0.19813
4873,-0.19815
4874,-0.19828
4875,-0.19838
4876,-0.19864
4877,-0.19887
4878,-0.19894
4879,-0.19902
4880,-0.19908
4881,-0.19921
4882,-0.19919
4883,-0.19921
4884,-0.19926
4885,-0.19934
4886,-0.19948
4887,-0.19954
4888,-0.19942
4889,-0.19934
4890,-0.19935
4891,-0.19942
4892,-0.19935
4893,-0.19939
4894,-0.19942
4895,-0.19959
4896,-0.1994
4897,-0.19905
4898,-0.19909
4899,-0.19917
4900,-0.19906
4901,-0.19902
4902,-0.19893
4903,-0.19879
4904,-0.19855
4905,-0.19835
4906,-0.19825
4907,-0.19806
4908,-0.19779
4909,-0.19774
4910,-0.19764
4911,-0.19745
4912,-0.19712
4913,-0.19675
4914,-0.19668
4915,-0.19648
4916,-0.19619
4917,-0.19591
4918,-0.19566
4919,-0.19535
4920,-0.19504
4921,-0.19483
4922,-0.1946
4923,-0.19435
4924,-0.19401
4925,-0.19369
4926,-0.19323
4927,-0.19294
4928,-0.19257
4929,-0.19222
4930,-0.19196
4931,-0.1916
4932,-0.19126
4933,-0.1909
4934,-0.19043
4935,-0.18988
4936,-0.18945
4937,-0.189
4938,-0.18861
4939,-0.18813
4940,-0.18782
4941,-0.18731
4942,-0.18661
4943,-0.18627
4944,-0.18581
4945,-0.18531
4946,-0.1849
4947,-0.18432
4948,-0.18372
4949,-0.18326
4950,-0.18272
4951,-0.18216
4952,-0.18154
4953,-0.18084
4954,-0.1802
4955,-0.17971
4956,-0.17924
4957,-0.1787
4958,-0.178
4959,-0.17735
4960,-0.17664
4961,-0.17597
4962,-0.17535
4963,-0.17477
4964,-0.17426
4965,-0.17368
4966,-0.17295
4967,-0.17209
4968,-0.17126
4969,-0.17064
4970,-0.16994
4971,-0.16915
4972,-0.16851
4973,-0.16789
4974,-0.16712
4975,-0.16633
4976,-0.16567
4977,-0.16495
4978,-0.16418
4979,-0.1634
4980,-0.16267
4981,-0.16182
4982,-0.16091
4983,-0.16007
4984,-0.15941
4985,-0.15864
4986,-0.1579
4987,-0.15702
4988,-0.15609
4989,-0.15516
4990,-0.15429
4991,-0.15348
4992,-0.15275
4993,-0.15181
4994,-0.15094
4995,-0.15008
4996,-0.14909
4997,-0.14818
4998,-0.14734
4999,-0.14633
5000,-0.14541
5001,-0.14459
5002,-0.14366
5003,-0.14266
5004,-0.1417
5005,-0.1408
5006,-0.13994
5007,-0.13892
5008,-0.13787
5009,-0.13676
5010,-0.13588
5011,-0.13499
5012,-0.13403
5013,-0.13306
5014,-0.13209
5015,-0.13094
5016,-0.12988
5017,-0.1289
5018,-0.12786
5019,-0.12695
5020,-0.12587
5021,-0.12468
5022,-0.12367
5023,-0.12278
5024,-0.12183
5025,-0.12077
5026,-0.11953
5027,-0.11855
5028,-0.11753
5029,-0.11631
5030,-0.1151
5031,-0.11396
5032,-0.11296
5033,-0.11181
5034,-0.11063
5035,-0.10969
5036,-0.10859
5037,-0.10759
5038,-0.10634
5039,-0.10514
5040,-0.10395
5041,-0.10277
5042,-0.10157
5043,-0.1005
5044,-0.09925
5045,-0.09803
5046,-0.09705
5047,-0.09571
5048,-0.09453
5049,-0.09341
5050,-0.09274
5051,-0.09079
5052,-0.08873
5053,-0.08736
5054,-0.08684
5055,-0.08679
5056,-0.08646
5057,-0.08466
5058,-0.08289
5059,-0.08169
5060,-0.08074
5061,-0.07948
5062,-0.0782
5063,-0.07698
5064,-0.07571
5065,-0.07432
5066,-0.07307
5067,-0.07185
5068,-0.07075
5069,-0.06945
5070,-0.06803
5071,-0.06682
5072,-0.06563
5073,-0.06442
5074,-0.06331
5075,-0.06198
5076,-0.06082
5077,-0.05954
5078,-0.05809
5079,-0.05679
5080,-0.05548
5081,-0.05433
5082,-0.05316
5083,-0.05178
5084,-0.05042
5085,-0.04909
5086,-0.04794
5087,-0.0467
5088,-0.04529
5089,-0.04394
5090,-0.04279
5091,-0.0416
5092,-0.04015
5093,-0.03878
5094,-0.03761
5095,-0.03645
5096,-0.03513
5097,-0.03364
5098,-0.03234
5099,-0.0312
5100,-0.02987
5101,-0.02842
5102,-0.02706
5103,-0.02577
5104,-0.02461
5105,-0.02336
5106,-0.02198
5107,-0.02056
5108,-0.01923
5109,-0.01785
5110,-0.01652
5111,-0.01526
5112,-0.0141
5113,-0.01277
5114,-0.01129
5115,-0.00997
5116,-0.00862
5117,-0.00733
5118,-0.00614
5119,-0.00483
5120,-0.00358
5121,-0.00243
5122,-0.00097
5123,0.00046
5124,0.00197
5125,0.00326
5126,0.00446
5127,0.00568
5128,0.00706
5129,0.00854
5130,0.00985
5131,0.01126
5132,0.01262
5133,0.01386
5134,0.01501
5135,0.01625
5136,0.01753
5137,0.01882
5138,0.02016
5139,0.02147
5140,0.02292
5141,0.02424
5142,0.02555
5143,0.0268
5144,0.02813
5145,0.02954
5146,0.03066
5147,0.03191
5148,0.03331
5149,0.03461
5150,0.03584
5151,0.0371
5152,0.03843
5153,0.03967
5154,0.04106
5155,0.04248
5156,0.04382
5157,0.04503
5158,0.04632
5159,0.04765
5160,0.04879
5161,0.04995
5162,0.0513
5163,0.05267
5164,0.05397
5165,0.05532
5166,0.05654
5167,0.05776
5168,0.05902
5169,0.0603
5170,0.0617
5171,0.06298
5172,0.06412
5173,0.06532
5174,0.06656
5175,0.06786
5176,0.06902
5177,0.07012
5178,0.07138
5179,0.07272
5180,0.074
5181,0.07525
5182,0.07657
5183,0.0777
5184,0.07877
5185,0.08006
5186,0.08128
5187,0.08258
5188,0.08392
5189,0.08505
5190,0.08626
5191,0.08744
5192,0.08849
5193,0.08953
5194,0.09069
5195,0.09196
5196,0.09335
5197,0.09444
5198,0.09551
5199,0.09674
5200,0.09783
5201,0.09905
5202,0.10018
5203,0.10147
5204,0.10264
5205,0.10354
5206,0.10474
5207,0.10602
5208,0.10707
5209,0.10802
5210,0.10912
5211,0.11033
5212,0.11147
5213,0.11256
5214,0.1137
5215,0.11471
5216,0.11569
5217,0.11678
5218,0.11792
5219,0.11899
5220,0.11985
5221,0.12088
5222,0.12212
5223,0.12334
5224,0.12438
5225,0.12541
5226,0.12622
5227,0.12722
5228,0.12837
5229,0.12951
5230,0.13044
5231,0.13142
5232,0.13244
5233,0.1334
5234,0.13444
5235,0.13546
5236,0.13649
5237,0.13744
5238,0.13841
5239,0.13925
5240,0.14018
5241,0.14118
5242,0.14221
5243,0.143
5244,0.14397
5245,0.14487
5246,0.14586
5247,0.14673
5248,0.1476
5249,0.14847
5250,0.14941
5251,0.15014
5252,0.151
5253,0.15202
5254,0.15288
5255,0.15376
5256,0.15446
5257,0.15522
5258,0.15615
5259,0.15715
5260,0.15787
5261,0.15859
5262,0.15939
5263,0.1604
5264,0.16114
5265,0.16196
5266,0.16289
5267,0.16355
5268,0.16413
5269,0.16477
5270,0.16548
5271,0.16631
5272,0.16712
5273,0.16776
5274,0.16839
5275,0.16923
5276,0.1701
5277,0.17085
5278,0.17137
5279,0.17199
5280,0.17265
5281,0.17337
5282,0.174
5283,0.17462
5284,0.17534
5285,0.17593
5286,0.17646
5287,0.17706
5288,0.17761
5289,0.17818
5290,0.17888
5291,0.17944
5292,0.17995
5293,0.18052
5294,0.18122
5295,0.18181
5296,0.18244
5297,0.18293
5298,0.18318
5299,0.18383
5300,0.18446
5301,0.18496
5302,0.18526
5303,0.18583
5304,0.18641
5305,0.18683
5306,0.18726
5307,0.18775
5308,0.18815
5309,0.1885
5310,0.1888
5311,0.1892
5312,0.18961
5313,0.19006
5314,0.19048
5315,0.19096
5316,0.19143
5317,0.19164
5318,0.19184
5319,0.1922
5320,0.19258
5321,0.19278
5322,0.19311
5323,0.19353
5324,0.19374
5325,0.19409
5326,0.19438
5327,0.19453
5328,0.19479
5329,0.19501
5330,0.19538
5331,0.1956
5332,0.19571
5333,0.19593
5334,0.19633
5335,0.19655
5336,0.19659
5337,0.19672
5338,0.19698
5339,0.1972
5340,0.19732
5341,0.19735
5342,0.19751
5343,0.1976
5344,0.19776
5345,0.19781
5346,0.19785
5347,0.19796
5348,0.19807
5349,0.19814
5350,0.19819
5351,0.19814
5352,0.19813
5353,0.19806
5354,0.19815
5355,0.19805
5356,0.19806
5357,0.19806
5358,0.19808
5359,0.19797
5360,0.19806
5361,0.19818
5362,0.19815
5363,0.19802
5364,0.19784
5365,0.19779
5366,0.1977
5367,0.19733
5368,0.19723
5369,0.19738
5370,0.19732
5371,0.19733
5372,0.1971
5373,0.19671
5374,0.19657
5375,0.19631
5376,0.19623
5377,0.19605
5378,0.19578
5379,0.19563
5380,0.19523
5381,0.19502
5382,0.19494
5383,0.19464
5384,0.19424
5385,0.19397
5386,0.19388
5387,0.19367
5388,0.19322
5389,0.19293
5390,0.19253
5391,0.19212
5392,0.19185
5393,0.19153
5394,0.19125
5395,0.19077
5396,0.19035
5397,0.19006
5398,0.18983
5399,0.18942
5400,0.18889
5401,0.18847
5402,0.18795
5403,0.18756
5404,0.18714
5405,0.18662
5406,0.18615
5407,0.18578
5408,0.18544
5409,0.18489
5410,0.18435
5411,0.18389
5412,0.18343
5413,0.18286
5414,0.18217
5415,0.18159
5416,0.18112
5417,0.18067
5418,0.18
5419,0.17936
5420,0.17883
5421,0.17829
5422,0.1777
5423,0.17712
5424,0.17662
5425,0.17596
5426,0.17516
5427,0.17461
5428,0.17398
5429,0.17335
5430,0.17264
5431,0.17199
5432,0.17132
5433,0.17072
5434,0.17007
5435,0.16931
5436,0.16844
5437,0.16768
5438,0.16709
5439,0.16641
5440,0.16566
5441,0.16487
5442,0.1642
5443,0.16341
5444,0.16266
5445,0.16182
5446,0.16101
5447,0.16025
5448,0.15951
5449,0.15874
5450,0.1578
5451,0.15704
5452,0.15621
5453,0.15547
5454,0.15467
5455,0.15374
5456,0.15287
5457,0.15206
5458,0.15115
5459,0.15018
5460,0.14928
5461,0.14856
5462,0.14774
5463,0.14673
5464,0.14589
5465,0.14499
5466,0.14408
5467,0.14309
5468,0.14225
5469,0.14135
5470,0.14034
5471,0.13931
5472,0.13825
5473,0.13735
5474,0.1365
5475,0.13551
5476,0.13452
5477,0.13364
5478,0.13247
5479,0.13149
5480,0.13051
5481,0.12953
5482,0.12851
5483,0.12744
5484,0.12644
5485,0.12525
5486,0.12418
5487,0.12332
5488,0.12225
5489,0.12116
5490,0.12006
5491,0.11915
5492,0.11812
5493,0.11693
5494,0.11578
5495,0.11468
5496,0.11364
5497,0.11263
5498,0.11162
5499,0.11041
5500,0.10925
5501,0.10815
5502,0.10706
5503,0.106
5504,0.10488
5505,0.10366
5506,0.10252
5507,0.10141
5508,0.10021
5509,0.09906
5510,0.09796
5511,0.09683
5512,0.09564
5513,0.0945
5514,0.09332
5515,0.09219
5516,0.09102
5517,0.08984
5518,0.08857
5519,0.08738
5520,0.08631
5521,0.08511
5522,0.0838
5523,0.08251
5524,0.0814
5525,0.08028
5526,0.07901
5527,0.07773
5528,0.07657
5529,0.07531
5530,0.07409
5531,0.07294
5532,0.07169
5533,0.07054
5534,0.06929
5535,0.06793
5536,0.06662
5537,0.06538
5538,0.06415
5539,0.06302
5540,0.06172
5541,0.06052
5542,0.05925
5543,0.05786
5544,0.05664
5545,0.05538
5546,0.05409
5547,0.0528
5548,0.05157
5549,0.05021
5550,0.04898
5551,0.04783
5552,0.04659
5553,0.04515
5554,0.04391
5555,0.04247
5556,0.04122
5557,0.03875
5558,0.03738
5559,0.03609
5560,0.03494
5561,0.03494
5562,0.03239
5563,0.03092
5564,0.0295
5565,0.02827
5566,0.02704
5567,0.02576
5568,0.02439
5569,0.02311
5570,0.02183
5571,0.02054
5572,0.01922
5573,0.01786
5574,0.01649
5575,0.01515
5576,0.01392
5577,0.01267
5578,0.01133
5579,0.00986
5580,0.00867
5581,0.00744
5582,0.00618
5583,0.00479
5584,0.00332
5585,0.00208
5586,0.00083
5587,-0.00044
5588,-0.00176
5589,-0.00324
5590,-0.00456
5591,-0.00571
5592,-0.007
5593,-0.00835
5594,-0.00974
5595,-0.01106
5596,-0.01239
5597,-0.0138
5598,-0.01509
5599,-0.01641
5600,-0.01761
5601,-0.01878
5602,-0.02015
5603,-0.02154
5604,-0.02278
5605,-0.02418
5606,-0.0255
5607,-0.02666
5608,-0.02813
5609,-0.02945
5610,-0.03074
5611,-0.03202
5612,-0.03338
5613,-0.03472
5614,-0.03609
5615,-0.03721
5616,-0.03849
5617,-0.03983
5618,-0.04108
5619,-0.04233
5620,-0.04361
5621,-0.04493
5622,-0.0463
5623,-0.04759
5624,-0.0488
5625,-0.04989
5626,-0.0512
5627,-0.05261
5628,-0.05398
5629,-0.05526
5630,-0.05643
5631,-0.05775
5632,-0.05908
5633,-0.06027
5634,-0.0614
5635,-0.06265
5636,-0.06381
5637,-0.06519
5638,-0.06671
5639,-0.06793
5640,-0.06889
5641,-0.07017
5642,-0.07135
5643,-0.07258
5644,-0.0739
5645,-0.0752
5646,-0.07629
5647,-0.07761
5648,-0.07887
5649,-0.08013
5650,-0.08132
5651,-0.08279
5652,-0.0835
5653,-0.08524
5654,-0.08651
5655,-0.08663
5656,-0.08718
5657,-0.08855
5658,-0.08984
5659,-0.09095
5660,-0.09319
5661,-0.09443
5662,-0.09555
5663,-0.09638
5664,-0.09745
5665,-0.0987
5666,-0.09997
5667,-0.10117
5668,-0.10232
5669,-0.10352
5670,-0.10452
5671,-0.10562
5672,-0.10666
5673,-0.10774
5674,-0.10901
5675,-0.11029
5676,-0.11148
5677,-0.11257
5678,-0.11348
5679,-0.11449
5680,-0.11553
5681,-0.11668
5682,-0.11777
5683,-0.11892
5684,-0.11997
5685,-0.12105
5686,-0.12209
5687,-0.12316
5688,-0.12422
5689,-0.12538
5690,-0.12634
5691,-0.12723
5692,-0.12825
5693,-0.12926
5694,-0.13026
5695,-0.13129
5696,-0.13235
5697,-0.13325
5698,-0.13427
5699,-0.13525
5700,-0.13616
5701,-0.13718
5702,-0.13819
5703,-0.13919
5704,-0.1401
5705,-0.14097
5706,-0.14194
5707,-0.14297
5708,-0.14387
5709,-0.14461
5710,-0.14555
5711,-0.1465
5712,-0.14745
5713,-0.14832
5714,-0.14945
5715,-0.15032
5716,-0.15103
5717,-0.15189
5718,-0.15289
5719,-0.15357
5720,-0.15439
5721,-0.15529
5722,-0.15623
5723,-0.15708
5724,-0.1579
5725,-0.15874
5726,-0.1593
5727,-0.16014
5728,-0.16094
5729,-0.16163
5730,-0.16242
5731,-0.16314
5732,-0.16391
5733,-0.16471
5734,-0.16538
5735,-0.16621
5736,-0.16713
5737,-0.16783
5738,-0.16849
5739,-0.16924
5740,-0.16998
5741,-0.17068
5742,-0.1714
5743,-0.17195
5744,-0.17257
5745,-0.17319
5746,-0.17387
5747,-0.17458
5748,-0.1753
5749,-0.17589
5750,-0.17655
5751,-0.17695
5752,-0.17763
5753,-0.17826
5754,-0.17881
5755,-0.17935
5756,-0.18003
5757,-0.18068
5758,-0.18134
5759,-0.18187
5760,-0.18226
5761,-0.18287
5762,-0.18331
5763,-0.18361
5764,-0.18423
5765,-0.18474
5766,-0.18524
5767,-0.18583
5768,-0.18642
5769,-0.18692
5770,-0.18733
5771,-0.18768
5772,-0.188
5773,-0.18851
5774,-0.18903
5775,-0.18949
5776,-0.18971
5777,-0.19006
5778,-0.19053
5779,-0.19103
5780,-0.19139
5781,-0.19164
5782,-0.19197
5783,-0.19238
5784,-0.19266
5785,-0.19305
5786,-0.19335
5787,-0.19359
5788,-0.19397
5789,-0.19444
5790,-0.19455
5791,-0.19474
5792,-0.19502
5793,-0.19535
5794,-0.19552
5795,-0.19566
5796,-0.19594
5797,-0.19621
5798,-0.19643
5799,-0.19645
5800,-0.19666
5801,-0.19703
5802,-0.19718
5803,-0.19732
5804,-0.19739
5805,-0.19751
5806,-0.1976
5807,-0.19771
5808,-0.19784
5809,-0.19796
5810,-0.19823
5811,-0.19828
5812,-0.1983
5813,-0.19837
5814,-0.19832
5815,-0.19845
5816,-0.19854
5817,-0.19848
5818,-0.19848
5819,-0.1984
5820,-0.19839
5821,-0.19861
5822,-0.1986
5823,-0.19829
5824,-0.19837
5825,-0.19836
5826,-0.19826
5827,-0.19824
5828,-0.19829
5829,-0.19815
5830,-0.19801
5831,-0.1979
5832,-0.19764
5833,-0.19756
5834,-0.19749
5835,-0.19749
5836,-0.19732
5837,-0.19714
5838,-0.1969
5839,-0.19679
5840,-0.19655
5841,-0.19636
5842,-0.19623
5843,-0.19594
5844,-0.19574
5845,-0.19548
5846,-0.19532
5847,-0.19513
5848,-0.19472
5849,-0.19448
5850,-0.19418
5851,-0.19386
5852,-0.19344
5853,-0.19331
5854,-0.19316
5855,-0.19284
5856,-0.19232
5857,-0.19198
5858,-0.19182
5859,-0.1915
5860,-0.19103
5861,-0.19049
5862,-0.19013
5863,-0.18979
5864,-0.18937
5865,-0.18896
5866,-0.18843
5867,-0.18806
5868,-0.18781
5869,-0.18732
5870,-0.18688
5871,-0.18642
5872,-0.18582
5873,-0.18529
5874,-0.18487
5875,-0.18442
5876,-0.18391
5877,-0.18358
5878,-0.18302
5879,-0.18236
5880,-0.18184
5881,-0.18129
5882,-0.18067
5883,-0.1801
5884,-0.17969
5885,-0.17916
5886,-0.17854
5887,-0.17779
5888,-0.177
5889,-0.17637
5890,-0.17588
5891,-0.17526
5892,-0.17471
5893,-0.17405
5894,-0.17333
5895,-0.17252
5896,-0.17197
5897,-0.1714
5898,-0.17074
5899,-0.16994
5900,-0.16917
5901,-0.16854
5902,-0.16794
5903,-0.16715
5904,-0.16642
5905,-0.16563
5906,-0.1651
5907,-0.16441
5908,-0.16341
5909,-0.16263
5910,-0.16176
5911,-0.16091
5912,-0.16013
5913,-0.15942
5914,-0.15865
5915,-0.15784
5916,-0.15695
5917,-0.15608
5918,-0.15524
5919,-0.15449
5920,-0.15374
5921,-0.15283
5922,-0.15206
5923,-0.1511
5924,-0.15032
5925,-0.14954
5926,-0.14846
5927,-0.14742
5928,-0.14667
5929,-0.14578
5930,-0.1449
5931,-0.14404
5932,-0.14302
5933,-0.14211
5934,-0.14124
5935,-0.14035
5936,-0.13935
5937,-0.13834
5938,-0.13727
5939,-0.13633
5940,-0.13552
5941,-0.13449
5942,-0.13348
5943,-0.13253
5944,-0.1315
5945,-0.13064
5946,-0.12965
5947,-0.12848
5948,-0.12736
5949,-0.12644
5950,-0.1254
5951,-0.12423
5952,-0.12326
5953,-0.1223
5954,-0.12119
5955,-0.12016
5956,-0.11922
5957,-0.11789
5958,-0.11667
5959,-0.11565
5960,-0.1147
5961,-0.11363
5962,-0.11258
5963,-0.11158
5964,-0.11039
5965,-0.10917
5966,-0.10806
5967,-0.107
5968,-0.10581
5969,-0.10465
5970,-0.10361
5971,-0.10253
5972,-0.10151
5973,-0.10034
5974,-0.09905
5975,-0.09781
5976,-0.09674
5977,-0.09558
5978,-0.0944
5979,-0.09319
5980,-0.09255
5981,-0.09047
5982,-0.08841
5983,-0.08735
5984,-0.087
5985,-0.08693
5986,-0.08624
5987,-0.08388
5988,-0.08264
5989,-0.08135
5990,-0.0803
5991,-0.07913
5992,-0.07779
5993,-0.07644
5994,-0.07534
5995,-0.07423
5996,-0.07289
5997,-0.07167
5998,-0.07035
5999,-0.06905
6000,-0.06784
6001,-0.06671
6002,-0.06533
6003,-0.0641
6004,-0.06302
6005,-0.06193
6006,-0.06042
6007,-0.05911
6008,-0.05794
6009,-0.05668
6010,-0.05548
6011,-0.05418
6012,-0.05297
6013,-0.05177
6014,-0.05049
6015,-0.04917
6016,-0.04777
6017,-0.04646
6018,-0.0452
6019,-0.04394
6020,-0.04259
6021,-0.04143
6022,-0.04023
6023,-0.03886
6024,-0.0374
6025,-0.03613
6026,-0.03495
6027,-0.03369
6028,-0.03241
6029,-0.03103
6030,-0.02982
6031,-0.02852
6032,-0.02712
6033,-0.02584
6034,-0.02451
6035,-0.02316
6036,-0.022
6037,-0.02064
6038,-0.01937
6039,-0.01812
6040,-0.01677
6041,-0.01546
6042,-0.01406
6043,-0.01267
6044,-0.01132
6045,-0.01006
6046,-0.00894
6047,-0.00761
6048,-0.00618
6049,-0.00474
6050,-0.00348
6051,-0.00227
6052,-0.0011
6053,0.00037
6054,0.00183
6055,0.0031
6056,0.00428
6057,0.00543
6058,0.00689
6059,0.00822
6060,0.00954
6061,0.01079
6062,0.01213
6063,0.01347
6064,0.01477
6065,0.01602
6066,0.01744
6067,0.01879
6068,0.02011
6069,0.02144
6070,0.02263
6071,0.02396
6072,0.02525
6073,0.02657
6074,0.02785
6075,0.02919
6076,0.03056
6077,0.03189
6078,0.03312
6079,0.03428
6080,0.03561
6081,0.03684
6082,0.03809
6083,0.03957
6084,0.0409
6085,0.04215
6086,0.04341
6087,0.04467
6088,0.04601
6089,0.04721
6090,0.04851
6091,0.04989
6092,0.05109
6093,0.05223
6094,0.05339
6095,0.05459
6096,0.05604
6097,0.05735
6098,0.05864
6099,0.05993
6100,0.06113
6101,0.06225
6102,0.0635
6103,0.06499
6104,0.06619
6105,0.06741
6106,0.06861
6107,0.06975
6108,0.0711
6109,0.07237
6110,0.07352
6111,0.07469
6112,0.07591
6113,0.07722
6114,0.07849
6115,0.07967
6116,0.08086
6117,0.08215
6118,0.08335
6119,0.08451
6120,0.08554
6121,0.08661
6122,0.08809
6123,0.08941
6124,0.09047
6125,0.09169
6126,0.09262
6127,0.09361
6128,0.09485
6129,0.09605
6130,0.09733
6131,0.0986
6132,0.0996
6133,0.10067
6134,0.10182
6135,0.10297
6136,0.10431
6137,0.1054
6138,0.10642
6139,0.10763
6140,0.10877
6141,0.10976
6142,0.11077
6143,0.11178
6144,0.11298
6145,0.11406
6146,0.1151
6147,0.11617
6148,0.11718
6149,0.11831
6150,0.11936
6151,0.12041
6152,0.12151
6153,0.12256
6154,0.12362
6155,0.12464
6156,0.12568
6157,0.12675
6158,0.12783
6159,0.12872
6160,0.1297
6161,0.13067
6162,0.13164
6163,0.13264
6164,0.13371
6165,0.13467
6166,0.1356
6167,0.13651
6168,0.13743
6169,0.13845
6170,0.13954
6171,0.14035
6172,0.14121
6173,0.14228
6174,0.14331
6175,0.14418
6176,0.14508
6177,0.14573
6178,0.14656
6179,0.14766
6180,0.14864
6181,0.14945
6182,0.15022
6183,0.15102
6184,0.15193
6185,0.15306
6186,0.15391
6187,0.15463
6188,0.15539
6189,0.15614
6190,0.15702
6191,0.1578
6192,0.15864
6193,0.15947
6194,0.16044
6195,0.16115
6196,0.16185
6197,0.1626
6198,0.16333
6199,0.1641
6200,0.16486
6201,0.16573
6202,0.16623
6203,0.16681
6204,0.1677
6205,0.16839
6206,0.16898
6207,0.16962
6208,0.17029
6209,0.17099
6210,0.17164
6211,0.17237
6212,0.17309
6213,0.17365
6214,0.17428
6215,0.17499
6216,0.17571
6217,0.17628
6218,0.17681
6219,0.17739
6220,0.17811
6221,0.1786
6222,0.17898
6223,0.17962
6224,0.18047
6225,0.18099
6226,0.18152
6227,0.18191
6228,0.18238
6229,0.18283
6230,0.18331
6231,0.1837
6232,0.18437
6233,0.18494
6234,0.18544
6235,0.18596
6236,0.18633
6237,0.18667
6238,0.18708
6239,0.18754
6240,0.18793
6241,0.18817
6242,0.1885
6243,0.18888
6244,0.18939
6245,0.18987
6246,0.19032
6247,0.19062
6248,0.19098
6249,0.19128
6250,0.1916
6251,0.19187
6252,0.19216
6253,0.19242
6254,0.19285
6255,0.19315
6256,0.19338
6257,0.19352
6258,0.19367
6259,0.19398
6260,0.19438
6261,0.19456
6262,0.19478
6263,0.19512
6264,0.19531
6265,0.19543
6266,0.19552
6267,0.19567
6268,0.19583
6269,0.19616
6270,0.19628
6271,0.19632
6272,0.19658
6273,0.19657
6274,0.19667
6275,0.19681
6276,0.19689
6277,0.19688
6278,0.19694
6279,0.19711
6280,0.19731
6281,0.19734
6282,0.1973
6283,0.19727
6284,0.19712
6285,0.19712
6286,0.19722
6287,0.19726
6288,0.19722
6289,0.19705
6290,0.19712
6291,0.19717
6292,0.19702
6293,0.19687
6294,0.19682
6295,0.19683
6296,0.1967
6297,0.19666
6298,0.19651
6299,0.19641
6300,0.19625
6301,0.19606
6302,0.19598
6303,0.19576
6304,0.19565
6305,0.19554
6306,0.19523
6307,0.19497
6308,0.19476
6309,0.19459
6310,0.19447
6311,0.19431
6312,0.19396
6313,0.19362
6314,0.19346
6315,0.19338
6316,0.19299
6317,0.19266
6318,0.19227
6319,0.19193
6320,0.1915
6321,0.19111
6322,0.1909
6323,0.19062
6324,0.19028
6325,0.18986
6326,0.18947
6327,0.18902
6328,0.18875
6329,0.18842
6330,0.18795
6331,0.18748
6332,0.18721
6333,0.18683
6334,0.18634
6335,0.18567
6336,0.18523
6337,0.18483
6338,0.18451
6339,0.18392
6340,0.18333
6341,0.18284
6342,0.18239
6343,0.18192
6344,0.1814
6345,0.18088
6346,0.18035
6347,0.1797
6348,0.17922
6349,0.17865
6350,0.17809
6351,0.17752
6352,0.17687
6353,0.17631
6354,0.17563
6355,0.17503
6356,0.17439
6357,0.17379
6358,0.17325
6359,0.1726
6360,0.17199
6361,0.1713
6362,0.17063
6363,0.1698
6364,0.16906
6365,0.16838
6366,0.1677
6367,0.16702
6368,0.16634
6369,0.16557
6370,0.16492
6371,0.16429
6372,0.16351
6373,0.16273
6374,0.16198
6375,0.16118
6376,0.16028
6377,0.15951
6378,0.15867
6379,0.15797
6380,0.15709
6381,0.15623
6382,0.15543
6383,0.15461
6384,0.15394
6385,0.15306
6386,0.15193
6387,0.15126
6388,0.1506
6389,0.14968
6390,0.1486
6391,0.14767
6392,0.14686
6393,0.14611
6394,0.14509
6395,0.14413
6396,0.1432
6397,0.14228
6398,0.14156
6399,0.14069
6400,0.13958
6401,0.13857
6402,0.13757
6403,0.13662
6404,0.13563
6405,0.1347
6406,0.13392
6407,0.13292
6408,0.13187
6409,0.13078
6410,0.12975
6411,0.12881
6412,0.1278
6413,0.12687
6414,0.1259
6415,0.12491
6416,0.12398
6417,0.12296
6418,0.12174
6419,0.1206
6420,0.11959
6421,0.1185
6422,0.11754
6423,0.11641
6424,0.11526
6425,0.11415
6426,0.11311
6427,0.11222
6428,0.11107
6429,0.10993
6430,0.10883
6431,0.10765
6432,0.10647
6433,0.10543
6434,0.10429
6435,0.10331
6436,0.10222
6437,0.10101
6438,0.09974
6439,0.09861
6440,0.09754
6441,0.09641
6442,0.09523
6443,0.09424
6444,0.09295
6445,0.09168
6446,0.09054
6447,0.08941
6448,0.0882
6449,0.08699
6450,0.08591
6451,0.08462
6452,0.08342
6453,0.08212
6454,0.08096
6455,0.07975
6456,0.07861
6457,0.07741
6458,0.07625
6459,0.07509
6460,0.07385
6461,0.07252
6462,0.07125
6463,0.07016
6464,0.06897
6465,0.06772
6466,0.06654
6467,0.06531
6468,0.06403
6469,0.06275
6470,0.06141
6471,0.0602
6472,0.05887
6473,0.05762
6474,0.05644
6475,0.05502
6476,0.05382
6477,0.05271
6478,0.05148
6479,0.05024
6480,0.04896
6481,0.04772
6482,0.04625
6483,0.04486
6484,0.04366
6485,0.04249
6486,0.04113
6487,0.03985
6488,0.0386
6489,0.03728
6490,0.03585
6491,0.03456
6492,0.03336
6493,0.03199
6494,0.03086
6495,0.02951
6496,0.02817
6497,0.02699
6498,0.02571
6499,0.02435
6500,0.02299
6501,0.02168
6502,0.02058
6503,0.01938
6504,0.01793
6505,0.01639
6506,0.01517
6507,0.01399
6508,0.01262
6509,0.0112
6510,0.01002
6511,0.00858
6512,0.00728
6513,0.00606
6514,0.00493
6515,0.00359
6516,0.00215
6517,0.00081
6518,-0.00049
6519,-0.00186
6520,-0.0032
6521,-0.00458
6522,-0.00579
6523,-0.0071
6524,-0.00835
6525,-0.00961
6526,-0.011
6527,-0.0124
6528,-0.01371
6529,-0.01503
6530,-0.01631
6531,-0.01743
6532,-0.01865
6533,-0.01998
6534,-0.02142
6535,-0.02275
6536,-0.024
6537,-0.02516
6538,-0.02641
6539,-0.02783
6540,-0.02921
6541,-0.03045
6542,-0.03178
6543,-0.03323
6544,-0.03464
6545,-0.03593
6546,-0.03715
6547,-0.03834
6548,-0.03961
6549,-0.04082
6550,-0.04212
6551,-0.04336
6552,-0.04469
6553,-0.04609
6554,-0.04723
6555,-0.04835
6556,-0.04972
6557,-0.05118
6558,-0.05247
6559,-0.0536
6560,-0.05496
6561,-0.05616
6562,-0.05727
6563,-0.05854
6564,-0.05977
6565,-0.06111
6566,-0.06236
6567,-0.0637
6568,-0.0651
6569,-0.06627
6570,-0.06732
6571,-0.0687
6572,-0.07003
6573,-0.071
6574,-0.07229
6575,-0.07355
6576,-0.07477
6577,-0.07602
6578,-0.07719
6579,-0.07845
6580,-0.07964
6581,-0.08087
6582,-0.08184
6583,-0.08358
6584,-0.0842
6585,-0.08561
6586,-0.0876
6587,-0.08912
6588,-0.09022
6589,-0.0907
6590,-0.09074
6591,-0.09153
6592,-0.09392
6593,-0.09494
6594,-0.09613
6595,-0.09722
6596,-0.09842
6597,-0.09961
6598,-0.10076
6599,-0.10173
6600,-0.103
6601,-0.10422
6602,-0.10507
6603,-0.10627
6604,-0.10729
6605,-0.10847
6606,-0.1096
6607,-0.11057
6608,-0.11173
6609,-0.11287
6610,-0.11403
6611,-0.11505
6612,-0.11614
6613,-0.11737
6614,-0.11845
6615,-0.11951
6616,-0.12049
6617,-0.12145
6618,-0.12242
6619,-0.12346
6620,-0.12449
6621,-0.12569
6622,-0.1268
6623,-0.12766
6624,-0.12861
6625,-0.12958
6626,-0.13068
6627,-0.13181
6628,-0.13255
6629,-0.1335
6630,-0.13467
6631,-0.13575
6632,-0.13656
6633,-0.13748
6634,-0.13833
6635,-0.13938
6636,-0.14026
6637,-0.1412
6638,-0.14219
6639,-0.14313
6640,-0.14407
6641,-0.14484
6642,-0.14578
6643,-0.14682
6644,-0.14768
6645,-0.14846
6646,-0.14922
6647,-0.15018
6648,-0.15119
6649,-0.15217
6650,-0.15292
6651,-0.15364
6652,-0.15441
6653,-0.15546
6654,-0.15629
6655,-0.15707
6656,-0.15783
6657,-0.15861
6658,-0.15945
6659,-0.16018
6660,-0.16098
6661,-0.16187
6662,-0.16258
6663,-0.16337
6664,-0.16401
6665,-0.16468
6666,-0.1655
6667,-0.1663
6668,-0.16705
6669,-0.16764
6670,-0.16836
6671,-0.16913
6672,-0.1699
6673,-0.17049
6674,-0.17112
6675,-0.17181
6676,-0.17243
6677,-0.17312
6678,-0.17368
6679,-0.17434
6680,-0.175
6681,-0.17561
6682,-0.17613
6683,-0.17673
6684,-0.1774
6685,-0.178
6686,-0.17861
6687,-0.17926
6688,-0.17976
6689,-0.18035
6690,-0.18093
6691,-0.18136
6692,-0.18189
6693,-0.18239
6694,-0.18299
6695,-0.18351
6696,-0.18406
6697,-0.18438
6698,-0.18484
6699,-0.18534
6700,-0.18587
6701,-0.18639
6702,-0.18681
6703,-0.18705
6704,-0.18739
6705,-0.18779
6706,-0.18841
6707,-0.18884
6708,-0.1892
6709,-0.1896
6710,-0.19
6711,-0.19012
6712,-0.19054
6713,-0.19097
6714,-0.19132
6715,-0.19169
6716,-0.19202
6717,-0.19243
6718,-0.19287
6719,-0.19319
6720,-0.19332
6721,-0.19357
6722,-0.19376
6723,-0.19401
6724,-0.19429
6725,-0.19453
6726,-0.19482
6727,-0.19506
6728,-0.19528
6729,-0.19543
6730,-0.19555
6731,-0.19577
6732,-0.19589
6733,-0.19612
6734,-0.19629
6735,-0.19651
6736,-0.19662
6737,-0.19671
6738,-0.19687
6739,-0.19702
6740,-0.19698
6741,-0.19708
6742,-0.19726
6743,-0.19716
6744,-0.19707
6745,-0.19719
6746,-0.19739
6747,-0.19747
6748,-0.19748
6749,-0.19748
6750,-0.19748
6751,-0.19759
6752,-0.19747
6753,-0.19747
6754,-0.19755
6755,-0.19732
6756,-0.19722
6757,-0.19735
6758,-0.19732
6759,-0.19728
6760,-0.19703
6761,-0.19694
6762,-0.19683
6763,-0.19674
6764,-0.19662
6765,-0.19668
6766,-0.19655
6767,-0.19643
6768,-0.19629
6769,-0.19617
6770,-0.19594
6771,-0.19569
6772,-0.19531
6773,-0.19515
6774,-0.19501
6775,-0.19482
6776,-0.19458
6777,-0.19433
6778,-0.19413
6779,-0.19375
6780,-0.19348
6781,-0.19323
6782,-0.19304
6783,-0.19278
6784,-0.19247
6785,-0.19219
6786,-0.1918
6787,-0.19134
6788,-0.191
6789,-0.19079
6790,-0.19037
6791,-0.18995
6792,-0.18955
6793,-0.18915
6794,-0.18884
6795,-0.18855
6796,-0.18813
6797,-0.18771
6798,-0.18726
6799,-0.18683
6800,-0.18632
6801,-0.18589
6802,-0.18544
6803,-0.18491
6804,-0.18444
6805,-0.18401
6806,-0.18356
6807,-0.18303
6808,-0.18254
6809,-0.1821
6810,-0.18149
6811,-0.18093
6812,-0.18032
6813,-0.17981
6814,-0.17926
6815,-0.17871
6816,-0.178
6817,-0.17748
6818,-0.17693
6819,-0.1762
6820,-0.1756
6821,-0.17502
6822,-0.17439
6823,-0.1738
6824,-0.17317
6825,-0.17245
6826,-0.17187
6827,-0.17124
6828,-0.17049
6829,-0.1697
6830,-0.16913
6831,-0.16847
6832,-0.16776
6833,-0.16706
6834,-0.16625
6835,-0.16549
6836,-0.16483
6837,-0.16406
6838,-0.16329
6839,-0.16256
6840,-0.16173
6841,-0.16106
6842,-0.16024
6843,-0.15929
6844,-0.15855
6845,-0.15788
6846,-0.1571
6847,-0.15628
6848,-0.15541
6849,-0.15455
6850,-0.15374
6851,-0.15292
6852,-0.15212
6853,-0.15128
6854,-0.15045
6855,-0.14956
6856,-0.14858
6857,-0.14779
6858,-0.14687
6859,-0.14594
6860,-0.14497
6861,-0.14417
6862,-0.14329
6863,-0.14223
6864,-0.14142
6865,-0.14044
6866,-0.13958
6867,-0.13857
6868,-0.13761
6869,-0.13667
6870,-0.13565
6871,-0.13468
6872,-0.13364
6873,-0.13271
6874,-0.1317
6875,-0.13081
6876,-0.12983
6877,-0.12887
6878,-0.12785
6879,-0.12677
6880,-0.12585
6881,-0.12471
6882,-0.12365
6883,-0.1225
6884,-0.12128
6885,-0.12053
6886,-0.11951
6887,-0.11845
6888,-0.1173
6889,-0.11612
6890,-0.1151
6891,-0.11418
6892,-0.11319
6893,-0.11202
6894,-0.11083
6895,-0.10965
6896,-0.10861
6897,-0.10752
6898,-0.10653
6899,-0.10551
6900,-0.10423
6901,-0.10299
6902,-0.1019
6903,-0.10074
6904,-0.09955
6905,-0.09848
6906,-0.09735
6907,-0.09625
6908,-0.09484
6909,-0.0943
6910,-0.09228
6911,-0.09081
6912,-0.09071
6913,-0.09026
6914,-0.08907
6915,-0.0878
6916,-0.08672
6917,-0.08479
6918,-0.08309
6919,-0.0821
6920,-0.08098
6921,-0.07976
6922,-0.0786
6923,-0.07743
6924,-0.07615
6925,-0.07486
6926,-0.07365
6927,-0.07252
6928,-0.07137
6929,-0.07015
6930,-0.0688
6931,-0.0674
6932,-0.06629
6933,-0.06512
6934,-0.06401
6935,-0.06279
6936,-0.06145
6937,-0.06009
6938,-0.05887
6939,-0.05755
6940,-0.0563
6941,-0.05506
6942,-0.05369
6943,-0.05249
6944,-0.0513
6945,-0.05009
6946,-0.04887
6947,-0.04739
6948,-0.04619
6949,-0.04498
6950,-0.0437
6951,-0.04247
6952,-0.04118
6953,-0.03986
6954,-0.03858
6955,-0.03719
6956,-0.03595
6957,-0.03471
6958,-0.03337
6959,-0.03203
6960,-0.03088
6961,-0.02961
6962,-0.02822
6963,-0.02689
6964,-0.0255
6965,-0.02433
6966,-0.0231
6967,-0.02174
6968,-0.02055
6969,-0.01902
6970,-0.01765
6971,-0.01641
6972,-0.01521
6973,-0.014
6974,-0.01256
6975,-0.01126
6976,-0.01007
6977,-0.00871
6978,-0.00739
6979,-0.00603
6980,-0.00478
6981,-0.00338
6982,-0.0021
6983,-0.00082
6984,0.00055
6985,0.0018
6986,0.00316
6987,0.00454
6988,0.00571
6989,0.00712
6990,0.00833
6991,0.00963
6992,0.011
6993,0.01246
6994,0.0138
6995,0.01496
6996,0.01603
6997,0.01738
6998,0.0187
6999,0.0202
7000,0.02141
7001,0.0226
7002,0.02388
7003,0.02519
7004,0.0265
7005,0.02776
7006,0.02912
7007,0.03047
7008,0.03176
7009,0.033
7010,0.03426
7011,0.03558
7012,0.03677
7013,0.03812
7014,0.03941
7015,0.04076
7016,0.04197
7017,0.04325
7018,0.04435
7019,0.04573
7020,0.0472
7021,0.0485
7022,0.04966
7023,0.05091
7024,0.05215
7025,0.05329
7026,0.05466
7027,0.05593
7028,0.05711
7029,0.05844
7030,0.05979
7031,0.06099
7032,0.06221
7033,0.06342
7034,0.06465
7035,0.0658
7036,0.06715
7037,0.06835
7038,0.06957
7039,0.0708
7040,0.07209
7041,0.07333
7042,0.07436
7043,0.07563
7044,0.07705
7045,0.0783
7046,0.07941
7047,0.08052
7048,0.08166
7049,0.08285
7050,0.08401
7051,0.08519
7052,0.08644
7053,0.08756
7054,0.0887
7055,0.08999
7056,0.09117
7057,0.09229
7058,0.09345
7059,0.09466
7060,0.09576
7061,0.09703
7062,
7063,
7064,
7065,
7066,
7067,
7068,
7069,
7070,
7071,
7072,
7073,
7074,
7075,
7076,
7077,
7078,
7079,
7080,
7081,
7082,
7083,
7084,
7085,
7086,
7087,
7088,
7089,
7090,
7091,
7092,
7093,
7094,
7095,
7096,
7097,
7098,
7099,
7100,
7101,
7102,
7103,
7104,
7105,
7106,
7107,
7108,
7109,
7110,
7111,
7112,
7113,
7114,
7115,
7116,
7117,
7118,
7119,
7120,
7121,
7122,
7123,
7124,
7125,
7126,
7127,
7128,
7129,
7130,
7131,
7132,
7133,
7134,
7135,
7136,
7137,
7138,
7139,
7140,
7141,
7142,
7143,
7144,
7145,
7146,
7147,
7148,
7149,
7150,
7151,
7152,
7153,
7154,
7155,
7156,
7157,
7158,
7159,
7160,
7161,
7162,
7163,
7164,
7165,
7166,
7167,
7168,
7169,
7170,
7171,
7172,
7173,
7174,
7175,
7176,
7177,
7178,
7179,
7180,
7181,
7182,
7183,
7184,
7185,
7186,
7187,
7188,
7189,
7190,
7191,
7192,
7193,
7194,
7195,
7196,
7197,
7198,
7199,
7200,
7201,
7202,
7203,
7204,
7205,
7206,
7207,
7208,
7209,
7210,
7211,
7212,
7213,
7214,
7215,
7216,
7217,
7218,
7219,
7220,
7221,
7222,
7223,
7224,
7225,
7226,
7227,
7228,
7229,
7230,
7231,
7232,
7233,
7234,
7235,
7236,
7237,
7238,
7239,
7240,
7241,
7242,
7243,
7244,
7245,
7246,
7247,
7248,
7249,
7250,
7251,
7252,
7253,
7254,
7255,
7256,
7257,
7258,
7259,
7260,
7261,
7262,
7263,
7264,
7265,
7266,
7267,
7268,
7269,
7270,
7271,
7272,
7273,
7274,
7275,
7276,
7277,
7278,
7279,
7280,
7281,
7282,
7283,
7284,
7285,
7286,
7287,
7288,
7289,
7290,
7291,
7292,
7293,
7294,
7295,
7296,
7297,
7298,
7299,
7300,
7301,
7302,
7303,
7304,
7305,
7306,
7307,
7308,
7309,
7310,
7311,
7312,
7313,
7314,
7315,
7316,
7317,
7318,
7319,
7320,
7321,
7322,
7323,
7324,
7325,
7326,
7327,
7328,
7329,
7330,
7331,
7332,
7333,
7334,
7335,
7336,
7337,
7338,
7339,
7340,
7341,
7342,
7343,
7344,
7345,
7346,
7347,
7348,
7349,
7350,
7351,
7352,
7353,
7354,
7355,
7356,
7357,
7358,
7359,
7360,
7361,
7362,
7363,
7364,
7365,
7366,
7367,
7368,
7369,
7370,
7371,
7372,
7373,
7374,
7375,
7376,
7377,
7378,
7379,
7380,
7381,
7382,
7383,
7384,
7385,
7386,
7387,
7388,
7389,
7390,
7391,
7392,
7393,
7394,
7395,
7396,
7397,
7398,
7399,
7400,
7401,
7402,
7403,
7404,
7405,
7406,
7407,
7408,
7409,
7410,
7411,
7412,
7413,
7414,
7415,
7416,
7417,
7418,
7419,
7420,
7421,
7422,
7423,
7424,
7425,
7426,
7427,
7428,
7429,
7430,
7431,
7432,
7433,
7434,
7435,
7436,
7437,
7438,
7439,
7440,
7441,
7442,
7443,
7444,
7445,
7446,
7447,
7448,
7449,
7450,
7451,
7452,
7453,
7454,
7455,
7456,
7457,
7458,
7459,
7460,
7461,
7462,
7463,
7464,
7465,
7466,
7467,
7468,
7469,
7470,
7471,
7472,
7473,
7474,
7475,
7476,
7477,
7478,
7479,
7480,
7481,
7482,
7483,
7484,
7485,
7486,
7487,
7488,
7489,
7490,
7491,
7492,
7493,
7494,
7495,
7496,
7497,
7498,
7499,
7500,
7501,
7502,
7503,
7504,
7505,
7506,
7507,
7508,
7509,
7510,
7511,
7512,
7513,
7514,
7515,
7516,
7517,
7518,
7519,
7520,
7521,
7522,
7523,
7524,
7525,
7526,
7527,
7528,
7529,
7530,
7531,
7532,
7533,
7534,
7535,
7536,
7537,
7538,
7539,
7540,
7541,
7542,
7543,
7544,
7545,
7546,
7547,
7548,
7549,
7550,
7551,
7552,
7553,
7554,
7555,
7556,
7557,
7558,
7559,
7560,
7561,
7562,
7563,
7564,
7565,
7566,
7567,
7568,
7569,
7570,
7571,
7572,
7573,
7574,
7575,
7576,
7577,
7578,
7579,
7580,
7581,
7582,
7583,
7584,
7585,
7586,
7587,
7588,
7589,
7590,
7591,
7592,
7593,
7594,
7595,
7596,
7597,
7598,
7599,
7600,
7601,
7602,
7603,
7604,
7605,
7606,
7607,
7608,
7609,
7610,
7611,
7612,
7613,
7614,
7615,
7616,
7617,
7618,
7619,
7620,
7621,
7622,
7623,
7624,
7625,
7626,
7627,
7628,
7629,
7630,
7631,
7632,
7633,
7634,
7635,
7636,
7637,
7638,
7639,
7640,
7641,
7642,
7643,
7644,
7645,
7646,
7647,
7648,
7649,
7650,
7651,
7652,
7653,
7654,
7655,
7656,
7657,
7658,
7659,
7660,
7661,
7662,
7663,
7664,
7665,
7666,
7667,
7668,
7669,
7670,
7671,
7672,
7673,
7674,
7675,
7676,
7677,
7678,
7679,
7680,
7681,
7682,
7683,
7684,
7685,
7686,
7687,
7688,
7689,
7690,
7691,
7692,
7693,
7694,
7695,
7696,
7697,
7698,
7699,
7700,
7701,
7702,
7703,
7704,
7705,
7706,
7707,
7708,
7709,
7710,
7711,
7712,
7713,
7714,
7715,
7716,
7717,
7718,
7719,
7720,
7721,
7722,
7723,
7724,
7725,
7726,
7727,
7728,
7729,
7730,
7731,
7732,
7733,
7734,
7735,
7736,
7737,
7738,
7739,
7740,
7741,
7742,
7743,
7744,
7745,
7746,
7747,
7748,
7749,
7750,
7751,
7752,
7753,
7754,
7755,
7756,
7757,
7758,
7759,
7760,
7761,
7762,
7763,
7764,
7765,
7766,
7767,
7768,
7769,
7770,
7771,
7772,
7773,
7774,
7775,
7776,
7777,
7778,
7779,
7780,
7781,
7782,
7783,
7784,
7785,
7786,
7787,
7788,
7789,
7790,
7791,
7792,
7793,
7794,
7795,
7796,
7797,
7798,
7799,
7800,
7801,
7802,
7803,
7804,
7805,
7806,
7807,
7808,
7809,
7810,
7811,
7812,
7813,
7814,
7815,
7816,
7817,
7818,
7819,
7820,
7821,
7822,
7823,
7824,
7825,
7826,
7827,
7828,
7829,
7830,
7831,
7832,
7833,
7834,
7835,
7836,
7837,
7838,
7839,
7840,
7841,
7842,
7843,
7844,
7845,
7846,
7847,
7848,
7849,
7850,
7851,
7852,
7853,
7854,
7855,
7856,
7857,
7858,
7859,
7860,
7861,
7862,
7863,
7864,
7865,
7866,
7867,
7868,
7869,
7870,
7871,
7872,
7873,
7874,
7875,
7876,
7877,
7878,
7879,
7880,
7881,
7882,
7883,
7884,
7885,
7886,
7887,
7888,
7889,
7890,
7891,
7892,
7893,
7894,
7895,
7896,
7897,
7898,
7899,
7900,
7901,
7902,
7903,
7904,
7905,
7906,
7907,
7908,
7909,
7910,
7911,
7912,
7913,
7914,
7915,
7916,
7917,
7918,
7919,
7920,
7921,
7922,
7923,
7924,
7925,
7926,
7927,
7928,
7929,
7930,
7931,
7932,
7933,
7934,
7935,
7936,
7937,
7938,
7939,
7940,
7941,
7942,
7943,
7944,
7945,
7946,
7947,
7948,
7949,
7950,
7951,
7952,
7953,
7954,
7955,
7956,
7957,
7958,
7959,
7960,
7961,
7962,
7963,
7964,
7965,
7966,
7967,
7968,
7969,
7970,
7971,
7972,
7973,
7974,
7975,
7976,
7977,
7978,
7979,
7980,
7981,
7982,
7983,
7984,
7985,
7986,
7987,
7988,
7989,
7990,
7991,
7992,
7993,
7994,
7995,
7996,
7997,
7998,
7999,
8000,
