0,0.03
1,-0.107
2,-0.26
3,-0.404
4,-0.53
5,-0.651
6,-0.774
7,-0.916
8,-1.085
9,-1.234
10,-1.359
11,-1.479
12,-1.633
13,-1.769
14,-1.874
15,-1.989
16,-2.13
17,-2.291
18,-2.429
19,-2.548
20,-2.703
21,-2.869
22,-3.003
23,-3.093
24,-3.197
25,-3.355
26,-3.526
27,-3.621
28,-3.69
29,-3.816
30,-4.021
31,-4.214
32,-4.295
33,-4.353
34,-4.502
35,-4.699
36,-4.851
37,-4.926
38,-5.004
39,-5.145
40,-5.343
41,-5.504
42,-5.61
43,-5.694
44,-5.826
45,-5.987
46,-6.123
47,-6.217
48,-6.328
49,-6.483
50,-6.657
51,-6.789
52,-6.891
53,-7.005
54,-7.136
55,-7.3
56,-7.417
57,-7.493
58,-7.611
59,-7.785
60,-7.945
61,-8.052
62,-8.139
63,-8.297
64,-8.412
65,-8.535
66,-8.724
67,-8.882
68,-9.017
69,-9.092
70,-9.09
71,-9.177
72,-9.398
73,-9.541
74,-9.661
75,-9.78
76,-9.871
77,-9.978
78,-10.113
79,-10.232
80,-10.364
81,-10.484
82,-10.589
83,-10.688
84,-10.797
85,-10.93
86,-11.058
87,-11.187
88,-11.33
89,-11.446
90,-11.527
91,-11.627
92,-11.758
93,-11.866
94,-11.952
95,-12.051
96,-12.164
97,-12.292
98,-12.393
99,-12.491
100,-12.601
101,-12.725
102,-12.835
103,-12.938
104,-13.041
105,-13.157
106,-13.268
107,-13.362
108,-13.442
109,-13.53
110,-13.649
111,-13.752
112,-13.834
113,-13.929
114,-14.052
115,-14.173
116,-14.277
117,-14.366
118,-14.442
119,-14.535
120,-14.64
121,-14.757
122,-14.845
123,-14.923
124,-15.022
125,-15.095
126,-15.146
127,-15.245
128,-15.391
129,-15.526
130,-15.594
131,-15.635
132,-15.721
133,-15.852
134,-15.959
135,-16.031
136,-16.084
137,-16.144
138,-16.257
139,-16.384
140,-16.468
141,-16.546
142,-16.616
143,-16.701
144,-16.791
145,-16.86
146,-16.916
147,-16.989
148,-17.091
149,-17.185
150,-17.252
151,-17.318
152,-17.39
153,-17.476
154,-17.556
155,-17.606
156,-17.722
157,-17.825
158,-17.923
159,-17.982
160,-18.036
161,-18.1
162,-18.175
163,-18.223
164,-18.268
165,-18.329
166,-18.394
167,-18.455
168,-18.514
169,-18.584
170,-18.649
171,-18.697
172,-18.732
173,-18.785
174,-18.857
175,-18.908
176,-18.958
177,-18.999
178,-19.052
179,-19.109
180,-19.167
181,-19.226
182,-19.261
183,-19.288
184,-19.343
185,-19.403
186,-19.447
187,-19.471
188,-19.511
189,-19.555
190,-19.601
191,-19.642
192,-19.687
193,-19.729
194,-19.74
195,-19.767
196,-19.81
197,-19.855
198,-19.891
199,-19.924
200,-19.934
201,-19.974
202,-20.011
203,-20.039
204,-20.066
205,-20.098
206,-20.131
207,-20.165
208,-20.191
209,-20.23
210,-20.248
211,-20.263
212,-20.272
213,-20.294
214,-20.301
215,-20.319
216,-20.331
217,-20.344
218,-20.361
219,-20.394
220,-20.422
221,-20.425
222,-20.418
223,-20.423
224,-20.435
225,-20.449
226,-20.457
227,-20.459
228,-20.459
229,-20.469
230,-20.468
231,-20.465
232,-20.471
233,-20.476
234,-20.468
235,-20.466
236,-20.458
237,-20.455
238,-20.444
239,-20.45
240,-20.435
241,-20.409
242,-20.403
243,-20.407
244,-20.397
245,-20.393
246,-20.374
247,-20.356
248,-20.347
249,-20.324
250,-20.304
251,-20.29
252,-20.274
253,-20.248
254,-20.226
255,-20.212
256,-20.193
257,-20.167
258,-20.145
259,-20.114
260,-20.091
261,-20.058
262,-20.024
263,-19.996
264,-19.952
265,-19.923
266,-19.897
267,-19.886
268,-19.866
269,-19.826
270,-19.781
271,-19.723
272,-19.697
273,-19.669
274,-19.627
275,-19.599
276,-19.558
277,-19.527
278,-19.479
279,-19.432
280,-19.384
281,-19.352
282,-19.299
283,-19.249
284,-19.197
285,-19.161
286,-19.117
287,-19.071
288,-19.02
289,-18.953
290,-18.899
291,-18.847
292,-18.8
293,-18.747
294,-18.681
295,-18.622
296,-18.575
297,-18.519
298,-18.457
299,-18.395
300,-18.326
301,-18.268
302,-18.211
303,-18.157
304,-18.077
305,-17.997
306,-17.939
307,-17.878
308,-17.805
309,-17.726
310,-17.654
311,-17.585
312,-17.513
313,-17.437
314,-17.362
315,-17.297
316,-17.213
317,-17.133
318,-17.064
319,-16.987
320,-16.9
321,-16.815
322,-16.732
323,-16.654
324,-16.559
325,-16.486
326,-16.426
327,-16.345
328,-16.252
329,-16.167
330,-16.074
331,-16.006
332,-15.932
333,-15.835
334,-15.738
335,-15.652
336,-15.552
337,-15.457
338,-15.371
339,-15.3
340,-15.222
341,-15.116
342,-15.006
343,-14.913
344,-14.823
345,-14.727
346,-14.634
347,-14.537
348,-14.429
349,-14.329
350,-14.248
351,-14.148
352,-14.039
353,-13.949
354,-13.842
355,-13.739
356,-13.645
357,-13.547
358,-13.448
359,-13.344
360,-13.223
361,-13.117
362,-13.004
363,-12.892
364,-12.793
365,-12.689
366,-12.592
367,-12.481
368,-12.368
369,-12.266
370,-12.164
371,-12.034
372,-11.926
373,-11.823
374,-11.697
375,-11.585
376,-11.463
377,-11.364
378,-11.25
379,-11.129
380,-11.011
381,-10.895
382,-10.788
383,-10.668
384,-10.535
385,-10.411
386,-10.298
387,-10.187
388,-10.075
389,-9.952
390,-9.821
391,-9.691
392,-9.596
393,-9.445
394,-9.361
395,-9.174
396,-9.015
397,-8.968
398,-8.952
399,-8.871
400,-8.705
401,-8.45
402,-8.368
403,-8.258
404,-8.136
405,-8.01
406,-7.887
407,-7.76
408,-7.645
409,-7.524
410,-7.384
411,-7.247
412,-7.121
413,-7.002
414,-6.868
415,-6.733
416,-6.613
417,-6.484
418,-6.352
419,-6.234
420,-6.111
421,-5.977
422,-5.843
423,-5.692
424,-5.577
425,-5.453
426,-5.339
427,-5.194
428,-5.058
429,-4.949
430,-4.827
431,-4.673
432,-4.523
433,-4.403
434,-4.287
435,-4.148
436,-4.005
437,-3.879
438,-3.75
439,-3.616
440,-3.481
441,-3.349
442,-3.219
443,-3.069
444,-2.926
445,-2.792
446,-2.669
447,-2.531
448,-2.399
449,-2.264
450,-2.126
451,-1.99
452,-1.855
453,-1.725
454,-1.582
455,-1.452
456,-1.316
457,-1.182
458,-1.048
459,-0.9
460,-0.767
461,-0.644
462,-0.501
463,-0.354
464,-0.226
465,-0.098
466,0.042
467,0.172
468,0.313
469,0.454
470,0.589
471,0.717
472,0.844
473,0.981
474,1.124
475,1.256
476,1.37
477,1.511
478,1.657
479,1.811
480,1.959
481,2.082
482,2.203
483,2.341
484,2.467
485,2.585
486,2.711
487,2.854
488,3.015
489,3.141
490,3.247
491,3.374
492,3.505
493,3.654
494,3.802
495,3.922
496,4.051
497,4.194
498,4.337
499,4.468
500,4.582
501,4.712
502,4.845
503,4.963
504,5.091
505,5.22
506,5.369
507,5.515
508,5.634
509,5.748
510,5.873
511,6.002
512,6.135
513,6.263
514,6.406
515,6.547
516,6.66
517,6.781
518,6.915
519,7.052
520,7.183
521,7.325
522,7.441
523,7.551
524,7.676
525,7.815
526,7.944
527,8.055
528,8.178
529,8.303
530,8.431
531,8.542
532,8.673
533,8.815
534,8.944
535,9.047
536,9.173
537,9.304
538,9.406
539,9.525
540,9.663
541,9.783
542,9.897
543,10.016
544,10.121
545,10.247
546,10.371
547,10.476
548,10.595
549,10.722
550,10.844
551,10.954
552,11.054
553,11.154
554,11.289
555,11.402
556,11.505
557,11.615
558,11.724
559,11.849
560,11.964
561,12.069
562,12.181
563,12.285
564,12.39
565,12.505
566,12.619
567,12.723
568,12.81
569,12.907
570,13.007
571,13.127
572,13.232
573,13.331
574,13.433
575,13.545
576,13.654
577,13.752
578,13.848
579,13.949
580,14.038
581,14.146
582,14.271
583,14.37
584,14.451
585,14.539
586,14.639
587,14.737
588,14.838
589,14.935
590,15.026
591,15.115
592,15.209
593,15.305
594,15.406
595,15.489
596,15.558
597,15.649
598,15.739
599,15.829
600,15.922
601,16.009
602,16.086
603,16.164
604,16.244
605,16.322
606,16.41
607,16.496
608,16.576
609,16.657
610,16.741
611,16.811
612,16.881
613,16.97
614,17.047
615,17.124
616,17.188
617,17.253
618,17.327
619,17.411
620,17.467
621,17.528
622,17.612
623,17.693
624,17.747
625,17.811
626,17.867
627,17.938
628,18.002
629,18.067
630,18.131
631,18.19
632,18.266
633,18.334
634,18.388
635,18.431
636,18.49
637,18.54
638,18.601
639,18.666
640,18.735
641,18.783
642,18.818
643,18.864
644,18.93
645,18.989
646,19.031
647,19.071
648,19.115
649,19.165
650,19.224
651,19.278
652,19.314
653,19.354
654,19.393
655,19.442
656,19.475
657,19.528
658,19.557
659,19.586
660,19.63
661,19.669
662,19.715
663,19.751
664,19.77
665,19.806
666,19.849
667,19.874
668,19.895
669,19.918
670,19.953
671,20.001
672,20.031
673,20.041
674,20.072
675,20.083
676,20.091
677,20.108
678,20.133
679,20.166
680,20.191
681,20.206
682,20.226
683,20.231
684,20.244
685,20.252
686,20.26
687,20.284
688,20.28
689,20.276
690,20.285
691,20.296
692,20.309
693,20.318
694,20.315
695,20.321
696,20.312
697,20.32
698,20.325
699,20.336
700,20.338
701,20.322
702,20.331
703,20.315
704,20.299
705,20.287
706,20.296
707,20.293
708,20.279
709,20.265
710,20.257
711,20.26
712,20.245
713,20.235
714,20.225
715,20.21
716,20.173
717,20.148
718,20.131
719,20.111
720,20.109
721,20.093
722,20.067
723,20.041
724,20.009
725,19.994
726,19.98
727,19.947
728,19.915
729,19.896
730,19.863
731,19.828
732,19.795
733,19.747
734,19.725
735,19.696
736,19.66
737,19.638
738,19.589
739,19.542
740,19.508
741,19.468
742,19.435
743,19.39
744,19.358
745,19.322
746,19.286
747,19.234
748,19.18
749,19.123
750,19.076
751,19.035
752,18.979
753,18.919
754,18.873
755,18.818
756,18.763
757,18.711
758,18.652
759,18.597
760,18.55
761,18.489
762,18.422
763,18.359
764,18.302
765,18.253
766,18.199
767,18.106
768,18.037
769,17.981
770,17.915
771,17.861
772,17.81
773,17.725
774,17.654
775,17.589
776,17.508
777,17.433
778,17.372
779,17.316
780,17.247
781,17.169
782,17.086
783,17.015
784,16.935
785,16.857
786,16.772
787,16.705
788,16.62
789,16.525
790,16.451
791,16.38
792,16.306
793,16.226
794,16.134
795,16.049
796,15.984
797,15.902
798,15.793
799,15.695
800,15.609
801,15.542
802,15.455
803,15.359
804,15.275
805,15.189
806,15.089
807,14.993
808,14.909
809,14.818
810,14.729
811,14.635
812,14.519
813,14.424
814,14.328
815,14.234
816,14.134
817,14.039
818,13.938
819,13.838
820,13.743
821,13.652
822,13.551
823,13.431
824,13.318
825,13.225
826,13.118
827,13.022
828,12.902
829,12.792
830,12.698
831,12.589
832,12.468
833,12.367
834,12.267
835,12.151
836,12.045
837,11.943
838,11.831
839,11.707
840,11.586
841,11.473
842,11.363
843,11.254
844,11.138
845,11.023
846,10.909
847,10.796
848,10.689
849,10.569
850,10.438
851,10.329
852,10.221
853,10.099
854,9.98
855,9.852
856,9.739
857,9.616
858,9.497
859,9.369
860,9.241
861,9.116
862,9.002
863,8.883
864,8.757
865,8.654
866,8.527
867,8.393
868,8.276
869,8.155
870,8.028
871,7.901
872,7.779
873,7.664
874,7.529
875,7.409
876,7.286
877,7.154
878,7.022
879,6.896
880,6.781
881,6.649
882,6.508
883,6.385
884,6.256
885,6.125
886,5.99
887,5.864
888,5.741
889,5.618
890,5.487
891,5.36
892,5.228
893,5.096
894,4.964
895,4.844
896,4.715
897,4.577
898,4.435
899,4.315
900,4.188
901,4.045
902,3.903
903,3.778
904,3.651
905,3.503
906,3.371
907,3.244
908,3.116
909,2.967
910,2.815
911,2.705
912,2.584
913,2.451
914,2.313
915,2.161
916,2.022
917,1.896
918,1.769
919,1.638
920,1.514
921,1.37
922,1.226
923,1.088
924,0.954
925,0.824
926,0.697
927,0.564
928,0.429
929,0.288
930,0.138
931,-0.005
932,-0.132
933,-0.259
934,-0.406
935,-0.532
936,-0.641
937,-0.766
938,-0.903
939,-1.045
940,-1.184
941,-1.328
942,-1.467
943,-1.594
944,-1.73
945,-1.865
946,-1.995
947,-2.135
948,-2.258
949,-2.387
950,-2.523
951,-2.667
952,-2.797
953,-2.916
954,-3.039
955,-3.187
956,-3.35
957,-3.476
958,-3.592
959,-3.727
960,-3.862
961,-3.99
962,-4.124
963,-4.264
964,-4.404
965,-4.532
966,-4.664
967,-4.796
968,-4.929
969,-5.057
970,-5.179
971,-5.303
972,-5.432
973,-5.568
974,-5.72
975,-5.837
976,-5.962
977,-6.09
978,-6.239
979,-6.377
980,-6.496
981,-6.61
982,-6.736
983,-6.868
984,-6.989
985,-7.129
986,-7.258
987,-7.381
988,-7.508
989,-7.639
990,-7.771
991,-7.883
992,-8.001
993,-8.147
994,-8.252
995,-8.411
996,-8.528
997,-8.565
998,-8.72
999,-8.913
1000,-9.015
1001,-9.035
1002,-9.101
1003,-9.345
1004,-9.475
1005,-9.602
1006,-9.694
1007,-9.797
1008,-9.926
1009,-10.062
1010,-10.176
1011,-10.284
1012,-10.393
1013,-10.522
1014,-10.642
1015,-10.739
1016,-10.868
1017,-10.994
1018,-11.106
1019,-11.215
1020,-11.316
1021,-11.435
1022,-11.558
1023,-11.668
1024,-11.794
1025,-11.899
1026,-11.988
1027,-12.11
1028,-12.223
1029,-12.323
1030,-12.433
1031,-12.533
1032,-12.644
1033,-12.765
1034,-12.873
1035,-12.985
1036,-13.083
1037,-13.188
1038,-13.294
1039,-13.392
1040,-13.49
1041,-13.581
1042,-13.678
1043,-13.81
1044,-13.909
1045,-13.99
1046,-14.09
1047,-14.194
1048,-14.301
1049,-14.401
1050,-14.477
1051,-14.581
1052,-14.683
1053,-14.771
1054,-14.857
1055,-14.964
1056,-15.061
1057,-15.145
1058,-15.243
1059,-15.335
1060,-15.42
1061,-15.511
1062,-15.599
1063,-15.696
1064,-15.777
1065,-15.859
1066,-15.949
1067,-16.039
1068,-16.125
1069,-16.203
1070,-16.29
1071,-16.37
1072,-16.441
1073,-16.509
1074,-16.613
1075,-16.703
1076,-16.77
1077,-16.848
1078,-16.919
1079,-16.996
1080,-17.077
1081,-17.15
1082,-17.232
1083,-17.31
1084,-17.372
1085,-17.446
1086,-17.515
1087,-17.58
1088,-17.647
1089,-17.713
1090,-17.781
1091,-17.842
1092,-17.903
1093,-17.988
1094,-18.071
1095,-18.126
1096,-18.178
1097,-18.229
1098,-18.29
1099,-18.356
1100,-18.421
1101,-18.488
1102,-18.549
1103,-18.609
1104,-18.649
1105,-18.688
1106,-18.745
1107,-18.817
1108,-18.873
1109,-18.928
1110,-18.97
1111,-19.007
1112,-19.058
1113,-19.116
1114,-19.168
1115,-19.204
1116,-19.249
1117,-19.298
1118,-19.344
1119,-19.377
1120,-19.413
1121,-19.454
1122,-19.491
1123,-19.553
1124,-19.607
1125,-19.635
1126,-19.656
1127,-19.695
1128,-19.736
1129,-19.772
1130,-19.802
1131,-19.823
1132,-19.859
1133,-19.894
1134,-19.919
1135,-19.96
1136,-19.971
1137,-19.996
1138,-20.033
1139,-20.05
1140,-20.069
1141,-20.108
1142,-20.124
1143,-20.152
1144,-20.159
1145,-20.173
1146,-20.197
1147,-20.217
1148,-20.229
1149,-20.239
1150,-20.268
1151,-20.277
1152,-20.29
1153,-20.311
1154,-20.312
1155,-20.317
1156,-20.313
1157,-20.31
1158,-20.336
1159,-20.361
1160,-20.369
1161,-20.363
1162,-20.358
1163,-20.356
1164,-20.335
1165,-20.329
1166,-20.339
1167,-20.354
1168,-20.339
1169,-20.34
1170,-20.33
1171,-20.339
1172,-20.335
1173,-20.318
1174,-20.305
1175,-20.293
1176,-20.279
1177,-20.272
1178,-20.267
1179,-20.258
1180,-20.238
1181,-20.215
1182,-20.203
1183,-20.202
1184,-20.193
1185,-20.164
1186,-20.141
1187,-20.119
1188,-20.104
1189,-20.061
1190,-20.045
1191,-20.03
1192,-20
1193,-19.967
1194,-19.942
1195,-19.913
1196,-19.893
1197,-19.859
1198,-19.826
1199,-19.79
1200,-19.753
1201,-19.722
1202,-19.694
1203,-19.645
1204,-19.599
1205,-19.577
1206,-19.544
1207,-19.496
1208,-19.456
1209,-19.421
1210,-19.39
1211,-19.338
1212,-19.272
1213,-19.235
1214,-19.185
1215,-19.142
1216,-19.102
1217,-19.055
1218,-19.006
1219,-18.948
1220,-18.9
1221,-18.845
1222,-18.781
1223,-18.726
1224,-18.674
1225,-18.639
1226,-18.584
1227,-18.519
1228,-18.466
1229,-18.403
1230,-18.339
1231,-18.271
1232,-18.209
1233,-18.149
1234,-18.08
1235,-18.008
1236,-17.948
1237,-17.89
1238,-17.837
1239,-17.767
1240,-17.679
1241,-17.615
1242,-17.553
1243,-17.487
1244,-17.416
1245,-17.34
1246,-17.255
1247,-17.186
1248,-17.119
1249,-17.052
1250,-16.971
1251,-16.9
1252,-16.824
1253,-16.747
1254,-16.666
1255,-16.577
1256,-16.499
1257,-16.415
1258,-16.333
1259,-16.247
1260,-16.16
1261,-16.091
1262,-16.017
1263,-15.916
1264,-15.831
1265,-15.742
1266,-15.65
1267,-15.554
1268,-15.481
1269,-15.4
1270,-15.3
1271,-15.217
1272,-15.116
1273,-15.017
1274,-14.939
1275,-14.839
1276,-14.735
1277,-14.649
1278,-14.558
1279,-14.446
1280,-14.351
1281,-14.266
1282,-14.17
1283,-14.064
1284,-13.966
1285,-13.858
1286,-13.75
1287,-13.653
1288,-13.558
1289,-13.469
1290,-13.353
1291,-13.253
1292,-13.151
1293,-13.045
1294,-12.922
1295,-12.835
1296,-12.729
1297,-12.629
1298,-12.517
1299,-12.403
1300,-12.295
1301,-12.184
1302,-12.067
1303,-11.961
1304,-11.868
1305,-11.745
1306,-11.616
1307,-11.506
1308,-11.406
1309,-11.305
1310,-11.192
1311,-11.064
1312,-10.936
1313,-10.83
1314,-10.732
1315,-10.619
1316,-10.502
1317,-10.379
1318,-10.264
1319,-10.145
1320,-10.028
1321,-9.898
1322,-9.772
1323,-9.657
1324,-9.55
1325,-9.408
1326,-9.313
1327,-9.239
1328,-9.022
1329,-8.819
1330,-8.723
1331,-8.703
1332,-8.686
1333,-8.575
1334,-8.341
1335,-8.213
1336,-8.077
1337,-7.945
1338,-7.836
1339,-7.717
1340,-7.594
1341,-7.486
1342,-7.339
1343,-7.21
1344,-7.097
1345,-6.96
1346,-6.823
1347,-6.7
1348,-6.563
1349,-6.448
1350,-6.316
1351,-6.174
1352,-6.066
1353,-5.948
1354,-5.818
1355,-5.677
1356,-5.538
1357,-5.416
1358,-5.286
1359,-5.147
1360,-5.007
1361,-4.877
1362,-4.745
1363,-4.633
1364,-4.5
1365,-4.361
1366,-4.219
1367,-4.089
1368,-3.962
1369,-3.827
1370,-3.696
1371,-3.574
1372,-3.437
1373,-3.308
1374,-3.173
1375,-3.039
1376,-2.907
1377,-2.768
1378,-2.627
1379,-2.51
1380,-2.378
1381,-2.229
1382,-2.092
1383,-1.97
1384,-1.848
1385,-1.716
1386,-1.571
1387,-1.429
1388,-1.289
1389,-1.155
1390,-1.032
1391,-0.903
1392,-0.762
1393,-0.632
1394,-0.503
1395,-0.36
1396,-0.231
1397,-0.091
1398,0.049
1399,0.195
1400,0.326
1401,0.449
1402,0.57
1403,0.699
1404,0.833
1405,0.981
1406,1.127
1407,1.276
1408,1.401
1409,1.515
1410,1.667
1411,1.801
1412,1.941
1413,2.062
1414,2.194
1415,2.331
1416,2.46
1417,2.587
1418,2.723
1419,2.867
1420,3.003
1421,3.13
1422,3.267
1423,3.413
1424,3.536
1425,3.65
1426,3.778
1427,3.92
1428,4.062
1429,4.182
1430,4.309
1431,4.438
1432,4.576
1433,4.713
1434,4.851
1435,4.984
1436,5.116
1437,5.237
1438,5.367
1439,5.495
1440,5.625
1441,5.76
1442,5.894
1443,6.015
1444,6.15
1445,6.271
1446,6.406
1447,6.529
1448,6.657
1449,6.779
1450,6.919
1451,7.047
1452,7.161
1453,7.279
1454,7.4
1455,7.531
1456,7.656
1457,7.78
1458,7.906
1459,8.031
1460,8.15
1461,8.281
1462,8.403
1463,8.528
1464,8.644
1465,8.773
1466,8.909
1467,9.032
1468,9.154
1469,9.269
1470,9.376
1471,9.489
1472,9.616
1473,9.738
1474,9.843
1475,9.964
1476,10.087
1477,10.207
1478,10.323
1479,10.436
1480,10.544
1481,10.665
1482,10.782
1483,10.9
1484,11.016
1485,11.133
1486,11.246
1487,11.36
1488,11.46
1489,11.566
1490,11.676
1491,11.802
1492,11.931
1493,12.025
1494,12.128
1495,12.243
1496,12.351
1497,12.455
1498,12.574
1499,12.684
1500,12.789
1501,12.909
1502,12.996
1503,13.087
1504,13.192
1505,13.294
1506,13.406
1507,13.509
1508,13.601
1509,13.697
1510,13.802
1511,13.906
1512,14.005
1513,14.099
1514,14.192
1515,14.289
1516,14.389
1517,14.489
1518,14.588
1519,14.675
1520,14.76
1521,14.864
1522,14.948
1523,15.032
1524,15.135
1525,15.221
1526,15.318
1527,15.409
1528,15.494
1529,15.572
1530,15.663
1531,15.755
1532,15.841
1533,15.921
1534,15.993
1535,16.076
1536,16.166
1537,16.256
1538,16.327
1539,16.406
1540,16.5
1541,16.586
1542,16.653
1543,16.719
1544,16.798
1545,16.883
1546,16.966
1547,17.034
1548,17.111
1549,17.183
1550,17.254
1551,17.322
1552,17.389
1553,17.463
1554,17.54
1555,17.626
1556,17.696
1557,17.742
1558,17.802
1559,17.867
1560,17.931
1561,18.001
1562,18.063
1563,18.127
1564,18.178
1565,18.238
1566,18.3
1567,18.37
1568,18.409
1569,18.484
1570,18.553
1571,18.608
1572,18.653
1573,18.7
1574,18.743
1575,18.802
1576,18.86
1577,18.913
1578,18.951
1579,18.983
1580,19.044
1581,19.102
1582,19.144
1583,19.18
1584,19.226
1585,19.283
1586,19.323
1587,19.36
1588,19.397
1589,19.428
1590,19.476
1591,19.524
1592,19.553
1593,19.57
1594,19.597
1595,19.637
1596,19.677
1597,19.707
1598,19.744
1599,19.773
1600,19.801
1601,19.829
1602,19.859
1603,19.886
1604,19.915
1605,19.947
1606,19.958
1607,19.982
1608,20.005
1609,20.031
1610,20.05
1611,20.047
1612,20.061
1613,20.089
1614,20.123
1615,20.125
1616,20.118
1617,20.147
1618,20.179
1619,20.181
1620,20.189
1621,20.198
1622,20.204
1623,20.212
1624,20.204
1625,20.189
1626,20.189
1627,20.212
1628,20.234
1629,20.23
1630,20.21
1631,20.207
1632,20.222
1633,20.237
1634,20.231
1635,20.203
1636,20.201
1637,20.222
1638,20.221
1639,20.198
1640,20.187
1641,20.178
1642,20.168
1643,20.152
1644,20.146
1645,20.128
1646,20.109
1647,20.099
1648,20.07
1649,20.058
1650,20.043
1651,20.045
1652,20.015
1653,19.967
1654,19.957
1655,19.942
1656,19.921
1657,19.887
1658,19.864
1659,19.83
1660,19.79
1661,19.764
1662,19.756
1663,19.723
1664,19.683
1665,19.651
1666,19.628
1667,19.593
1668,19.557
1669,19.537
1670,19.498
1671,19.462
1672,19.409
1673,19.352
1674,19.315
1675,19.286
1676,19.241
1677,19.201
1678,19.145
1679,19.115
1680,19.068
1681,19.003
1682,18.942
1683,18.915
1684,18.889
1685,18.832
1686,18.755
1687,18.696
1688,18.666
1689,18.615
1690,18.546
1691,18.477
1692,18.431
1693,18.394
1694,18.338
1695,18.267
1696,18.205
1697,18.151
1698,18.087
1699,18.019
1700,17.96
1701,17.909
1702,17.851
1703,17.779
1704,17.7
1705,17.625
1706,17.56
1707,17.499
1708,17.428
1709,17.35
1710,17.275
1711,17.215
1712,17.148
1713,17.07
1714,17.006
1715,16.928
1716,16.854
1717,16.775
1718,16.689
1719,16.606
1720,16.527
1721,16.454
1722,16.388
1723,16.307
1724,16.215
1725,16.129
1726,16.043
1727,15.967
1728,15.879
1729,15.787
1730,15.718
1731,15.622
1732,15.527
1733,15.439
1734,15.344
1735,15.27
1736,15.183
1737,15.086
1738,14.993
1739,14.902
1740,14.816
1741,14.725
1742,14.613
1743,14.51
1744,14.403
1745,14.323
1746,14.234
1747,14.154
1748,14.041
1749,13.922
1750,13.837
1751,13.747
1752,13.655
1753,13.549
1754,13.439
1755,13.335
1756,13.22
1757,13.109
1758,13.028
1759,12.928
1760,12.825
1761,12.721
1762,12.602
1763,12.499
1764,12.386
1765,12.278
1766,12.178
1767,12.076
1768,11.973
1769,11.85
1770,11.735
1771,11.626
1772,11.515
1773,11.399
1774,11.293
1775,11.173
1776,11.059
1777,10.956
1778,10.841
1779,10.726
1780,10.609
1781,10.483
1782,10.377
1783,10.268
1784,10.157
1785,10.035
1786,9.918
1787,9.793
1788,9.671
1789,9.547
1790,9.429
1791,9.318
1792,9.206
1793,9.074
1794,8.949
1795,8.828
1796,8.704
1797,8.593
1798,8.453
1799,8.337
1800,8.225
1801,8.104
1802,7.977
1803,7.853
1804,7.733
1805,7.611
1806,7.489
1807,7.347
1808,7.22
1809,7.101
1810,6.981
1811,6.839
1812,6.701
1813,6.58
1814,6.467
1815,6.328
1816,6.212
1817,6.097
1818,5.963
1819,5.822
1820,5.69
1821,5.562
1822,5.435
1823,5.3
1824,5.157
1825,5.041
1826,4.911
1827,4.774
1828,4.647
1829,4.528
1830,4.396
1831,4.252
1832,4.118
1833,3.999
1834,3.871
1835,3.738
1836,3.602
1837,3.472
1838,3.338
1839,3.195
1840,3.07
1841,2.941
1842,2.812
1843,2.676
1844,2.547
1845,2.413
1846,2.273
1847,2.135
1848,1.993
1849,1.869
1850,1.742
1851,1.598
1852,1.457
1853,1.342
1854,1.211
1855,1.066
1856,0.925
1857,0.793
1858,0.677
1859,0.538
1860,0.399
1861,0.261
1862,0.124
1863,-0.002
1864,-0.134
1865,-0.274
1866,-0.406
1867,-0.524
1868,-0.658
1869,-0.804
1870,-0.939
1871,-1.072
1872,-1.207
1873,-1.341
1874,-1.482
1875,-1.626
1876,-1.761
1877,-1.887
1878,-2.002
1879,-2.139
1880,-2.283
1881,-2.431
1882,-2.562
1883,-2.69
1884,-2.821
1885,-2.95
1886,-3.069
1887,-3.202
1888,-3.345
1889,-3.479
1890,-3.608
1891,-3.748
1892,-3.876
1893,-4.003
1894,-4.135
1895,-4.272
1896,-4.405
1897,-4.531
1898,-4.666
1899,-4.806
1900,-4.936
1901,-5.06
1902,-5.194
1903,-5.316
1904,-5.452
1905,-5.584
1906,-5.712
1907,-5.832
1908,-5.958
1909,-6.088
1910,-6.219
1911,-6.352
1912,-6.481
1913,-6.61
1914,-6.739
1915,-6.851
1916,-6.984
1917,-7.122
1918,-7.242
1919,-7.355
1920,-7.477
1921,-7.596
1922,-7.727
1923,-7.854
1924,-7.996
1925,-8.141
1926,-8.223
1927,-8.377
1928,-8.45
1929,-8.576
1930,-8.799
1931,-8.965
1932,-9.029
1933,-9.053
1934,-9.085
1935,-9.276
1936,-9.456
1937,-9.585
1938,-9.684
1939,-9.784
1940,-9.903
1941,-10.019
1942,-10.134
1943,-10.248
1944,-10.372
1945,-10.494
1946,-10.61
1947,-10.727
1948,-10.836
1949,-10.942
1950,-11.059
1951,-11.194
1952,-11.308
1953,-11.41
1954,-11.519
1955,-11.629
1956,-11.741
1957,-11.852
1958,-11.956
1959,-12.074
1960,-12.19
1961,-12.303
1962,-12.419
1963,-12.525
1964,-12.619
1965,-12.724
1966,-12.824
1967,-12.922
1968,-13.016
1969,-13.137
1970,-13.246
1971,-13.355
1972,-13.464
1973,-13.568
1974,-13.656
1975,-13.736
1976,-13.848
1977,-13.957
1978,-14.05
1979,-14.144
1980,-14.237
1981,-14.329
1982,-14.439
1983,-14.545
1984,-14.631
1985,-14.726
1986,-14.83
1987,-14.92
1988,-15.002
1989,-15.094
1990,-15.192
1991,-15.281
1992,-15.371
1993,-15.46
1994,-15.537
1995,-15.611
1996,-15.698
1997,-15.79
1998,-15.895
1999,-15.979
2000,-16.048
2001,-16.124
2002,-16.223
2003,-16.294
2004,-16.371
2005,-16.464
2006,-16.539
2007,-16.619
2008,-16.711
2009,-16.787
2010,-16.853
2011,-16.922
2012,-17.003
2013,-17.087
2014,-17.165
2015,-17.245
2016,-17.31
2017,-17.371
2018,-17.444
2019,-17.511
2020,-17.576
2021,-17.65
2022,-17.719
2023,-17.779
2024,-17.846
2025,-17.911
2026,-17.968
2027,-18.023
2028,-18.094
2029,-18.167
2030,-18.228
2031,-18.277
2032,-18.334
2033,-18.386
2034,-18.457
2035,-18.524
2036,-18.583
2037,-18.644
2038,-18.694
2039,-18.745
2040,-18.777
2041,-18.815
2042,-18.87
2043,-18.939
2044,-18.993
2045,-19.03
2046,-19.067
2047,-19.113
2048,-19.171
2049,-19.214
2050,-19.256
2051,-19.307
2052,-19.354
2053,-19.39
2054,-19.424
2055,-19.464
2056,-19.51
2057,-19.527
2058,-19.543
2059,-19.596
2060,-19.629
2061,-19.671
2062,-19.708
2063,-19.747
2064,-19.777
2065,-19.81
2066,-19.842
2067,-19.854
2068,-19.879
2069,-19.91
2070,-19.932
2071,-19.956
2072,-19.983
2073,-20
2074,-20.025
2075,-20.048
2076,-20.072
2077,-20.079
2078,-20.089
2079,-20.116
2080,-20.134
2081,-20.152
2082,-20.151
2083,-20.152
2084,-20.176
2085,-20.209
2086,-20.211
2087,-20.211
2088,-20.221
2089,-20.233
2090,-20.229
2091,-20.248
2092,-20.252
2093,-20.237
2094,-20.248
2095,-20.256
2096,-20.249
2097,-20.245
2098,-20.252
2099,-20.25
2100,-20.232
2101,-20.226
2102,-20.235
2103,-20.241
2104,-20.228
2105,-20.203
2106,-20.208
2107,-20.213
2108,-20.206
2109,-20.181
2110,-20.159
2111,-20.145
2112,-20.134
2113,-20.139
2114,-20.123
2115,-20.081
2116,-20.062
2117,-20.054
2118,-20.032
2119,-20
2120,-19.983
2121,-19.962
2122,-19.927
2123,-19.911
2124,-19.905
2125,-19.886
2126,-19.856
2127,-19.818
2128,-19.776
2129,-19.735
2130,-19.715
2131,-19.686
2132,-19.66
2133,-19.609
2134,-19.567
2135,-19.529
2136,-19.513
2137,-19.474
2138,-19.428
2139,-19.394
2140,-19.355
2141,-19.309
2142,-19.264
2143,-19.226
2144,-19.171
2145,-19.12
2146,-19.083
2147,-19.042
2148,-18.994
2149,-18.949
2150,-18.887
2151,-18.823
2152,-18.791
2153,-18.747
2154,-18.694
2155,-18.635
2156,-18.576
2157,-18.512
2158,-18.458
2159,-18.422
2160,-18.353
2161,-18.281
2162,-18.226
2163,-18.166
2164,-18.103
2165,-18.038
2166,-17.98
2167,-17.929
2168,-17.854
2169,-17.791
2170,-17.734
2171,-17.669
2172,-17.589
2173,-17.516
2174,-17.447
2175,-17.382
2176,-17.307
2177,-17.248
2178,-17.176
2179,-17.108
2180,-17.016
2181,-16.94
2182,-16.871
2183,-16.798
2184,-16.717
2185,-16.639
2186,-16.557
2187,-16.481
2188,-16.399
2189,-16.321
2190,-16.233
2191,-16.135
2192,-16.055
2193,-15.984
2194,-15.9
2195,-15.795
2196,-15.716
2197,-15.651
2198,-15.581
2199,-15.481
2200,-15.381
2201,-15.291
2202,-15.198
2203,-15.104
2204,-15.03
2205,-14.926
2206,-14.829
2207,-14.75
2208,-14.657
2209,-14.556
2210,-14.453
2211,-14.356
2212,-14.261
2213,-14.177
2214,-14.08
2215,-13.97
2216,-13.861
2217,-13.758
2218,-13.664
2219,-13.573
2220,-13.468
2221,-13.366
2222,-13.264
2223,-13.158
2224,-13.065
2225,-12.969
2226,-12.869
2227,-12.748
2228,-12.643
2229,-12.545
2230,-12.447
2231,-12.331
2232,-12.214
2233,-12.092
2234,-11.977
2235,-11.877
2236,-11.775
2237,-11.664
2238,-11.554
2239,-11.448
2240,-11.33
2241,-11.213
2242,-11.11
2243,-10.986
2244,-10.861
2245,-10.765
2246,-10.647
2247,-10.526
2248,-10.419
2249,-10.294
2250,-10.16
2251,-10.041
2252,-9.933
2253,-9.832
2254,-9.715
2255,-9.574
2256,-9.484
2257,-9.297
2258,-9.227
2259,-9.162
2260,-8.971
2261,-8.792
2262,-8.709
2263,-8.687
2264,-8.625
2265,-8.395
2266,-8.261
2267,-8.117
2268,-8.017
2269,-7.903
2270,-7.771
2271,-7.634
2272,-7.502
2273,-7.391
2274,-7.274
2275,-7.15
2276,-7.017
2277,-6.892
2278,-6.767
2279,-6.646
2280,-6.52
2281,-6.386
2282,-6.259
2283,-6.132
2284,-5.989
2285,-5.864
2286,-5.737
2287,-5.613
2288,-5.483
2289,-5.348
2290,-5.22
2291,-5.079
2292,-4.948
2293,-4.815
2294,-4.682
2295,-4.566
2296,-4.435
2297,-4.306
2298,-4.184
2299,-4.029
2300,-3.9
2301,-3.761
2302,-3.629
2303,-3.518
2304,-3.409
2305,-3.277
2306,-3.129
2307,-2.981
2308,-2.848
2309,-2.723
2310,-2.595
2311,-2.46
2312,-2.325
2313,-2.195
2314,-2.066
2315,-1.924
2316,-1.787
2317,-1.658
2318,-1.523
2319,-1.377
2320,-1.246
2321,-1.132
2322,-1
2323,-0.863
2324,-0.716
2325,-0.568
2326,-0.426
2327,-0.306
2328,-0.185
2329,-0.065
2330,0.073
2331,0.203
2332,0.336
2333,0.478
2334,0.617
2335,0.747
2336,0.873
2337,1.02
2338,1.156
2339,1.289
2340,1.416
2341,1.559
2342,1.691
2343,1.815
2344,1.954
2345,2.105
2346,2.232
2347,2.359
2348,2.507
2349,2.641
2350,2.76
2351,2.886
2352,3.014
2353,3.151
2354,3.28
2355,3.408
2356,3.546
2357,3.675
2358,3.799
2359,3.931
2360,4.06
2361,4.194
2362,4.333
2363,4.465
2364,4.598
2365,4.724
2366,4.856
2367,4.982
2368,5.104
2369,5.231
2370,5.375
2371,5.521
2372,5.647
2373,5.782
2374,5.91
2375,6.025
2376,6.138
2377,6.258
2378,6.386
2379,6.529
2380,6.663
2381,6.776
2382,6.894
2383,7.024
2384,7.17
2385,7.298
2386,7.413
2387,7.538
2388,7.669
2389,7.787
2390,7.904
2391,8.021
2392,8.139
2393,8.268
2394,8.397
2395,8.522
2396,8.638
2397,8.761
2398,8.882
2399,9.004
2400,9.118
2401,9.231
2402,9.359
2403,9.491
2404,9.615
2405,9.719
2406,9.825
2407,9.947
2408,10.055
2409,10.186
2410,10.318
2411,10.431
2412,10.537
2413,10.66
2414,10.774
2415,10.899
2416,11.018
2417,11.122
2418,11.231
2419,11.332
2420,11.436
2421,11.548
2422,11.663
2423,11.781
2424,11.874
2425,11.978
2426,12.088
2427,12.206
2428,12.317
2429,12.422
2430,12.525
2431,12.625
2432,12.738
2433,12.841
2434,12.938
2435,13.047
2436,13.164
2437,13.263
2438,13.354
2439,13.447
2440,13.548
2441,13.657
2442,13.753
2443,13.857
2444,13.952
2445,14.041
2446,14.135
2447,14.24
2448,14.332
2449,14.436
2450,14.536
2451,14.632
2452,14.721
2453,14.799
2454,14.896
2455,15.008
2456,15.097
2457,15.186
2458,15.272
2459,15.36
2460,15.447
2461,15.517
2462,15.613
2463,15.715
2464,15.788
2465,15.867
2466,15.956
2467,16.039
2468,16.115
2469,16.19
2470,16.276
2471,16.357
2472,16.443
2473,16.526
2474,16.609
2475,16.677
2476,16.753
2477,16.822
2478,16.896
2479,16.983
2480,17.045
2481,17.108
2482,17.186
2483,17.273
2484,17.341
2485,17.393
2486,17.453
2487,17.538
2488,17.624
2489,17.681
2490,17.733
2491,17.806
2492,17.875
2493,17.928
2494,17.99
2495,18.048
2496,18.108
2497,18.168
2498,18.232
2499,18.287
2500,18.347
2501,18.396
2502,18.446
2503,18.506
2504,18.561
2505,18.611
2506,18.668
2507,18.721
2508,18.775
2509,18.817
2510,18.857
2511,18.915
2512,18.969
2513,19.012
2514,19.056
2515,19.1
2516,19.137
2517,19.188
2518,19.219
2519,19.267
2520,19.309
2521,19.337
2522,19.372
2523,19.424
2524,19.457
2525,19.504
2526,19.537
2527,19.567
2528,19.581
2529,19.591
2530,19.635
2531,19.673
2532,19.702
2533,19.74
2534,19.767
2535,19.802
2536,19.832
2537,19.84
2538,19.856
2539,19.883
2540,19.899
2541,19.91
2542,19.934
2543,19.96
2544,19.98
2545,20.002
2546,20.013
2547,20.031
2548,20.049
2549,20.07
2550,20.057
2551,20.064
2552,20.081
2553,20.106
2554,20.104
2555,20.097
2556,20.116
2557,20.127
2558,20.121
2559,20.122
2560,20.138
2561,20.134
2562,20.133
2563,20.131
2564,20.116
2565,20.105
2566,20.106
2567,20.098
2568,20.096
2569,20.121
2570,20.121
2571,20.093
2572,20.074
2573,20.058
2574,20.045
2575,20.033
2576,20.025
2577,20.018
2578,20.005
2579,19.987
2580,19.976
2581,19.968
2582,19.953
2583,19.919
2584,19.894
2585,19.872
2586,19.864
2587,19.841
2588,19.802
2589,19.768
2590,19.754
2591,19.734
2592,19.697
2593,19.658
2594,19.627
2595,19.602
2596,19.576
2597,19.544
2598,19.524
2599,19.5
2600,19.46
2601,19.402
2602,19.373
2603,19.346
2604,19.312
2605,19.264
2606,19.214
2607,19.166
2608,19.124
2609,19.083
2610,19.044
2611,19.001
2612,18.944
2613,18.889
2614,18.852
2615,18.808
2616,18.764
2617,18.723
2618,18.659
2619,18.595
2620,18.546
2621,18.493
2622,18.438
2623,18.381
2624,18.331
2625,18.289
2626,18.218
2627,18.147
2628,18.096
2629,18.05
2630,17.994
2631,17.913
2632,17.841
2633,17.778
2634,17.725
2635,17.665
2636,17.594
2637,17.523
2638,17.455
2639,17.395
2640,17.329
2641,17.251
2642,17.175
2643,17.09
2644,17.036
2645,16.973
2646,16.895
2647,16.807
2648,16.723
2649,16.651
2650,16.58
2651,16.493
2652,16.422
2653,16.364
2654,16.271
2655,16.176
2656,16.097
2657,16.027
2658,15.94
2659,15.841
2660,15.766
2661,15.683
2662,15.599
2663,15.517
2664,15.43
2665,15.338
2666,15.241
2667,15.157
2668,15.064
2669,14.961
2670,14.873
2671,14.802
2672,14.721
2673,14.619
2674,14.525
2675,14.436
2676,14.347
2677,14.242
2678,14.133
2679,14.022
2680,13.934
2681,13.841
2682,13.742
2683,13.635
2684,13.535
2685,13.43
2686,13.332
2687,13.236
2688,13.143
2689,13.042
2690,12.938
2691,12.824
2692,12.725
2693,12.627
2694,12.512
2695,12.403
2696,12.289
2697,12.186
2698,12.086
2699,11.965
2700,11.841
2701,11.756
2702,11.668
2703,11.55
2704,11.418
2705,11.306
2706,11.206
2707,11.093
2708,10.984
2709,10.876
2710,10.76
2711,10.623
2712,10.515
2713,10.406
2714,10.287
2715,10.176
2716,10.056
2717,9.939
2718,9.818
2719,9.7
2720,9.582
2721,9.448
2722,9.327
2723,9.219
2724,9.12
2725,9.007
2726,8.877
2727,8.74
2728,8.627
2729,8.521
2730,8.396
2731,8.26
2732,8.141
2733,8.024
2734,7.894
2735,7.77
2736,7.645
2737,7.517
2738,7.4
2739,7.275
2740,7.147
2741,7.013
2742,6.892
2743,6.761
2744,6.639
2745,6.517
2746,6.388
2747,6.257
2748,6.126
2749,6.009
2750,5.879
2751,5.744
2752,5.607
2753,5.47
2754,5.342
2755,5.239
2756,5.122
2757,4.977
2758,4.831
2759,4.71
2760,4.593
2761,4.456
2762,4.318
2763,4.183
2764,4.064
2765,3.928
2766,3.8
2767,3.67
2768,3.535
2769,3.396
2770,3.272
2771,3.149
2772,3.009
2773,2.868
2774,2.728
2775,2.598
2776,2.489
2777,2.351
2778,2.204
2779,2.053
2780,1.925
2781,1.815
2782,1.68
2783,1.525
2784,1.396
2785,1.27
2786,1.148
2787,1.012
2788,0.876
2789,0.742
2790,0.602
2791,0.467
2792,0.335
2793,0.215
2794,0.091
2795,-0.04
2796,-0.182
2797,-0.324
2798,-0.457
2799,-0.59
2800,-0.726
2801,-0.854
2802,-0.986
2803,-1.116
2804,-1.25
2805,-1.375
2806,-1.506
2807,-1.659
2808,-1.794
2809,-1.918
2810,-2.045
2811,-2.183
2812,-2.315
2813,-2.459
2814,-2.593
2815,-2.719
2816,-2.834
2817,-2.977
2818,-3.116
2819,-3.246
2820,-3.361
2821,-3.489
2822,-3.629
2823,-3.767
2824,-3.9
2825,-4.04
2826,-4.177
2827,-4.299
2828,-4.423
2829,-4.548
2830,-4.683
2831,-4.819
2832,-4.941
2833,-5.056
2834,-5.182
2835,-5.335
2836,-5.464
2837,-5.595
2838,-5.726
2839,-5.851
2840,-5.959
2841,-6.082
2842,-6.226
2843,-6.348
2844,-6.477
2845,-6.605
2846,-6.746
2847,-6.868
2848,-6.987
2849,-7.115
2850,-7.242
2851,-7.364
2852,-7.624
2853,-7.755
2854,-7.868
2855,-7.985
2856,-8.09
2857,-8.244
2858,-8.345
2859,-8.503
2860,-8.704
2861,-8.817
2862,-8.884
2863,-9.009
2864,-9.161
2865,-9.204
2866,-9.252
2867,-9.427
2868,-9.545
2869,-9.669
2870,-9.787
2871,-9.906
2872,-10.022
2873,-10.137
2874,-10.249
2875,-10.361
2876,-10.461
2877,-10.588
2878,-10.717
2879,-10.835
2880,-10.949
2881,-11.064
2882,-11.163
2883,-11.284
2884,-11.411
2885,-11.527
2886,-11.629
2887,-11.727
2888,-11.827
2889,-11.944
2890,-12.058
2891,-12.157
2892,-12.272
2893,-12.379
2894,-12.471
2895,-12.576
2896,-12.689
2897,-12.806
2898,-12.909
2899,-13.013
2900,-13.112
2901,-13.213
2902,-13.323
2903,-13.429
2904,-13.52
2905,-13.618
2906,-13.723
2907,-13.825
2908,-13.926
2909,-14.016
2910,-14.113
2911,-14.203
2912,-14.289
2913,-14.397
2914,-14.515
2915,-14.601
2916,-14.681
2917,-14.761
2918,-14.846
2919,-14.96
2920,-15.055
2921,-15.158
2922,-15.235
2923,-15.308
2924,-15.397
2925,-15.483
2926,-15.567
2927,-15.661
2928,-15.745
2929,-15.838
2930,-15.928
2931,-16.013
2932,-16.096
2933,-16.175
2934,-16.255
2935,-16.335
2936,-16.42
2937,-16.49
2938,-16.564
2939,-16.646
2940,-16.735
2941,-16.804
2942,-16.868
2943,-16.939
2944,-17.029
2945,-17.103
2946,-17.174
2947,-17.248
2948,-17.319
2949,-17.384
2950,-17.455
2951,-17.52
2952,-17.584
2953,-17.648
2954,-17.715
2955,-17.777
2956,-17.85
2957,-17.913
2958,-17.971
2959,-18.034
2960,-18.094
2961,-18.154
2962,-18.21
2963,-18.271
2964,-18.327
2965,-18.381
2966,-18.442
2967,-18.499
2968,-18.557
2969,-18.601
2970,-18.655
2971,-18.7
2972,-18.752
2973,-18.803
2974,-18.862
2975,-18.904
2976,-18.942
2977,-18.997
2978,-19.046
2979,-19.093
2980,-19.143
2981,-19.181
2982,-19.215
2983,-19.27
2984,-19.302
2985,-19.334
2986,-19.381
2987,-19.417
2988,-19.463
2989,-19.49
2990,-19.523
2991,-19.563
2992,-19.594
2993,-19.636
2994,-19.661
2995,-19.681
2996,-19.723
2997,-19.744
2998,-19.77
2999,-19.79
3000,-19.819
3001,-19.834
3002,-19.856
3003,-19.881
3004,-19.91
3005,-19.941
3006,-19.977
3007,-19.987
3008,-20.005
3009,-20.012
3010,-20.024
3011,-20.041
3012,-20.061
3013,-20.079
3014,-20.077
3015,-20.098
3016,-20.105
3017,-20.117
3018,-20.129
3019,-20.139
3020,-20.136
3021,-20.149
3022,-20.152
3023,-20.158
3024,-20.165
3025,-20.154
3026,-20.142
3027,-20.146
3028,-20.159
3029,-20.138
3030,-20.119
3031,-20.122
3032,-20.147
3033,-20.148
3034,-20.125
3035,-20.104
3036,-20.099
3037,-20.097
3038,-20.081
3039,-20.091
3040,-20.069
3041,-20.059
3042,-20.045
3043,-20.045
3044,-20.033
3045,-20.002
3046,-19.98
3047,-19.952
3048,-19.928
3049,-19.91
3050,-19.9
3051,-19.887
3052,-19.858
3053,-19.833
3054,-19.808
3055,-19.782
3056,-19.735
3057,-19.69
3058,-19.681
3059,-19.652
3060,-19.614
3061,-19.589
3062,-19.571
3063,-19.532
3064,-19.491
3065,-19.467
3066,-19.435
3067,-19.402
3068,-19.355
3069,-19.306
3070,-19.265
3071,-19.235
3072,-19.194
3073,-19.15
3074,-19.119
3075,-19.061
3076,-19.007
3077,-18.965
3078,-18.92
3079,-18.884
3080,-18.832
3081,-18.781
3082,-18.738
3083,-18.682
3084,-18.623
3085,-18.566
3086,-18.516
3087,-18.461
3088,-18.407
3089,-18.358
3090,-18.309
3091,-18.233
3092,-18.174
3093,-18.113
3094,-18.071
3095,-17.997
3096,-17.921
3097,-17.865
3098,-17.8
3099,-17.732
3100,-17.671
3101,-17.619
3102,-17.536
3103,-17.458
3104,-17.406
3105,-17.339
3106,-17.268
3107,-17.195
3108,-17.118
3109,-17.046
3110,-16.977
3111,-16.902
3112,-16.83
3113,-16.755
3114,-16.688
3115,-16.603
3116,-16.51
3117,-16.432
3118,-16.365
3119,-16.284
3120,-16.211
3121,-16.134
3122,-16.049
3123,-15.965
3124,-15.871
3125,-15.774
3126,-15.688
3127,-15.61
3128,-15.527
3129,-15.434
3130,-15.343
3131,-15.255
3132,-15.177
3133,-15.084
3134,-14.987
3135,-14.889
3136,-14.8
3137,-14.713
3138,-14.632
3139,-14.545
3140,-14.442
3141,-14.344
3142,-14.253
3143,-14.162
3144,-14.054
3145,-13.952
3146,-13.854
3147,-13.758
3148,-13.675
3149,-13.578
3150,-13.461
3151,-13.367
3152,-13.279
3153,-13.183
3154,-13.053
3155,-12.935
3156,-12.837
3157,-12.736
3158,-12.639
3159,-12.525
3160,-12.432
3161,-12.326
3162,-12.21
3163,-12.1
3164,-11.994
3165,-11.898
3166,-11.779
3167,-11.657
3168,-11.532
3169,-11.435
3170,-11.324
3171,-11.226
3172,-11.123
3173,-11.023
3174,-10.906
3175,-10.778
3176,-10.658
3177,-10.553
3178,-10.439
3179,-10.304
3180,-10.198
3181,-10.087
3182,-9.957
3183,-9.829
3184,-9.725
3185,-9.619
3186,-9.466
3187,-9.377
3188,-9.255
3189,-9.051
3190,-8.91
3191,-8.81
3192,-8.677
3193,-8.59
3194,-8.597
3195,-8.508
3196,-8.298
3197,-8.164
3198,-8.055
3199,-7.932
3200,-7.807
3201,-7.676
3202,-7.547
3203,-7.432
3204,-7.313
3205,-7.177
3206,-7.05
3207,-6.919
3208,-6.785
3209,-6.671
3210,-6.558
3211,-6.428
3212,-6.286
3213,-6.151
3214,-6.045
3215,-5.922
3216,-5.8
3217,-5.664
3218,-5.524
3219,-5.407
3220,-5.268
3221,-5.129
3222,-4.992
3223,-4.871
3224,-4.749
3225,-4.612
3226,-4.497
3227,-4.361
3228,-4.224
3229,-4.094
3230,-3.963
3231,-3.832
3232,-3.706
3233,-3.585
3234,-3.454
3235,-3.314
3236,-3.181
3237,-3.052
3238,-2.925
3239,-2.809
3240,-2.661
3241,-2.501
3242,-2.375
3243,-2.255
3244,-2.123
3245,-1.986
3246,-1.859
3247,-1.728
3248,-1.596
3249,-1.462
3250,-1.326
3251,-1.197
3252,-1.082
3253,-0.934
3254,-0.794
3255,-0.661
3256,-0.543
3257,-0.407
3258,-0.263
3259,-0.123
3260,-0.012
3261,0.122
3262,0.285
3263,0.412
3264,0.528
3265,0.673
3266,0.809
3267,0.935
3268,1.074
3269,1.211
3270,1.338
3271,1.459
3272,1.605
3273,1.731
3274,1.857
3275,1.997
3276,2.132
3277,2.26
3278,2.4
3279,2.528
3280,2.656
3281,2.783
3282,2.915
3283,3.055
3284,3.18
3285,3.314
3286,3.452
3287,3.585
3288,3.725
3289,3.86
3290,3.979
3291,4.109
3292,4.231
3293,4.368
3294,4.509
3295,4.638
3296,4.763
3297,4.884
3298,5.021
3299,5.159
3300,5.288
3301,5.413
3302,5.534
3303,5.654
3304,5.781
3305,5.901
3306,6.031
3307,6.167
3308,6.305
3309,6.431
3310,6.56
3311,6.678
3312,6.802
3313,6.921
3314,7.046
3315,7.18
3316,7.311
3317,7.426
3318,7.548
3319,7.671
3320,7.803
3321,7.928
3322,8.046
3323,8.169
3324,8.301
3325,8.418
3326,8.531
3327,8.648
3328,8.793
3329,8.898
3330,9.026
3331,9.155
3332,9.276
3333,9.373
3334,9.476
3335,9.588
3336,9.722
3337,9.851
3338,9.973
3339,10.083
3340,10.196
3341,10.303
3342,10.42
3343,10.544
3344,10.644
3345,10.751
3346,10.878
3347,10.996
3348,11.089
3349,11.198
3350,11.322
3351,11.438
3352,11.539
3353,11.647
3354,11.766
3355,11.872
3356,11.976
3357,12.082
3358,12.201
3359,12.311
3360,12.41
3361,12.505
3362,12.616
3363,12.722
3364,12.827
3365,12.931
3366,13.039
3367,13.12
3368,13.22
3369,13.332
3370,13.431
3371,13.527
3372,13.643
3373,13.748
3374,13.835
3375,13.918
3376,14.012
3377,14.115
3378,14.228
3379,14.322
3380,14.414
3381,14.5
3382,14.586
3383,14.678
3384,14.791
3385,14.876
3386,14.955
3387,15.037
3388,15.138
3389,15.226
3390,15.309
3391,15.396
3392,15.486
3393,15.573
3394,15.666
3395,15.741
3396,15.831
3397,15.912
3398,15.985
3399,16.072
3400,16.157
3401,16.242
3402,16.319
3403,16.386
3404,16.473
3405,16.556
3406,16.627
3407,16.694
3408,16.771
3409,16.862
3410,16.936
3411,17.004
3412,17.068
3413,17.138
3414,17.215
3415,17.283
3416,17.361
3417,17.422
3418,17.475
3419,17.537
3420,17.613
3421,17.694
3422,17.746
3423,17.802
3424,17.872
3425,17.936
3426,18.001
3427,18.039
3428,18.094
3429,18.161
3430,18.228
3431,18.277
3432,18.33
3433,18.383
3434,18.428
3435,18.483
3436,18.555
3437,18.606
3438,18.635
3439,18.687
3440,18.741
3441,18.795
3442,18.86
3443,18.899
3444,18.934
3445,18.981
3446,19.035
3447,19.081
3448,19.115
3449,19.15
3450,19.187
3451,19.231
3452,19.252
3453,19.293
3454,19.335
3455,19.368
3456,19.401
3457,19.441
3458,19.479
3459,19.518
3460,19.54
3461,19.56
3462,19.591
3463,19.631
3464,19.652
3465,19.661
3466,19.689
3467,19.721
3468,19.739
3469,19.753
3470,19.783
3471,19.809
3472,19.832
3473,19.852
3474,19.873
3475,19.897
3476,19.91
3477,19.918
3478,19.922
3479,19.953
3480,19.963
3481,19.954
3482,19.97
3483,19.992
3484,20.003
3485,20.015
3486,20.019
3487,20.018
3488,20.014
3489,20.009
3490,20.013
3491,20.022
3492,20.015
3493,20.03
3494,20.035
3495,20.035
3496,20.022
3497,20.012
3498,19.992
3499,19.998
3500,20.01
3501,20.003
3502,19.998
3503,19.976
3504,19.963
3505,19.953
3506,19.937
3507,19.918
3508,19.91
3509,19.907
3510,19.883
3511,19.854
3512,19.837
3513,19.831
3514,19.813
3515,19.779
3516,19.759
3517,19.749
3518,19.744
3519,19.712
3520,19.665
3521,19.637
3522,19.628
3523,19.602
3524,19.567
3525,19.526
3526,19.508
3527,19.478
3528,19.436
3529,19.392
3530,19.366
3531,19.327
3532,19.286
3533,19.247
3534,19.213
3535,19.166
3536,19.139
3537,19.097
3538,19.057
3539,19.01
3540,18.975
3541,18.94
3542,18.89
3543,18.835
3544,18.779
3545,18.732
3546,18.682
3547,18.635
3548,18.591
3549,18.541
3550,18.492
3551,18.452
3552,18.389
3553,18.316
3554,18.263
3555,18.212
3556,18.157
3557,18.096
3558,18.035
3559,17.978
3560,17.919
3561,17.852
3562,17.791
3563,17.735
3564,17.669
3565,17.614
3566,17.543
3567,17.47
3568,17.395
3569,17.333
3570,17.276
3571,17.213
3572,17.143
3573,17.067
3574,16.989
3575,16.928
3576,16.848
3577,16.771
3578,16.683
3579,16.606
3580,16.542
3581,16.471
3582,16.373
3583,16.306
3584,16.231
3585,16.138
3586,16.067
3587,15.983
3588,15.903
3589,15.821
3590,15.732
3591,15.644
3592,15.562
3593,15.491
3594,15.388
3595,15.288
3596,15.217
3597,15.129
3598,15.042
3599,14.947
3600,14.861
3601,14.773
3602,14.693
3603,14.596
3604,14.501
3605,14.4
3606,14.305
3607,14.218
3608,14.125
3609,14.021
3610,13.921
3611,13.825
3612,13.722
3613,13.624
3614,13.522
3615,13.434
3616,13.326
3617,13.212
3618,13.106
3619,13.013
3620,12.916
3621,12.809
3622,12.695
3623,12.593
3624,12.496
3625,12.395
3626,12.296
3627,12.184
3628,12.061
3629,11.956
3630,11.868
3631,11.761
3632,11.645
3633,11.527
3634,11.415
3635,11.32
3636,11.193
3637,11.083
3638,10.973
3639,10.852
3640,10.741
3641,10.643
3642,10.534
3643,10.408
3644,10.3
3645,10.19
3646,10.08
3647,9.965
3648,9.849
3649,9.719
3650,9.609
3651,9.493
3652,9.354
3653,9.227
3654,9.122
3655,9.002
3656,8.876
3657,8.747
3658,8.638
3659,8.528
3660,8.408
3661,8.283
3662,8.162
3663,8.039
3664,7.916
3665,7.792
3666,7.68
3667,7.538
3668,7.408
3669,7.286
3670,7.167
3671,7.041
3672,6.909
3673,6.793
3674,6.681
3675,6.548
3676,6.424
3677,6.296
3678,6.177
3679,6.038
3680,5.907
3681,5.795
3682,5.671
3683,5.531
3684,5.405
3685,5.268
3686,5.133
3687,5.002
3688,4.867
3689,4.759
3690,4.654
3691,4.506
3692,4.376
3693,4.238
3694,4.104
3695,3.974
3696,3.848
3697,3.722
3698,3.593
3699,3.462
3700,3.328
3701,3.183
3702,3.06
3703,2.935
3704,2.796
3705,2.66
3706,2.531
3707,2.404
3708,2.274
3709,2.132
3710,1.995
3711,1.865
3712,1.728
3713,1.602
3714,1.483
3715,1.344
3716,1.204
3717,1.061
3718,0.941
3719,0.812
3720,0.696
3721,0.566
3722,0.425
3723,0.274
3724,0.145
3725,0.013
3726,-0.125
3727,-0.244
3728,-0.381
3729,-0.51
3730,-0.645
3731,-0.778
3732,-0.914
3733,-1.037
3734,-1.163
3735,-1.308
3736,-1.445
3737,-1.568
3738,-1.705
3739,-1.846
3740,-1.983
3741,-2.115
3742,-2.238
3743,-2.361
3744,-2.497
3745,-2.633
3746,-2.776
3747,-2.91
3748,-3.032
3749,-3.154
3750,-3.278
3751,-3.426
3752,-3.572
3753,-3.687
3754,-3.803
3755,-3.944
3756,-4.093
3757,-4.231
3758,-4.355
3759,-4.473
3760,-4.605
3761,-4.732
3762,-4.857
3763,-4.986
3764,-5.117
3765,-5.249
3766,-5.381
3767,-5.5
3768,-5.628
3769,-5.754
3770,-5.881
3771,-6.013
3772,-6.159
3773,-6.28
3774,-6.388
3775,-6.513
3776,-6.641
3777,-6.773
3778,-6.905
3779,-7.027
3780,-7.147
3781,-7.268
3782,-7.395
3783,-7.522
3784,-7.652
3785,-7.788
3786,-7.896
3787,-8.01
3788,-8.152
3789,-8.246
3790,-8.423
3791,-8.475
3792,-8.621
3793,-8.822
3794,-8.975
3795,-9.038
3796,-9.048
3797,-9.091
3798,-9.305
3799,-9.458
3800,-9.584
3801,-9.672
3802,-9.789
3803,-9.919
3804,-10.029
3805,-10.158
3806,-10.269
3807,-10.396
3808,-10.513
3809,-10.617
3810,-10.729
3811,-10.839
3812,-10.952
3813,-11.068
3814,-11.177
3815,-11.281
3816,-11.395
3817,-11.51
3818,-11.619
3819,-11.726
3820,-11.837
3821,-11.951
3822,-12.056
3823,-12.143
3824,-12.265
3825,-12.378
3826,-12.477
3827,-12.584
3828,-12.681
3829,-12.791
3830,-12.903
3831,-13
3832,-13.103
3833,-13.189
3834,-13.286
3835,-13.41
3836,-13.508
3837,-13.594
3838,-13.699
3839,-13.816
3840,-13.928
3841,-14.006
3842,-14.09
3843,-14.187
3844,-14.281
3845,-14.377
3846,-14.47
3847,-14.553
3848,-14.657
3849,-14.751
3850,-14.843
3851,-14.952
3852,-15.027
3853,-15.112
3854,-15.21
3855,-15.3
3856,-15.376
3857,-15.456
3858,-15.536
3859,-15.626
3860,-15.717
3861,-15.797
3862,-15.876
3863,-15.96
3864,-16.053
3865,-16.128
3866,-16.221
3867,-16.298
3868,-16.364
3869,-16.445
3870,-16.519
3871,-16.586
3872,-16.669
3873,-16.755
3874,-16.838
3875,-16.916
3876,-16.981
3877,-17.053
3878,-17.126
3879,-17.197
3880,-17.259
3881,-17.323
3882,-17.374
3883,-17.446
3884,-17.528
3885,-17.598
3886,-17.668
3887,-17.716
3888,-17.781
3889,-17.839
3890,-17.906
3891,-17.978
3892,-18.033
3893,-18.091
3894,-18.146
3895,-18.216
3896,-18.27
3897,-18.321
3898,-18.374
3899,-18.429
3900,-18.494
3901,-18.527
3902,-18.571
3903,-18.63
3904,-18.69
3905,-18.747
3906,-18.79
3907,-18.837
3908,-18.887
3909,-18.935
3910,-18.993
3911,-19.027
3912,-19.053
3913,-19.106
3914,-19.142
3915,-19.174
3916,-19.214
3917,-19.261
3918,-19.313
3919,-19.347
3920,-19.381
3921,-19.423
3922,-19.461
3923,-19.489
3924,-19.507
3925,-19.531
3926,-19.565
3927,-19.601
3928,-19.631
3929,-19.667
3930,-19.697
3931,-19.708
3932,-19.713
3933,-19.748
3934,-19.771
3935,-19.79
3936,-19.826
3937,-19.855
3938,-19.875
3939,-19.88
3940,-19.871
3941,-19.88
3942,-19.908
3943,-19.945
3944,-19.961
3945,-19.974
3946,-19.987
3947,-19.999
3948,-20.01
3949,-20.022
3950,-20.029
3951,-20.034
3952,-20.035
3953,-20.042
3954,-20.046
3955,-20.042
3956,-20.037
3957,-20.054
3958,-20.054
3959,-20.059
3960,-20.057
3961,-20.046
3962,-20.032
3963,-20.032
3964,-20.042
3965,-20.035
3966,-20.015
3967,-19.998
3968,-19.998
3969,-19.998
3970,-19.987
3971,-19.971
3972,-19.969
3973,-19.944
3974,-19.95
3975,-19.939
3976,-19.907
3977,-19.88
3978,-19.853
3979,-19.833
3980,-19.822
3981,-19.807
3982,-19.787
3983,-19.768
3984,-19.732
3985,-19.694
3986,-19.671
3987,-19.663
3988,-19.627
3989,-19.603
3990,-19.576
3991,-19.545
3992,-19.519
3993,-19.492
3994,-19.458
3995,-19.412
3996,-19.377
3997,-19.348
3998,-19.303
3999,-19.271
4000,-19.232
4001,-19.205
4002,-19.16
4003,-19.121
4004,-19.065
4005,-19.029
4006,-18.99
4007,-18.952
4008,-18.895
4009,-18.853
4010,-18.826
4011,-18.767
4012,-18.7
4013,-18.648
4014,-18.603
4015,-18.554
4016,-18.491
4017,-18.439
4018,-18.403
4019,-18.334
4020,-18.278
4021,-18.224
4022,-18.176
4023,-18.117
4024,-18.061
4025,-17.997
4026,-17.92
4027,-17.858
4028,-17.797
4029,-17.727
4030,-17.668
4031,-17.618
4032,-17.544
4033,-17.475
4034,-17.41
4035,-17.353
4036,-17.28
4037,-17.205
4038,-17.145
4039,-17.068
4040,-16.997
4041,-16.928
4042,-16.861
4043,-16.778
4044,-16.701
4045,-16.626
4046,-16.551
4047,-16.474
4048,-16.403
4049,-16.321
4050,-16.236
4051,-16.158
4052,-16.086
4053,-15.994
4054,-15.908
4055,-15.824
4056,-15.747
4057,-15.674
4058,-15.583
4059,-15.487
4060,-15.396
4061,-15.319
4062,-15.242
4063,-15.14
4064,-15.033
4065,-14.939
4066,-14.864
4067,-14.775
4068,-14.683
4069,-14.596
4070,-14.51
4071,-14.419
4072,-14.32
4073,-14.215
4074,-14.118
4075,-14.023
4076,-13.917
4077,-13.833
4078,-13.75
4079,-13.646
4080,-13.531
4081,-13.425
4082,-13.337
4083,-13.232
4084,-13.129
4085,-13.025
4086,-12.946
4087,-12.838
4088,-12.708
4089,-12.588
4090,-12.497
4091,-12.397
4092,-12.3
4093,-12.194
4094,-12.08
4095,-11.977
4096,-11.876
4097,-11.752
4098,-11.653
4099,-11.561
4100,-11.468
4101,-11.336
4102,-11.215
4103,-11.1
4104,-10.995
4105,-10.885
4106,-10.761
4107,-10.641
4108,-10.526
4109,-10.426
4110,-10.319
4111,-10.203
4112,-10.073
4113,-9.948
4114,-9.844
4115,-9.74
4116,-9.588
4117,-9.492
4118,-9.324
4119,-9.253
4120,-9.183
4121,-8.99
4122,-8.81
4123,-8.724
4124,-8.7
4125,-8.664
4126,-8.482
4127,-8.295
4128,-8.166
4129,-8.065
4130,-7.961
4131,-7.834
4132,-7.706
4133,-7.584
4134,-7.452
4135,-7.33
4136,-7.195
4137,-7.071
4138,-6.941
4139,-6.813
4140,-6.69
4141,-6.574
4142,-6.442
4143,-6.306
4144,-6.187
4145,-6.059
4146,-5.926
4147,-5.803
4148,-5.669
4149,-5.535
4150,-5.423
4151,-5.315
4152,-5.173
4153,-5.043
4154,-4.906
4155,-4.776
4156,-4.658
4157,-4.526
4158,-4.386
4159,-4.264
4160,-4.143
4161,-4.011
4162,-3.89
4163,-3.747
4164,-3.606
4165,-3.481
4166,-3.368
4167,-3.227
4168,-3.092
4169,-2.96
4170,-2.824
4171,-2.702
4172,-2.564
4173,-2.412
4174,-2.291
4175,-2.181
4176,-2.041
4177,-1.901
4178,-1.766
4179,-1.638
4180,-1.51
4181,-1.379
4182,-1.236
4183,-1.091
4184,-0.964
4185,-0.844
4186,-0.721
4187,-0.581
4188,-0.445
4189,-0.311
4190,-0.172
4191,-0.046
4192,0.091
4193,0.215
4194,0.348
4195,0.486
4196,0.614
4197,0.748
4198,0.874
4199,1.018
4200,1.165
4201,1.278
4202,1.401
4203,1.535
4204,1.668
4205,1.792
4206,1.922
4207,2.049
4208,2.196
4209,2.346
4210,2.461
4211,2.575
4212,2.715
4213,2.861
4214,2.979
4215,3.107
4216,3.243
4217,3.383
4218,3.529
4219,3.668
4220,3.791
4221,3.909
4222,4.042
4223,4.175
4224,4.286
4225,4.412
4226,4.543
4227,4.682
4228,4.809
4229,4.937
4230,5.07
4231,5.194
4232,5.308
4233,5.443
4234,5.577
4235,5.704
4236,5.833
4237,5.963
4238,6.091
4239,6.212
4240,6.346
4241,6.481
4242,6.606
4243,6.718
4244,6.834
4245,6.967
4246,7.09
4247,7.202
4248,7.337
4249,7.479
4250,7.598
4251,7.714
4252,7.837
4253,7.964
4254,8.076
4255,8.2
4256,8.331
4257,8.452
4258,8.572
4259,8.686
4260,8.789
4261,8.911
4262,9.028
4263,9.152
4264,9.274
4265,9.404
4266,9.509
4267,9.62
4268,9.737
4269,9.858
4270,9.983
4271,10.1
4272,10.212
4273,10.341
4274,10.451
4275,10.559
4276,10.676
4277,10.8
4278,10.901
4279,10.996
4280,11.108
4281,11.224
4282,11.326
4283,11.441
4284,11.555
4285,11.66
4286,11.765
4287,11.895
4288,12.002
4289,12.106
4290,12.203
4291,12.322
4292,12.421
4293,12.519
4294,12.626
4295,12.73
4296,12.811
4297,12.914
4298,13.024
4299,13.131
4300,13.236
4301,13.328
4302,13.437
4303,13.54
4304,13.637
4305,13.733
4306,13.834
4307,13.914
4308,14.016
4309,14.125
4310,14.205
4311,14.296
4312,14.395
4313,14.502
4314,14.59
4315,14.673
4316,14.77
4317,14.841
4318,14.924
4319,15.022
4320,15.136
4321,15.218
4322,15.291
4323,15.363
4324,15.457
4325,15.554
4326,15.641
4327,15.72
4328,15.803
4329,15.882
4330,15.964
4331,16.045
4332,16.114
4333,16.199
4334,16.283
4335,16.362
4336,16.435
4337,16.498
4338,16.578
4339,16.66
4340,16.736
4341,16.801
4342,16.872
4343,16.944
4344,17.018
4345,17.101
4346,17.155
4347,17.212
4348,17.291
4349,17.367
4350,17.426
4351,17.5
4352,17.567
4353,17.633
4354,17.681
4355,17.751
4356,17.812
4357,17.862
4358,17.927
4359,17.993
4360,18.056
4361,18.106
4362,18.154
4363,18.233
4364,18.293
4365,18.331
4366,18.394
4367,18.441
4368,18.48
4369,18.541
4370,18.589
4371,18.638
4372,18.683
4373,18.738
4374,18.788
4375,18.832
4376,18.858
4377,18.892
4378,18.94
4379,19
4380,19.042
4381,19.07
4382,19.105
4383,19.151
4384,19.183
4385,19.227
4386,19.263
4387,19.302
4388,19.336
4389,19.356
4390,19.399
4391,19.435
4392,19.459
4393,19.486
4394,19.51
4395,19.542
4396,19.568
4397,19.604
4398,19.619
4399,19.646
4400,19.667
4401,19.684
4402,19.705
4403,19.709
4404,19.718
4405,19.748
4406,19.779
4407,19.806
4408,19.821
4409,19.816
4410,19.829
4411,19.851
4412,19.868
4413,19.872
4414,19.889
4415,19.902
4416,19.9
4417,19.899
4418,19.896
4419,19.916
4420,19.925
4421,19.913
4422,19.918
4423,19.925
4424,19.921
4425,19.915
4426,19.916
4427,19.919
4428,19.923
4429,19.918
4430,19.904
4431,19.915
4432,19.907
4433,19.893
4434,19.883
4435,19.866
4436,19.853
4437,19.842
4438,19.828
4439,19.816
4440,19.812
4441,19.788
4442,19.765
4443,19.743
4444,19.725
4445,19.714
4446,19.694
4447,19.67
4448,19.66
4449,19.624
4450,19.58
4451,19.564
4452,19.551
4453,19.54
4454,19.508
4455,19.452
4456,19.434
4457,19.412
4458,19.388
4459,19.352
4460,19.315
4461,19.283
4462,19.244
4463,19.2
4464,19.163
4465,19.128
4466,19.092
4467,19.051
4468,19.009
4469,18.975
4470,18.934
4471,18.892
4472,18.855
4473,18.809
4474,18.752
4475,18.702
4476,18.663
4477,18.609
4478,18.556
4479,18.518
4480,18.467
4481,18.411
4482,18.36
4483,18.3
4484,18.25
4485,18.201
4486,18.144
4487,18.076
4488,18.02
4489,17.97
4490,17.913
4491,17.86
4492,17.795
4493,17.715
4494,17.65
4495,17.612
4496,17.555
4497,17.48
4498,17.409
4499,17.348
4500,17.285
4501,17.205
4502,17.138
4503,17.077
4504,17.006
4505,16.932
4506,16.857
4507,16.76
4508,16.689
4509,16.636
4510,16.567
4511,16.486
4512,16.399
4513,16.33
4514,16.267
4515,16.193
4516,16.095
4517,16.02
4518,15.953
4519,15.868
4520,15.778
4521,15.686
4522,15.591
4523,15.518
4524,15.435
4525,15.341
4526,15.244
4527,15.16
4528,15.078
4529,15.002
4530,14.922
4531,14.812
4532,14.72
4533,14.627
4534,14.539
4535,14.45
4536,14.354
4537,14.26
4538,14.18
4539,14.076
4540,13.978
4541,13.878
4542,13.776
4543,13.688
4544,13.593
4545,13.491
4546,13.389
4547,13.292
4548,13.189
4549,13.085
4550,12.975
4551,12.891
4552,12.787
4553,12.68
4554,12.584
4555,12.492
4556,12.382
4557,12.268
4558,12.164
4559,12.055
4560,11.937
4561,11.838
4562,11.732
4563,11.627
4564,11.516
4565,11.409
4566,11.296
4567,11.171
4568,11.077
4569,10.976
4570,10.841
4571,10.728
4572,10.627
4573,10.523
4574,10.396
4575,10.281
4576,10.163
4577,10.047
4578,9.944
4579,9.819
4580,9.688
4581,9.574
4582,9.473
4583,9.368
4584,9.253
4585,9.134
4586,8.999
4587,8.873
4588,8.756
4589,8.627
4590,8.506
4591,8.394
4592,8.286
4593,8.154
4594,8.028
4595,7.921
4596,7.814
4597,7.689
4598,7.56
4599,7.428
4600,7.299
4601,7.177
4602,7.04
4603,6.908
4604,6.791
4605,6.684
4606,6.572
4607,6.435
4608,6.297
4609,6.172
4610,6.048
4611,5.915
4612,5.803
4613,5.683
4614,5.545
4615,5.419
4616,5.286
4617,5.168
4618,5.033
4619,4.895
4620,4.759
4621,4.629
4622,4.51
4623,4.392
4624,4.26
4625,4.129
4626,3.995
4627,3.851
4628,3.73
4629,3.614
4630,3.479
4631,3.354
4632,3.225
4633,3.106
4634,2.971
4635,2.842
4636,2.697
4637,2.56
4638,2.438
4639,2.304
4640,2.172
4641,2.044
4642,1.912
4643,1.776
4644,1.648
4645,1.523
4646,1.38
4647,1.241
4648,1.122
4649,0.988
4650,0.84
4651,0.721
4652,0.583
4653,0.439
4654,0.315
4655,0.197
4656,0.062
4657,-0.075
4658,-0.21
4659,-0.347
4660,-0.472
4661,-0.603
4662,-0.739
4663,-0.865
4664,-0.985
4665,-1.132
4666,-1.281
4667,-1.405
4668,-1.539
4669,-1.668
4670,-1.791
4671,-1.92
4672,-2.042
4673,-2.184
4674,-2.327
4675,-2.453
4676,-2.587
4677,-2.716
4678,-2.833
4679,-2.967
4680,-3.108
4681,-3.233
4682,-3.367
4683,-3.51
4684,-3.629
4685,-3.761
4686,-3.903
4687,-4.035
4688,-4.161
4689,-4.277
4690,-4.405
4691,-4.539
4692,-4.676
4693,-4.792
4694,-4.916
4695,-5.042
4696,-5.177
4697,-5.313
4698,-5.437
4699,-5.566
4700,-5.706
4701,-5.825
4702,-5.946
4703,-6.079
4704,-6.221
4705,-6.332
4706,-6.445
4707,-6.59
4708,-6.704
4709,-6.807
4710,-6.945
4711,-7.077
4712,-7.212
4713,-7.331
4714,-7.437
4715,-7.561
4716,-7.704
4717,-7.837
4718,-7.953
4719,-8.063
4720,-8.166
4721,-8.32
4722,-8.399
4723,-8.59
4724,-8.768
4725,-8.887
4726,-8.997
4727,-9.098
4728,-9.139
4729,-9.147
4730,-9.327
4731,-9.474
4732,-9.617
4733,-9.72
4734,-9.833
4735,-9.949
4736,-10.071
4737,-10.194
4738,-10.303
4739,-10.403
4740,-10.515
4741,-10.635
4742,-10.756
4743,-10.87
4744,-10.974
4745,-11.087
4746,-11.205
4747,-11.311
4748,-11.432
4749,-11.538
4750,-11.63
4751,-11.734
4752,-11.845
4753,-11.948
4754,-12.068
4755,-12.177
4756,-12.277
4757,-12.395
4758,-12.494
4759,-12.587
4760,-12.694
4761,-12.811
4762,-12.91
4763,-13.023
4764,-13.13
4765,-13.217
4766,-13.303
4767,-13.404
4768,-13.512
4769,-13.608
4770,-13.7
4771,-13.804
4772,-13.899
4773,-13.992
4774,-14.072
4775,-14.164
4776,-14.259
4777,-14.367
4778,-14.455
4779,-14.552
4780,-14.645
4781,-14.739
4782,-14.835
4783,-14.923
4784,-15.01
4785,-15.097
4786,-15.19
4787,-15.27
4788,-15.352
4789,-15.453
4790,-15.529
4791,-15.613
4792,-15.693
4793,-15.782
4794,-15.869
4795,-15.949
4796,-16.019
4797,-16.106
4798,-16.194
4799,-16.272
4800,-16.343
4801,-16.416
4802,-16.495
4803,-16.58
4804,-16.668
4805,-16.742
4806,-16.812
4807,-16.86
4808,-16.926
4809,-17
4810,-17.077
4811,-17.154
4812,-17.229
4813,-17.294
4814,-17.361
4815,-17.423
4816,-17.499
4817,-17.568
4818,-17.623
4819,-17.698
4820,-17.757
4821,-17.813
4822,-17.874
4823,-17.932
4824,-17.987
4825,-18.038
4826,-18.102
4827,-18.169
4828,-18.226
4829,-18.275
4830,-18.329
4831,-18.381
4832,-18.429
4833,-18.467
4834,-18.523
4835,-18.594
4836,-18.645
4837,-18.68
4838,-18.719
4839,-18.76
4840,-18.825
4841,-18.87
4842,-18.903
4843,-18.942
4844,-18.994
4845,-19.043
4846,-19.078
4847,-19.108
4848,-19.146
4849,-19.19
4850,-19.225
4851,-19.261
4852,-19.289
4853,-19.329
4854,-19.36
4855,-19.392
4856,-19.435
4857,-19.465
4858,-19.491
4859,-19.524
4860,-19.552
4861,-19.581
4862,-19.614
4863,-19.632
4864,-19.653
4865,-19.671
4866,-19.709
4867,-19.726
4868,-19.73
4869,-19.748
4870,-19.786
4871,-19.805
4872,-19.813
4873,-19.815
4874,-19.828
4875,-19.838
4876,-19.864
4877,-19.887
4878,-19.894
4879,-19.902
4880,-19.908
4881,-19.921
4882,-19.919
4883,-19.921
4884,-19.926
4885,-19.934
4886,-19.948
4887,-19.954
4888,-19.942
4889,-19.934
4890,-19.935
4891,-19.942
4892,-19.935
4893,-19.939
4894,-19.942
4895,-19.959
4896,-19.94
4897,-19.905
4898,-19.909
4899,-19.917
4900,-19.906
4901,-19.902
4902,-19.893
4903,-19.879
4904,-19.855
4905,-19.835
4906,-19.825
4907,-19.806
4908,-19.779
4909,-19.774
4910,-19.764
4911,-19.745
4912,-19.712
4913,-19.675
4914,-19.668
4915,-19.648
4916,-19.619
4917,-19.591
4918,-19.566
4919,-19.535
4920,-19.504
4921,-19.483
4922,-19.46
4923,-19.435
4924,-19.401
4925,-19.369
4926,-19.323
4927,-19.294
4928,-19.257
4929,-19.222
4930,-19.196
4931,-19.16
4932,-19.126
4933,-19.09
4934,-19.043
4935,-18.988
4936,-18.945
4937,-18.9
4938,-18.861
4939,-18.813
4940,-18.782
4941,-18.731
4942,-18.661
4943,-18.627
4944,-18.581
4945,-18.531
4946,-18.49
4947,-18.432
4948,-18.372
4949,-18.326
4950,-18.272
4951,-18.216
4952,-18.154
4953,-18.084
4954,-18.02
4955,-17.971
4956,-17.924
4957,-17.87
4958,-17.8
4959,-17.735
4960,-17.664
4961,-17.597
4962,-17.535
4963,-17.477
4964,-17.426
4965,-17.368
4966,-17.295
4967,-17.209
4968,-17.126
4969,-17.064
4970,-16.994
4971,-16.915
4972,-16.851
4973,-16.789
4974,-16.712
4975,-16.633
4976,-16.567
4977,-16.495
4978,-16.418
4979,-16.34
4980,-16.267
4981,-16.182
4982,-16.091
4983,-16.007
4984,-15.941
4985,-15.864
4986,-15.79
4987,-15.702
4988,-15.609
4989,-15.516
4990,-15.429
4991,-15.348
4992,-15.275
4993,-15.181
4994,-15.094
4995,-15.008
4996,-14.909
4997,-14.818
4998,-14.734
4999,-14.633
5000,-14.541
5001,-14.459
5002,-14.366
5003,-14.266
5004,-14.17
5005,-14.08
5006,-13.994
5007,-13.892
5008,-13.787
5009,-13.676
5010,-13.588
5011,-13.499
5012,-13.403
5013,-13.306
5014,-13.209
5015,-13.094
5016,-12.988
5017,-12.89
5018,-12.786
5019,-12.695
5020,-12.587
5021,-12.468
5022,-12.367
5023,-12.278
5024,-12.183
5025,-12.077
5026,-11.953
5027,-11.855
5028,-11.753
5029,-11.631
5030,-11.51
5031,-11.396
5032,-11.296
5033,-11.181
5034,-11.063
5035,-10.969
5036,-10.859
5037,-10.759
5038,-10.634
5039,-10.514
5040,-10.395
5041,-10.277
5042,-10.157
5043,-10.05
5044,-9.925
5045,-9.803
5046,-9.705
5047,-9.571
5048,-9.453
5049,-9.341
5050,-9.274
5051,-9.079
5052,-8.873
5053,-8.736
5054,-8.684
5055,-8.679
5056,-8.646
5057,-8.466
5058,-8.289
5059,-8.169
5060,-8.074
5061,-7.948
5062,-7.82
5063,-7.698
5064,-7.571
5065,-7.432
5066,-7.307
5067,-7.185
5068,-7.075
5069,-6.945
5070,-6.803
5071,-6.682
5072,-6.563
5073,-6.442
5074,-6.331
5075,-6.198
5076,-6.082
5077,-5.954
5078,-5.809
5079,-5.679
5080,-5.548
5081,-5.433
5082,-5.316
5083,-5.178
5084,-5.042
5085,-4.909
5086,-4.794
5087,-4.67
5088,-4.529
5089,-4.394
5090,-4.279
5091,-4.16
5092,-4.015
5093,-3.878
5094,-3.761
5095,-3.645
5096,-3.513
5097,-3.364
5098,-3.234
5099,-3.12
5100,-2.987
5101,-2.842
5102,-2.706
5103,-2.577
5104,-2.461
5105,-2.336
5106,-2.198
5107,-2.056
5108,-1.923
5109,-1.785
5110,-1.652
5111,-1.526
5112,-1.41
5113,-1.277
5114,-1.129
5115,-0.997
5116,-0.862
5117,-0.733
5118,-0.614
5119,-0.483
5120,-0.358
5121,-0.243
5122,-0.097
5123,0.046
5124,0.197
5125,0.326
5126,0.446
5127,0.568
5128,0.706
5129,0.854
5130,0.985
5131,1.126
5132,1.262
5133,1.386
5134,1.501
5135,1.625
5136,1.753
5137,1.882
5138,2.016
5139,2.147
5140,2.292
5141,2.424
5142,2.555
5143,2.68
5144,2.813
5145,2.954
5146,3.066
5147,3.191
5148,3.331
5149,3.461
5150,3.584
5151,3.71
5152,3.843
5153,3.967
5154,4.106
5155,4.248
5156,4.382
5157,4.503
5158,4.632
5159,4.765
5160,4.879
5161,4.995
5162,5.13
5163,5.267
5164,5.397
5165,5.532
5166,5.654
5167,5.776
5168,5.902
5169,6.03
5170,6.17
5171,6.298
5172,6.412
5173,6.532
5174,6.656
5175,6.786
5176,6.902
5177,7.012
5178,7.138
5179,7.272
5180,7.4
5181,7.525
5182,7.657
5183,7.77
5184,7.877
5185,8.006
5186,8.128
5187,8.258
5188,8.392
5189,8.505
5190,8.626
5191,8.744
5192,8.849
5193,8.953
5194,9.069
5195,9.196
5196,9.335
5197,9.444
5198,9.551
5199,9.674
5200,9.783
5201,9.905
5202,10.018
5203,10.147
5204,10.264
5205,10.354
5206,10.474
5207,10.602
5208,10.707
5209,10.802
5210,10.912
5211,11.033
5212,11.147
5213,11.256
5214,11.37
5215,11.471
5216,11.569
5217,11.678
5218,11.792
5219,11.899
5220,11.985
5221,12.088
5222,12.212
5223,12.334
5224,12.438
5225,12.541
5226,12.622
5227,12.722
5228,12.837
5229,12.951
5230,13.044
5231,13.142
5232,13.244
5233,13.34
5234,13.444
5235,13.546
5236,13.649
5237,13.744
5238,13.841
5239,13.925
5240,14.018
5241,14.118
5242,14.221
5243,14.3
5244,14.397
5245,14.487
5246,14.586
5247,14.673
5248,14.76
5249,14.847
5250,14.941
5251,15.014
5252,15.1
5253,15.202
5254,15.288
5255,15.376
5256,15.446
5257,15.522
5258,15.615
5259,15.715
5260,15.787
5261,15.859
5262,15.939
5263,16.04
5264,16.114
5265,16.196
5266,16.289
5267,16.355
5268,16.413
5269,16.477
5270,16.548
5271,16.631
5272,16.712
5273,16.776
5274,16.839
5275,16.923
5276,17.01
5277,17.085
5278,17.137
5279,17.199
5280,17.265
5281,17.337
5282,17.4
5283,17.462
5284,17.534
5285,17.593
5286,17.646
5287,17.706
5288,17.761
5289,17.818
5290,17.888
5291,17.944
5292,17.995
5293,18.052
5294,18.122
5295,18.181
5296,18.244
5297,18.293
5298,18.318
5299,18.383
5300,18.446
5301,18.496
5302,18.526
5303,18.583
5304,18.641
5305,18.683
5306,18.726
5307,18.775
5308,18.815
5309,18.85
5310,18.88
5311,18.92
5312,18.961
5313,19.006
5314,19.048
5315,19.096
5316,19.143
5317,19.164
5318,19.184
5319,19.22
5320,19.258
5321,19.278
5322,19.311
5323,19.353
5324,19.374
5325,19.409
5326,19.438
5327,19.453
5328,19.479
5329,19.501
5330,19.538
5331,19.56
5332,19.571
5333,19.593
5334,19.633
5335,19.655
5336,19.659
5337,19.672
5338,19.698
5339,19.72
5340,19.732
5341,19.735
5342,19.751
5343,19.76
5344,19.776
5345,19.781
5346,19.785
5347,19.796
5348,19.807
5349,19.814
5350,19.819
5351,19.814
5352,19.813
5353,19.806
5354,19.815
5355,19.805
5356,19.806
5357,19.806
5358,19.808
5359,19.797
5360,19.806
5361,19.818
5362,19.815
5363,19.802
5364,19.784
5365,19.779
5366,19.77
5367,19.733
5368,19.723
5369,19.738
5370,19.732
5371,19.733
5372,19.71
5373,19.671
5374,19.657
5375,19.631
5376,19.623
5377,19.605
5378,19.578
5379,19.563
5380,19.523
5381,19.502
5382,19.494
5383,19.464
5384,19.424
5385,19.397
5386,19.388
5387,19.367
5388,19.322
5389,19.293
5390,19.253
5391,19.212
5392,19.185
5393,19.153
5394,19.125
5395,19.077
5396,19.035
5397,19.006
5398,18.983
5399,18.942
5400,18.889
5401,18.847
5402,18.795
5403,18.756
5404,18.714
5405,18.662
5406,18.615
5407,18.578
5408,18.544
5409,18.489
5410,18.435
5411,18.389
5412,18.343
5413,18.286
5414,18.217
5415,18.159
5416,18.112
5417,18.067
5418,18
5419,17.936
5420,17.883
5421,17.829
5422,17.77
5423,17.712
5424,17.662
5425,17.596
5426,17.516
5427,17.461
5428,17.398
5429,17.335
5430,17.264
5431,17.199
5432,17.132
5433,17.072
5434,17.007
5435,16.931
5436,16.844
5437,16.768
5438,16.709
5439,16.641
5440,16.566
5441,16.487
5442,16.42
5443,16.341
5444,16.266
5445,16.182
5446,16.101
5447,16.025
5448,15.951
5449,15.874
5450,15.78
5451,15.704
5452,15.621
5453,15.547
5454,15.467
5455,15.374
5456,15.287
5457,15.206
5458,15.115
5459,15.018
5460,14.928
5461,14.856
5462,14.774
5463,14.673
5464,14.589
5465,14.499
5466,14.408
5467,14.309
5468,14.225
5469,14.135
5470,14.034
5471,13.931
5472,13.825
5473,13.735
5474,13.65
5475,13.551
5476,13.452
5477,13.364
5478,13.247
5479,13.149
5480,13.051
5481,12.953
5482,12.851
5483,12.744
5484,12.644
5485,12.525
5486,12.418
5487,12.332
5488,12.225
5489,12.116
5490,12.006
5491,11.915
5492,11.812
5493,11.693
5494,11.578
5495,11.468
5496,11.364
5497,11.263
5498,11.162
5499,11.041
5500,10.925
5501,10.815
5502,10.706
5503,10.6
5504,10.488
5505,10.366
5506,10.252
5507,10.141
5508,10.021
5509,9.906
5510,9.796
5511,9.683
5512,9.564
5513,9.45
5514,9.332
5515,9.219
5516,9.102
5517,8.984
5518,8.857
5519,8.738
5520,8.631
5521,8.511
5522,8.38
5523,8.251
5524,8.14
5525,8.028
5526,7.901
5527,7.773
5528,7.657
5529,7.531
5530,7.409
5531,7.294
5532,7.169
5533,7.054
5534,6.929
5535,6.793
5536,6.662
5537,6.538
5538,6.415
5539,6.302
5540,6.172
5541,6.052
5542,5.925
5543,5.786
5544,5.664
5545,5.538
5546,5.409
5547,5.28
5548,5.157
5549,5.021
5550,4.898
5551,4.783
5552,4.659
5553,4.515
5554,4.391
5555,4.247
5556,4.122
5557,3.875
5558,3.738
5559,3.609
5560,3.494
5561,3.494
5562,3.239
5563,3.092
5564,2.95
5565,2.827
5566,2.704
5567,2.576
5568,2.439
5569,2.311
5570,2.183
5571,2.054
5572,1.922
5573,1.786
5574,1.649
5575,1.515
5576,1.392
5577,1.267
5578,1.133
5579,0.986
5580,0.867
5581,0.744
5582,0.618
5583,0.479
5584,0.332
5585,0.208
5586,0.083
5587,-0.044
5588,-0.176
5589,-0.324
5590,-0.456
5591,-0.571
5592,-0.7
5593,-0.835
5594,-0.974
5595,-1.106
5596,-1.239
5597,-1.38
5598,-1.509
5599,-1.641
5600,-1.761
5601,-1.878
5602,-2.015
5603,-2.154
5604,-2.278
5605,-2.418
5606,-2.55
5607,-2.666
5608,-2.813
5609,-2.945
5610,-3.074
5611,-3.202
5612,-3.338
5613,-3.472
5614,-3.609
5615,-3.721
5616,-3.849
5617,-3.983
5618,-4.108
5619,-4.233
5620,-4.361
5621,-4.493
5622,-4.63
5623,-4.759
5624,-4.88
5625,-4.989
5626,-5.12
5627,-5.261
5628,-5.398
5629,-5.526
5630,-5.643
5631,-5.775
5632,-5.908
5633,-6.027
5634,-6.14
5635,-6.265
5636,-6.381
5637,-6.519
5638,-6.671
5639,-6.793
5640,-6.889
5641,-7.017
5642,-7.135
5643,-7.258
5644,-7.39
5645,-7.52
5646,-7.629
5647,-7.761
5648,-7.887
5649,-8.013
5650,-8.132
5651,-8.279
5652,-8.35
5653,-8.524
5654,-8.651
5655,-8.663
5656,-8.718
5657,-8.855
5658,-8.984
5659,-9.095
5660,-9.319
5661,-9.443
5662,-9.555
5663,-9.638
5664,-9.745
5665,-9.87
5666,-9.997
5667,-10.117
5668,-10.232
5669,-10.352
5670,-10.452
5671,-10.562
5672,-10.666
5673,-10.774
5674,-10.901
5675,-11.029
5676,-11.148
5677,-11.257
5678,-11.348
5679,-11.449
5680,-11.553
5681,-11.668
5682,-11.777
5683,-11.892
5684,-11.997
5685,-12.105
5686,-12.209
5687,-12.316
5688,-12.422
5689,-12.538
5690,-12.634
5691,-12.723
5692,-12.825
5693,-12.926
5694,-13.026
5695,-13.129
5696,-13.235
5697,-13.325
5698,-13.427
5699,-13.525
5700,-13.616
5701,-13.718
5702,-13.819
5703,-13.919
5704,-14.01
5705,-14.097
5706,-14.194
5707,-14.297
5708,-14.387
5709,-14.461
5710,-14.555
5711,-14.65
5712,-14.745
5713,-14.832
5714,-14.945
5715,-15.032
5716,-15.103
5717,-15.189
5718,-15.289
5719,-15.357
5720,-15.439
5721,-15.529
5722,-15.623
5723,-15.708
5724,-15.79
5725,-15.874
5726,-15.93
5727,-16.014
5728,-16.094
5729,-16.163
5730,-16.242
5731,-16.314
5732,-16.391
5733,-16.471
5734,-16.538
5735,-16.621
5736,-16.713
5737,-16.783
5738,-16.849
5739,-16.924
5740,-16.998
5741,-17.068
5742,-17.14
5743,-17.195
5744,-17.257
5745,-17.319
5746,-17.387
5747,-17.458
5748,-17.53
5749,-17.589
5750,-17.655
5751,-17.695
5752,-17.763
5753,-17.826
5754,-17.881
5755,-17.935
5756,-18.003
5757,-18.068
5758,-18.134
5759,-18.187
5760,-18.226
5761,-18.287
5762,-18.331
5763,-18.361
5764,-18.423
5765,-18.474
5766,-18.524
5767,-18.583
5768,-18.642
5769,-18.692
5770,-18.733
5771,-18.768
5772,-18.8
5773,-18.851
5774,-18.903
5775,-18.949
5776,-18.971
5777,-19.006
5778,-19.053
5779,-19.103
5780,-19.139
5781,-19.164
5782,-19.197
5783,-19.238
5784,-19.266
5785,-19.305
5786,-19.335
5787,-19.359
5788,-19.397
5789,-19.444
5790,-19.455
5791,-19.474
5792,-19.502
5793,-19.535
5794,-19.552
5795,-19.566
5796,-19.594
5797,-19.621
5798,-19.643
5799,-19.645
5800,-19.666
5801,-19.703
5802,-19.718
5803,-19.732
5804,-19.739
5805,-19.751
5806,-19.76
5807,-19.771
5808,-19.784
5809,-19.796
5810,-19.823
5811,-19.828
5812,-19.83
5813,-19.837
5814,-19.832
5815,-19.845
5816,-19.854
5817,-19.848
5818,-19.848
5819,-19.84
5820,-19.839
5821,-19.861
5822,-19.86
5823,-19.829
5824,-19.837
5825,-19.836
5826,-19.826
5827,-19.824
5828,-19.829
5829,-19.815
5830,-19.801
5831,-19.79
5832,-19.764
5833,-19.756
5834,-19.749
5835,-19.749
5836,-19.732
5837,-19.714
5838,-19.69
5839,-19.679
5840,-19.655
5841,-19.636
5842,-19.623
5843,-19.594
5844,-19.574
5845,-19.548
5846,-19.532
5847,-19.513
5848,-19.472
5849,-19.448
5850,-19.418
5851,-19.386
5852,-19.344
5853,-19.331
5854,-19.316
5855,-19.284
5856,-19.232
5857,-19.198
5858,-19.182
5859,-19.15
5860,-19.103
5861,-19.049
5862,-19.013
5863,-18.979
5864,-18.937
5865,-18.896
5866,-18.843
5867,-18.806
5868,-18.781
5869,-18.732
5870,-18.688
5871,-18.642
5872,-18.582
5873,-18.529
5874,-18.487
5875,-18.442
5876,-18.391
5877,-18.358
5878,-18.302
5879,-18.236
5880,-18.184
5881,-18.129
5882,-18.067
5883,-18.01
5884,-17.969
5885,-17.916
5886,-17.854
5887,-17.779
5888,-17.7
5889,-17.637
5890,-17.588
5891,-17.526
5892,-17.471
5893,-17.405
5894,-17.333
5895,-17.252
5896,-17.197
5897,-17.14
5898,-17.074
5899,-16.994
5900,-16.917
5901,-16.854
5902,-16.794
5903,-16.715
5904,-16.642
5905,-16.563
5906,-16.51
5907,-16.441
5908,-16.341
5909,-16.263
5910,-16.176
5911,-16.091
5912,-16.013
5913,-15.942
5914,-15.865
5915,-15.784
5916,-15.695
5917,-15.608
5918,-15.524
5919,-15.449
5920,-15.374
5921,-15.283
5922,-15.206
5923,-15.11
5924,-15.032
5925,-14.954
5926,-14.846
5927,-14.742
5928,-14.667
5929,-14.578
5930,-14.49
5931,-14.404
5932,-14.302
5933,-14.211
5934,-14.124
5935,-14.035
5936,-13.935
5937,-13.834
5938,-13.727
5939,-13.633
5940,-13.552
5941,-13.449
5942,-13.348
5943,-13.253
5944,-13.15
5945,-13.064
5946,-12.965
5947,-12.848
5948,-12.736
5949,-12.644
5950,-12.54
5951,-12.423
5952,-12.326
5953,-12.23
5954,-12.119
5955,-12.016
5956,-11.922
5957,-11.789
5958,-11.667
5959,-11.565
5960,-11.47
5961,-11.363
5962,-11.258
5963,-11.158
5964,-11.039
5965,-10.917
5966,-10.806
5967,-10.7
5968,-10.581
5969,-10.465
5970,-10.361
5971,-10.253
5972,-10.151
5973,-10.034
5974,-9.905
5975,-9.781
5976,-9.674
5977,-9.558
5978,-9.44
5979,-9.319
5980,-9.255
5981,-9.047
5982,-8.841
5983,-8.735
5984,-8.7
5985,-8.693
5986,-8.624
5987,-8.388
5988,-8.264
5989,-8.135
5990,-8.03
5991,-7.913
5992,-7.779
5993,-7.644
5994,-7.534
5995,-7.423
5996,-7.289
5997,-7.167
5998,-7.035
5999,-6.905
6000,-6.784
6001,-6.671
6002,-6.533
6003,-6.41
6004,-6.302
6005,-6.193
6006,-6.042
6007,-5.911
6008,-5.794
6009,-5.668
6010,-5.548
6011,-5.418
6012,-5.297
6013,-5.177
6014,-5.049
6015,-4.917
6016,-4.777
6017,-4.646
6018,-4.52
6019,-4.394
6020,-4.259
6021,-4.143
6022,-4.023
6023,-3.886
6024,-3.74
6025,-3.613
6026,-3.495
6027,-3.369
6028,-3.241
6029,-3.103
6030,-2.982
6031,-2.852
6032,-2.712
6033,-2.584
6034,-2.451
6035,-2.316
6036,-2.2
6037,-2.064
6038,-1.937
6039,-1.812
6040,-1.677
6041,-1.546
6042,-1.406
6043,-1.267
6044,-1.132
6045,-1.006
6046,-0.894
6047,-0.761
6048,-0.618
6049,-0.474
6050,-0.348
6051,-0.227
6052,-0.11
6053,0.037
6054,0.183
6055,0.31
6056,0.428
6057,0.543
6058,0.689
6059,0.822
6060,0.954
6061,1.079
6062,1.213
6063,1.347
6064,1.477
6065,1.602
6066,1.744
6067,1.879
6068,2.011
6069,2.144
6070,2.263
6071,2.396
6072,2.525
6073,2.657
6074,2.785
6075,2.919
6076,3.056
6077,3.189
6078,3.312
6079,3.428
6080,3.561
6081,3.684
6082,3.809
6083,3.957
6084,4.09
6085,4.215
6086,4.341
6087,4.467
6088,4.601
6089,4.721
6090,4.851
6091,4.989
6092,5.109
6093,5.223
6094,5.339
6095,5.459
6096,5.604
6097,5.735
6098,5.864
6099,5.993
6100,6.113
6101,6.225
6102,6.35
6103,6.499
6104,6.619
6105,6.741
6106,6.861
6107,6.975
6108,7.11
6109,7.237
6110,7.352
6111,7.469
6112,7.591
6113,7.722
6114,7.849
6115,7.967
6116,8.086
6117,8.215
6118,8.335
6119,8.451
6120,8.554
6121,8.661
6122,8.809
6123,8.941
6124,9.047
6125,9.169
6126,9.262
6127,9.361
6128,9.485
6129,9.605
6130,9.733
6131,9.86
6132,9.96
6133,10.067
6134,10.182
6135,10.297
6136,10.431
6137,10.54
6138,10.642
6139,10.763
6140,10.877
6141,10.976
6142,11.077
6143,11.178
6144,11.298
6145,11.406
6146,11.51
6147,11.617
6148,11.718
6149,11.831
6150,11.936
6151,12.041
6152,12.151
6153,12.256
6154,12.362
6155,12.464
6156,12.568
6157,12.675
6158,12.783
6159,12.872
6160,12.97
6161,13.067
6162,13.164
6163,13.264
6164,13.371
6165,13.467
6166,13.56
6167,13.651
6168,13.743
6169,13.845
6170,13.954
6171,14.035
6172,14.121
6173,14.228
6174,14.331
6175,14.418
6176,14.508
6177,14.573
6178,14.656
6179,14.766
6180,14.864
6181,14.945
6182,15.022
6183,15.102
6184,15.193
6185,15.306
6186,15.391
6187,15.463
6188,15.539
6189,15.614
6190,15.702
6191,15.78
6192,15.864
6193,15.947
6194,16.044
6195,16.115
6196,16.185
6197,16.26
6198,16.333
6199,16.41
6200,16.486
6201,16.573
6202,16.623
6203,16.681
6204,16.77
6205,16.839
6206,16.898
6207,16.962
6208,17.029
6209,17.099
6210,17.164
6211,17.237
6212,17.309
6213,17.365
6214,17.428
6215,17.499
6216,17.571
6217,17.628
6218,17.681
6219,17.739
6220,17.811
6221,17.86
6222,17.898
6223,17.962
6224,18.047
6225,18.099
6226,18.152
6227,18.191
6228,18.238
6229,18.283
6230,18.331
6231,18.37
6232,18.437
6233,18.494
6234,18.544
6235,18.596
6236,18.633
6237,18.667
6238,18.708
6239,18.754
6240,18.793
6241,18.817
6242,18.85
6243,18.888
6244,18.939
6245,18.987
6246,19.032
6247,19.062
6248,19.098
6249,19.128
6250,19.16
6251,19.187
6252,19.216
6253,19.242
6254,19.285
6255,19.315
6256,19.338
6257,19.352
6258,19.367
6259,19.398
6260,19.438
6261,19.456
6262,19.478
6263,19.512
6264,19.531
6265,19.543
6266,19.552
6267,19.567
6268,19.583
6269,19.616
6270,19.628
6271,19.632
6272,19.658
6273,19.657
6274,19.667
6275,19.681
6276,19.689
6277,19.688
6278,19.694
6279,19.711
6280,19.731
6281,19.734
6282,19.73
6283,19.727
6284,19.712
6285,19.712
6286,19.722
6287,19.726
6288,19.722
6289,19.705
6290,19.712
6291,19.717
6292,19.702
6293,19.687
6294,19.682
6295,19.683
6296,19.67
6297,19.666
6298,19.651
6299,19.641
6300,19.625
6301,19.606
6302,19.598
6303,19.576
6304,19.565
6305,19.554
6306,19.523
6307,19.497
6308,19.476
6309,19.459
6310,19.447
6311,19.431
6312,19.396
6313,19.362
6314,19.346
6315,19.338
6316,19.299
6317,19.266
6318,19.227
6319,19.193
6320,19.15
6321,19.111
6322,19.09
6323,19.062
6324,19.028
6325,18.986
6326,18.947
6327,18.902
6328,18.875
6329,18.842
6330,18.795
6331,18.748
6332,18.721
6333,18.683
6334,18.634
6335,18.567
6336,18.523
6337,18.483
6338,18.451
6339,18.392
6340,18.333
6341,18.284
6342,18.239
6343,18.192
6344,18.14
6345,18.088
6346,18.035
6347,17.97
6348,17.922
6349,17.865
6350,17.809
6351,17.752
6352,17.687
6353,17.631
6354,17.563
6355,17.503
6356,17.439
6357,17.379
6358,17.325
6359,17.26
6360,17.199
6361,17.13
6362,17.063
6363,16.98
6364,16.906
6365,16.838
6366,16.77
6367,16.702
6368,16.634
6369,16.557
6370,16.492
6371,16.429
6372,16.351
6373,16.273
6374,16.198
6375,16.118
6376,16.028
6377,15.951
6378,15.867
6379,15.797
6380,15.709
6381,15.623
6382,15.543
6383,15.461
6384,15.394
6385,15.306
6386,15.193
6387,15.126
6388,15.06
6389,14.968
6390,14.86
6391,14.767
6392,14.686
6393,14.611
6394,14.509
6395,14.413
6396,14.32
6397,14.228
6398,14.156
6399,14.069
6400,13.958
6401,13.857
6402,13.757
6403,13.662
6404,13.563
6405,13.47
6406,13.392
6407,13.292
6408,13.187
6409,13.078
6410,12.975
6411,12.881
6412,12.78
6413,12.687
6414,12.59
6415,12.491
6416,12.398
6417,12.296
6418,12.174
6419,12.06
6420,11.959
6421,11.85
6422,11.754
6423,11.641
6424,11.526
6425,11.415
6426,11.311
6427,11.222
6428,11.107
6429,10.993
6430,10.883
6431,10.765
6432,10.647
6433,10.543
6434,10.429
6435,10.331
6436,10.222
6437,10.101
6438,9.974
6439,9.861
6440,9.754
6441,9.641
6442,9.523
6443,9.424
6444,9.295
6445,9.168
6446,9.054
6447,8.941
6448,8.82
6449,8.699
6450,8.591
6451,8.462
6452,8.342
6453,8.212
6454,8.096
6455,7.975
6456,7.861
6457,7.741
6458,7.625
6459,7.509
6460,7.385
6461,7.252
6462,7.125
6463,7.016
6464,6.897
6465,6.772
6466,6.654
6467,6.531
6468,6.403
6469,6.275
6470,6.141
6471,6.02
6472,5.887
6473,5.762
6474,5.644
6475,5.502
6476,5.382
6477,5.271
6478,5.148
6479,5.024
6480,4.896
6481,4.772
6482,4.625
6483,4.486
6484,4.366
6485,4.249
6486,4.113
6487,3.985
6488,3.86
6489,3.728
6490,3.585
6491,3.456
6492,3.336
6493,3.199
6494,3.086
6495,2.951
6496,2.817
6497,2.699
6498,2.571
6499,2.435
6500,2.299
6501,2.168
6502,2.058
6503,1.938
6504,1.793
6505,1.639
6506,1.517
6507,1.399
6508,1.262
6509,1.12
6510,1.002
6511,0.858
6512,0.728
6513,0.606
6514,0.493
6515,0.359
6516,0.215
6517,0.081
6518,-0.049
6519,-0.186
6520,-0.32
6521,-0.458
6522,-0.579
6523,-0.71
6524,-0.835
6525,-0.961
6526,-1.1
6527,-1.24
6528,-1.371
6529,-1.503
6530,-1.631
6531,-1.743
6532,-1.865
6533,-1.998
6534,-2.142
6535,-2.275
6536,-2.4
6537,-2.516
6538,-2.641
6539,-2.783
6540,-2.921
6541,-3.045
6542,-3.178
6543,-3.323
6544,-3.464
6545,-3.593
6546,-3.715
6547,-3.834
6548,-3.961
6549,-4.082
6550,-4.212
6551,-4.336
6552,-4.469
6553,-4.609
6554,-4.723
6555,-4.835
6556,-4.972
6557,-5.118
6558,-5.247
6559,-5.36
6560,-5.496
6561,-5.616
6562,-5.727
6563,-5.854
6564,-5.977
6565,-6.111
6566,-6.236
6567,-6.37
6568,-6.51
6569,-6.627
6570,-6.732
6571,-6.87
6572,-7.003
6573,-7.1
6574,-7.229
6575,-7.355
6576,-7.477
6577,-7.602
6578,-7.719
6579,-7.845
6580,-7.964
6581,-8.087
6582,-8.184
6583,-8.358
6584,-8.42
6585,-8.561
6586,-8.76
6587,-8.912
6588,-9.022
6589,-9.07
6590,-9.074
6591,-9.153
6592,-9.392
6593,-9.494
6594,-9.613
6595,-9.722
6596,-9.842
6597,-9.961
6598,-10.076
6599,-10.173
6600,-10.3
6601,-10.422
6602,-10.507
6603,-10.627
6604,-10.729
6605,-10.847
6606,-10.96
6607,-11.057
6608,-11.173
6609,-11.287
6610,-11.403
6611,-11.505
6612,-11.614
6613,-11.737
6614,-11.845
6615,-11.951
6616,-12.049
6617,-12.145
6618,-12.242
6619,-12.346
6620,-12.449
6621,-12.569
6622,-12.68
6623,-12.766
6624,-12.861
6625,-12.958
6626,-13.068
6627,-13.181
6628,-13.255
6629,-13.35
6630,-13.467
6631,-13.575
6632,-13.656
6633,-13.748
6634,-13.833
6635,-13.938
6636,-14.026
6637,-14.12
6638,-14.219
6639,-14.313
6640,-14.407
6641,-14.484
6642,-14.578
6643,-14.682
6644,-14.768
6645,-14.846
6646,-14.922
6647,-15.018
6648,-15.119
6649,-15.217
6650,-15.292
6651,-15.364
6652,-15.441
6653,-15.546
6654,-15.629
6655,-15.707
6656,-15.783
6657,-15.861
6658,-15.945
6659,-16.018
6660,-16.098
6661,-16.187
6662,-16.258
6663,-16.337
6664,-16.401
6665,-16.468
6666,-16.55
6667,-16.63
6668,-16.705
6669,-16.764
6670,-16.836
6671,-16.913
6672,-16.99
6673,-17.049
6674,-17.112
6675,-17.181
6676,-17.243
6677,-17.312
6678,-17.368
6679,-17.434
6680,-17.5
6681,-17.561
6682,-17.613
6683,-17.673
6684,-17.74
6685,-17.8
6686,-17.861
6687,-17.926
6688,-17.976
6689,-18.035
6690,-18.093
6691,-18.136
6692,-18.189
6693,-18.239
6694,-18.299
6695,-18.351
6696,-18.406
6697,-18.438
6698,-18.484
6699,-18.534
6700,-18.587
6701,-18.639
6702,-18.681
6703,-18.705
6704,-18.739
6705,-18.779
6706,-18.841
6707,-18.884
6708,-18.92
6709,-18.96
6710,-19
6711,-19.012
6712,-19.054
6713,-19.097
6714,-19.132
6715,-19.169
6716,-19.202
6717,-19.243
6718,-19.287
6719,-19.319
6720,-19.332
6721,-19.357
6722,-19.376
6723,-19.401
6724,-19.429
6725,-19.453
6726,-19.482
6727,-19.506
6728,-19.528
6729,-19.543
6730,-19.555
6731,-19.577
6732,-19.589
6733,-19.612
6734,-19.629
6735,-19.651
6736,-19.662
6737,-19.671
6738,-19.687
6739,-19.702
6740,-19.698
6741,-19.708
6742,-19.726
6743,-19.716
6744,-19.707
6745,-19.719
6746,-19.739
6747,-19.747
6748,-19.748
6749,-19.748
6750,-19.748
6751,-19.759
6752,-19.747
6753,-19.747
6754,-19.755
6755,-19.732
6756,-19.722
6757,-19.735
6758,-19.732
6759,-19.728
6760,-19.703
6761,-19.694
6762,-19.683
6763,-19.674
6764,-19.662
6765,-19.668
6766,-19.655
6767,-19.643
6768,-19.629
6769,-19.617
6770,-19.594
6771,-19.569
6772,-19.531
6773,-19.515
6774,-19.501
6775,-19.482
6776,-19.458
6777,-19.433
6778,-19.413
6779,-19.375
6780,-19.348
6781,-19.323
6782,-19.304
6783,-19.278
6784,-19.247
6785,-19.219
6786,-19.18
6787,-19.134
6788,-19.1
6789,-19.079
6790,-19.037
6791,-18.995
6792,-18.955
6793,-18.915
6794,-18.884
6795,-18.855
6796,-18.813
6797,-18.771
6798,-18.726
6799,-18.683
6800,-18.632
6801,-18.589
6802,-18.544
6803,-18.491
6804,-18.444
6805,-18.401
6806,-18.356
6807,-18.303
6808,-18.254
6809,-18.21
6810,-18.149
6811,-18.093
6812,-18.032
6813,-17.981
6814,-17.926
6815,-17.871
6816,-17.8
6817,-17.748
6818,-17.693
6819,-17.62
6820,-17.56
6821,-17.502
6822,-17.439
6823,-17.38
6824,-17.317
6825,-17.245
6826,-17.187
6827,-17.124
6828,-17.049
6829,-16.97
6830,-16.913
6831,-16.847
6832,-16.776
6833,-16.706
6834,-16.625
6835,-16.549
6836,-16.483
6837,-16.406
6838,-16.329
6839,-16.256
6840,-16.173
6841,-16.106
6842,-16.024
6843,-15.929
6844,-15.855
6845,-15.788
6846,-15.71
6847,-15.628
6848,-15.541
6849,-15.455
6850,-15.374
6851,-15.292
6852,-15.212
6853,-15.128
6854,-15.045
6855,-14.956
6856,-14.858
6857,-14.779
6858,-14.687
6859,-14.594
6860,-14.497
6861,-14.417
6862,-14.329
6863,-14.223
6864,-14.142
6865,-14.044
6866,-13.958
6867,-13.857
6868,-13.761
6869,-13.667
6870,-13.565
6871,-13.468
6872,-13.364
6873,-13.271
6874,-13.17
6875,-13.081
6876,-12.983
6877,-12.887
6878,-12.785
6879,-12.677
6880,-12.585
6881,-12.471
6882,-12.365
6883,-12.25
6884,-12.128
6885,-12.053
6886,-11.951
6887,-11.845
6888,-11.73
6889,-11.612
6890,-11.51
6891,-11.418
6892,-11.319
6893,-11.202
6894,-11.083
6895,-10.965
6896,-10.861
6897,-10.752
6898,-10.653
6899,-10.551
6900,-10.423
6901,-10.299
6902,-10.19
6903,-10.074
6904,-9.955
6905,-9.848
6906,-9.735
6907,-9.625
6908,-9.484
6909,-9.43
6910,-9.228
6911,-9.081
6912,-9.071
6913,-9.026
6914,-8.907
6915,-8.78
6916,-8.672
6917,-8.479
6918,-8.309
6919,-8.21
6920,-8.098
6921,-7.976
6922,-7.86
6923,-7.743
6924,-7.615
6925,-7.486
6926,-7.365
6927,-7.252
6928,-7.137
6929,-7.015
6930,-6.88
6931,-6.74
6932,-6.629
6933,-6.512
6934,-6.401
6935,-6.279
6936,-6.145
6937,-6.009
6938,-5.887
6939,-5.755
6940,-5.63
6941,-5.506
6942,-5.369
6943,-5.249
6944,-5.13
6945,-5.009
6946,-4.887
6947,-4.739
6948,-4.619
6949,-4.498
6950,-4.37
6951,-4.247
6952,-4.118
6953,-3.986
6954,-3.858
6955,-3.719
6956,-3.595
6957,-3.471
6958,-3.337
6959,-3.203
6960,-3.088
6961,-2.961
6962,-2.822
6963,-2.689
6964,-2.55
6965,-2.433
6966,-2.31
6967,-2.174
6968,-2.055
6969,-1.902
6970,-1.765
6971,-1.641
6972,-1.521
6973,-1.4
6974,-1.256
6975,-1.126
6976,-1.007
6977,-0.871
6978,-0.739
6979,-0.603
6980,-0.478
6981,-0.338
6982,-0.21
6983,-0.082
6984,0.055
6985,0.18
6986,0.316
6987,0.454
6988,0.571
6989,0.712
6990,0.833
6991,0.963
6992,1.1
6993,1.246
6994,1.38
6995,1.496
6996,1.603
6997,1.738
6998,1.87
6999,2.02
7000,2.141
7001,2.26
7002,2.388
7003,2.519
7004,2.65
7005,2.776
7006,2.912
7007,3.047
7008,3.176
7009,3.3
7010,3.426
7011,3.558
7012,3.677
7013,3.812
7014,3.941
7015,4.076
7016,4.197
7017,4.325
7018,4.435
7019,4.573
7020,4.72
7021,4.85
7022,4.966
7023,5.091
7024,5.215
7025,5.329
7026,5.466
7027,5.593
7028,5.711
7029,5.844
7030,5.979
7031,6.099
7032,6.221
7033,6.342
7034,6.465
7035,6.58
7036,6.715
7037,6.835
7038,6.957
7039,7.08
7040,7.209
7041,7.333
7042,7.436
7043,7.563
7044,7.705
7045,7.83
7046,7.941
7047,8.052
7048,8.166
7049,8.285
7050,8.401
7051,8.519
7052,8.644
7053,8.756
7054,8.87
7055,8.999
7056,9.117
7057,9.229
7058,9.345
7059,9.466
7060,9.576
7061,9.703
7062,
7063,
7064,
7065,
7066,
7067,
7068,
7069,
7070,
7071,
7072,
7073,
7074,
7075,
7076,
7077,
7078,
7079,
7080,
7081,
7082,
7083,
7084,
7085,
7086,
7087,
7088,
7089,
7090,
7091,
7092,
7093,
7094,
7095,
7096,
7097,
7098,
7099,
7100,
7101,
7102,
7103,
7104,
7105,
7106,
7107,
7108,
7109,
7110,
7111,
7112,
7113,
7114,
7115,
7116,
7117,
7118,
7119,
7120,
7121,
7122,
7123,
7124,
7125,
7126,
7127,
7128,
7129,
7130,
7131,
7132,
7133,
7134,
7135,
7136,
7137,
7138,
7139,
7140,
7141,
7142,
7143,
7144,
7145,
7146,
7147,
7148,
7149,
7150,
7151,
7152,
7153,
7154,
7155,
7156,
7157,
7158,
7159,
7160,
7161,
7162,
7163,
7164,
7165,
7166,
7167,
7168,
7169,
7170,
7171,
7172,
7173,
7174,
7175,
7176,
7177,
7178,
7179,
7180,
7181,
7182,
7183,
7184,
7185,
7186,
7187,
7188,
7189,
7190,
7191,
7192,
7193,
7194,
7195,
7196,
7197,
7198,
7199,
7200,
7201,
7202,
7203,
7204,
7205,
7206,
7207,
7208,
7209,
7210,
7211,
7212,
7213,
7214,
7215,
7216,
7217,
7218,
7219,
7220,
7221,
7222,
7223,
7224,
7225,
7226,
7227,
7228,
7229,
7230,
7231,
7232,
7233,
7234,
7235,
7236,
7237,
7238,
7239,
7240,
7241,
7242,
7243,
7244,
7245,
7246,
7247,
7248,
7249,
7250,
7251,
7252,
7253,
7254,
7255,
7256,
7257,
7258,
7259,
7260,
7261,
7262,
7263,
7264,
7265,
7266,
7267,
7268,
7269,
7270,
7271,
7272,
7273,
7274,
7275,
7276,
7277,
7278,
7279,
7280,
7281,
7282,
7283,
7284,
7285,
7286,
7287,
7288,
7289,
7290,
7291,
7292,
7293,
7294,
7295,
7296,
7297,
7298,
7299,
7300,
7301,
7302,
7303,
7304,
7305,
7306,
7307,
7308,
7309,
7310,
7311,
7312,
7313,
7314,
7315,
7316,
7317,
7318,
7319,
7320,
7321,
7322,
7323,
7324,
7325,
7326,
7327,
7328,
7329,
7330,
7331,
7332,
7333,
7334,
7335,
7336,
7337,
7338,
7339,
7340,
7341,
7342,
7343,
7344,
7345,
7346,
7347,
7348,
7349,
7350,
7351,
7352,
7353,
7354,
7355,
7356,
7357,
7358,
7359,
7360,
7361,
7362,
7363,
7364,
7365,
7366,
7367,
7368,
7369,
7370,
7371,
7372,
7373,
7374,
7375,
7376,
7377,
7378,
7379,
7380,
7381,
7382,
7383,
7384,
7385,
7386,
7387,
7388,
7389,
7390,
7391,
7392,
7393,
7394,
7395,
7396,
7397,
7398,
7399,
7400,
7401,
7402,
7403,
7404,
7405,
7406,
7407,
7408,
7409,
7410,
7411,
7412,
7413,
7414,
7415,
7416,
7417,
7418,
7419,
7420,
7421,
7422,
7423,
7424,
7425,
7426,
7427,
7428,
7429,
7430,
7431,
7432,
7433,
7434,
7435,
7436,
7437,
7438,
7439,
7440,
7441,
7442,
7443,
7444,
7445,
7446,
7447,
7448,
7449,
7450,
7451,
7452,
7453,
7454,
7455,
7456,
7457,
7458,
7459,
7460,
7461,
7462,
7463,
7464,
7465,
7466,
7467,
7468,
7469,
7470,
7471,
7472,
7473,
7474,
7475,
7476,
7477,
7478,
7479,
7480,
7481,
7482,
7483,
7484,
7485,
7486,
7487,
7488,
7489,
7490,
7491,
7492,
7493,
7494,
7495,
7496,
7497,
7498,
7499,
7500,
7501,
7502,
7503,
7504,
7505,
7506,
7507,
7508,
7509,
7510,
7511,
7512,
7513,
7514,
7515,
7516,
7517,
7518,
7519,
7520,
7521,
7522,
7523,
7524,
7525,
7526,
7527,
7528,
7529,
7530,
7531,
7532,
7533,
7534,
7535,
7536,
7537,
7538,
7539,
7540,
7541,
7542,
7543,
7544,
7545,
7546,
7547,
7548,
7549,
7550,
7551,
7552,
7553,
7554,
7555,
7556,
7557,
7558,
7559,
7560,
7561,
7562,
7563,
7564,
7565,
7566,
7567,
7568,
7569,
7570,
7571,
7572,
7573,
7574,
7575,
7576,
7577,
7578,
7579,
7580,
7581,
7582,
7583,
7584,
7585,
7586,
7587,
7588,
7589,
7590,
7591,
7592,
7593,
7594,
7595,
7596,
7597,
7598,
7599,
7600,
7601,
7602,
7603,
7604,
7605,
7606,
7607,
7608,
7609,
7610,
7611,
7612,
7613,
7614,
7615,
7616,
7617,
7618,
7619,
7620,
7621,
7622,
7623,
7624,
7625,
7626,
7627,
7628,
7629,
7630,
7631,
7632,
7633,
7634,
7635,
7636,
7637,
7638,
7639,
7640,
7641,
7642,
7643,
7644,
7645,
7646,
7647,
7648,
7649,
7650,
7651,
7652,
7653,
7654,
7655,
7656,
7657,
7658,
7659,
7660,
7661,
7662,
7663,
7664,
7665,
7666,
7667,
7668,
7669,
7670,
7671,
7672,
7673,
7674,
7675,
7676,
7677,
7678,
7679,
7680,
7681,
7682,
7683,
7684,
7685,
7686,
7687,
7688,
7689,
7690,
7691,
7692,
7693,
7694,
7695,
7696,
7697,
7698,
7699,
7700,
7701,
7702,
7703,
7704,
7705,
7706,
7707,
7708,
7709,
7710,
7711,
7712,
7713,
7714,
7715,
7716,
7717,
7718,
7719,
7720,
7721,
7722,
7723,
7724,
7725,
7726,
7727,
7728,
7729,
7730,
7731,
7732,
7733,
7734,
7735,
7736,
7737,
7738,
7739,
7740,
7741,
7742,
7743,
7744,
7745,
7746,
7747,
7748,
7749,
7750,
7751,
7752,
7753,
7754,
7755,
7756,
7757,
7758,
7759,
7760,
7761,
7762,
7763,
7764,
7765,
7766,
7767,
7768,
7769,
7770,
7771,
7772,
7773,
7774,
7775,
7776,
7777,
7778,
7779,
7780,
7781,
7782,
7783,
7784,
7785,
7786,
7787,
7788,
7789,
7790,
7791,
7792,
7793,
7794,
7795,
7796,
7797,
7798,
7799,
7800,
7801,
7802,
7803,
7804,
7805,
7806,
7807,
7808,
7809,
7810,
7811,
7812,
7813,
7814,
7815,
7816,
7817,
7818,
7819,
7820,
7821,
7822,
7823,
7824,
7825,
7826,
7827,
7828,
7829,
7830,
7831,
7832,
7833,
7834,
7835,
7836,
7837,
7838,
7839,
7840,
7841,
7842,
7843,
7844,
7845,
7846,
7847,
7848,
7849,
7850,
7851,
7852,
7853,
7854,
7855,
7856,
7857,
7858,
7859,
7860,
7861,
7862,
7863,
7864,
7865,
7866,
7867,
7868,
7869,
7870,
7871,
7872,
7873,
7874,
7875,
7876,
7877,
7878,
7879,
7880,
7881,
7882,
7883,
7884,
7885,
7886,
7887,
7888,
7889,
7890,
7891,
7892,
7893,
7894,
7895,
7896,
7897,
7898,
7899,
7900,
7901,
7902,
7903,
7904,
7905,
7906,
7907,
7908,
7909,
7910,
7911,
7912,
7913,
7914,
7915,
7916,
7917,
7918,
7919,
7920,
7921,
7922,
7923,
7924,
7925,
7926,
7927,
7928,
7929,
7930,
7931,
7932,
7933,
7934,
7935,
7936,
7937,
7938,
7939,
7940,
7941,
7942,
7943,
7944,
7945,
7946,
7947,
7948,
7949,
7950,
7951,
7952,
7953,
7954,
7955,
7956,
7957,
7958,
7959,
7960,
7961,
7962,
7963,
7964,
7965,
7966,
7967,
7968,
7969,
7970,
7971,
7972,
7973,
7974,
7975,
7976,
7977,
7978,
7979,
7980,
7981,
7982,
7983,
7984,
7985,
7986,
7987,
7988,
7989,
7990,
7991,
7992,
7993,
7994,
7995,
7996,
7997,
7998,
7999,
8000,
