ags,54995225,10921,1314,-837,265,658,19399
ags,54995275,7972,1472,-1096,51,220,10886
ags,54995325,6697,1577,-906,-44,81,1400
ags,54995375,7423,1568,-1231,-197,-350,-8205
ags,54995425,9927,1365,-813,-281,-438,-17082
ags,54995475,13216,1013,-1196,-395,-887,-24349
ags,54995525,16194,608,-806,-428,-760,-25107
ags,54995575,17176,37,-1382,-481,-934,-25107
ags,54995625,15936,-538,-781,-491,-649,-25107
ags,54995675,12947,-1075,-825,-506,-482,-23261
ags,54995725,9427,-1464,-1355,-373,-300,-15635
ags,54995775,7261,-1654,-649,-176,-152,-6619
ags,54995825,7093,-1393,-1062,-103,-29,2817
ags,54995875,8511,-1559,-740,104,394,12341
ags,54995925,11473,-1329,-1108,255,436,20578
ags,54995975,14691,-824,-942,287,729,24918
ags,54996025,16922,-233,-1087,290,720,24918
ags,54996075,16727,408,-957,329,881,24918
ags,54996125,14490,855,-1165,330,735,24918
ags,54996175,11153,1328,-798,232,645,19867
ags,54996225,8143,1524,-1152,105,291,11512
ags,54996275,6763,1646,-764,-54,111,2111
ags,54996325,7313,1607,-1038,-152,-270,-7449
ags,54996375,9617,1431,-803,-273,-476,-16345
ags,54996425,12884,1236,-1008,-518,-712,-23784
ags,54996475,15972,628,-930,-446,-879,-25107
ags,54996525,17181,51,-1047,-434,-921,-25107
ags,54996575,15975,-529,-1006,-392,-783,-25107
ags,54996625,13023,-1071,-1113,-367,-637,-23629
ags,54996675,9761,-1442,-811,-269,-399,-16141
ags,54996725,7379,-1700,-967,-171,-188,-7210
ags,54996775,6861,-1720,-808,-30,31,2325
ags,54996825,8304,-1671,-977,97,278,11677
ags,54996875,11260,-1325,-789,233,452,19979
ags,54996925,14698,-934,-1072,280,652,24918
ags,54996975,16817,-345,-816,400,763,24918
ags,54997025,16817,401,-1130,368,908,24918
ags,54997075,14720,813,-930,314,747,24918
ags,54997125,11422,1206,-1077,237,640,20242
ags,54997175,8372,1480,-842,79,309,11993
ags,54997225,6763,1633,-1043,-45,109,2689
ags,54997275,7217,1548,-808,-153,-273,-6843
ags,54997325,9432,1397,-1096,-260,-486,-15772
ags,54997375,12828,1072,-833,-405,-759,-23255
ags,54997425,15738,664,-1062,-484,-834,-25107
ags,54997475,17132,93,-840,-442,-896,-25107
ags,54997525,16024,-521,-1113,-445,-753,-25107
ags,54997575,13204,-1083,-806,-373,-656,-23850
ags,54997625,9883,-1434,-894,-272,-383,-16558
ags,54997675,7574,-1632,-823,-160,-229,-7725
ags,54997725,6922,-1688,-964,-20,60,1766
ags,54997775,8209,-1527,-796,106,262,11106
ags,54997825,11036,-1263,-940,229,485,19443
ags,54997875,14344,-880,-923,306,626,24918
ags,54997925,16592,-258,-950,346,789,24918
ags,54997975,16890,381,-977,352,829,24918
ags,54998025,15013,850,-869,265,836,24918
ags,54998075,11368,1277,-1082,233,625,20362
ags,54998125,8448,1419,-999,105,342,12234
ags,54998175,6805,1546,-1004,-10,46,2994
ags,54998225,7105,1463,-857,-131,-208,-6504
ags,54998275,9376,1375,-913,-325,-514,-15413
ags,54998325,12606,1131,-942,-379,-709,-22916
ags,54998375,15640,684,-1016,-461,-872,-25107
ags,54998425,17020,171,-855,-416,-886,-25107
ags,54998475,16019,-453,-920,-421,-758,-25107
ags,54998525,13333,-956,-1023,-370,-628,-23908
ags,54998575,9905,-1422,-996,-291,-471,-16706
ags,54998625,7589,-1644,-916,-203,-198,-7971
ags,54998675,6854,-1683,-877,-28,-19,1483
ags,54998725,8196,-1569,-859,68,299,10795
ags,54998775,10950,-1244,-903,194,443,19135
ags,54998825,14224,-868,-1035,268,682,24918
ags,54998875,16509,-343,-1101,323,742,24918
ags,54998925,16739,293,-918,385,878,24918
ags,54998975,15049,830,-947,310,836,24918
ags,54999025,11580,1272,-1033,209,655,20587
ags,54999075,8570,1514,-1116,127,300,12557
ags,54999125,6876,1570,-837,17,133,3370
ags,54999175,7049,1563,-862,-135,-243,-6082
ags,54999225,9280,1492,-903,-254,-443,-14998
ags,54999275,12471,1175,-974,-347,-740,-22574
ags,54999325,15425,742,-847,-418,-834,-25107
ags,54999375,16868,108,-972,-531,-846,-25107
ags,54999425,16011,-409,-820,-521,-750,-25107
ags,54999475,13333,-990,-977,-421,-654,-23934
ags,54999525,10150,-1400,-859,-293,-409,-16861
ags,54999575,7642,-1625,-881,-147,-217,-8229
ags,54999625,6841,-1720,-794,-53,32,1165
ags,54999675,8094,-1532,-1030,81,228,10469
ags,54999725,10853,-1285,-857,207,432,18804
ags,54999775,14180,-936,-967,214,694,24918
ags,54999825,16336,-280,-935,274,758,24918
ags,54999875,16668,332,-1065,306,849,24918
ags,54999925,14605,750,-1033,296,776,24918
ags,54999975,11627,1245,-1040,256,623,20658
ags,55000025,8736,1463,-903,149,297,12693
ags,55000075,6934,1568,-933,-33,175,3602
ags,55000125,7152,1580,-967,-153,-246,-5766
ags,55000175,9202,1382,-884,-243,-421,-14648
ags,55000225,12300,1177,-994,-375,-754,-22195
ags,55000275,15255,689,-899,-428,-777,-25107
ags,55000325,16739,37,-1013,-433,-962,-25107
ags,55000375,16006,-499,-913,-402,-698,-25107
ags,55000425,13311,-941,-1113,-331,-670,-23962
ags,55000475,10169,-1298,-725,-316,-434,-16977
ags,55000525,7696,-1593,-982,-180,-251,-8464
ags,55000575,7025,-1639,-708,-46,3,932
ags,55000625,8060,-1632,-999,71,220,10152
ags,55000675,10762,-1290,-859,204,451,18451
ags,55000725,13858,-851,-1121,290,629,24918
ags,55000775,16312,-324,-923,331,760,24918
ags,55000825,16661,264,-996,338,838,24918
ags,55000875,14864,813,-840,366,680,24918
ags,55000925,11724,1165,-969,209,634,20666
ags,55000975,8646,1431,-869,104,381,12657
ags,55001025,6946,1597,-950,40,106,3604
ags,55001075,7259,1467,-784,-109,-208,-5735
ags,55001125,9249,1399,-886,-269,-474,-14582
ags,55001175,12244,1118,-842,-364,-714,-22056
ags,55001225,15257,689,-972,-422,-826,-25107
ags,55001275,16768,261,-918,-475,-823,-25107
ags,55001325,15943,-419,-1062,-466,-792,-25107
ags,55001375,13289,-909,-894,-383,-640,-23804
ags,55001425,10179,-1364,-811,-251,-453,-16885
ags,55001475,7689,-1622,-899,-165,-258,-8384
ags,55001525,6927,-1657,-903,-9,1,931
ags,55001575,8055,-1630,-855,95,228,10135
ags,55001625,10743,-1298,-994,227,441,18388
ags,55001675,13912,-890,-935,306,610,24854
ags,55001725,16234,-258,-979,339,740,24918
ags,55001775,16509,242,-950,344,819,24918
ags,55001825,14803,855,-933,274,829,24918
ags,55001875,11724,1250,-982,265,607,20504
ags,55001925,8770,1460,-999,140,348,12729
ags,55001975,7044,1536,-872,21,89,3715
ags,55002025,7183,1475,-847,-108,-191,-5590
ags,55002075,9131,1326,-930,-234,-473,-14393
ags,55002125,12271,1155,-957,-349,-693,-21861
ags,55002175,15206,716,-991,-435,-841,-25107
ags,55002225,16595,59,-974,-528,-889,-25107
ags,55002275,15870,-485,-820,-457,-765,-25107
ags,55002325,13267,-995,-913,-397,-620,-23754
ags,55002375,10198,-1356,-930,-299,-451,-16875
ags,55002425,7801,-1564,-837,-158,-266,-8460
ags,55002475,6942,-1683,-835,-29,-29,840
ags,55002525,8079,-1603,-850,85,218,9984
ags,55002575,10665,-1325,-906,206,432,18238
ags,55002625,13804,-902,-982,310,606,24677
ags,55002675,16168,-306,-1016,342,746,24918
ags,55002725,16527,344,-1016,348,821,24918
ags,55002775,14639,813,-1084,363,700,24918
ags,55002825,11671,1196,-940,226,611,20482
ags,55002875,8743,1465,-886,160,381,12702
ags,55002925,7137,1502,-986,-1,137,3769
ags,55002975,7237,1533,-913,-118,-201,-5503
ags,55003025,9210,1372,-967,-236,-447,-14283
ags,55003075,12195,1128,-1011,-364,-718,-21702
ags,55003125,15086,647,-1030,-418,-850,-25107
ags,55003175,16443,322,-1072,-497,-872,-25107
ags,55003225,15870,-414,-938,-439,-809,-25107
ags,55003275,13297,-953,-842,-349,-615,-23638
ags,55003325,10110,-1327,-786,-275,-464,-16789
ags,55003375,7791,-1615,-1008,-192,-231,-8417
ags,55003425,6995,-1718,-835,-31,-25,838
ags,55003475,8077,-1586,-840,93,225,9942
ags,55003525,10674,-1310,-852,207,427,18120
ags,55003575,13721,-880,-1057,303,591,24529
ags,55003625,16041,-377,-1018,340,749,24918
ags,55003675,16290,269,-979,236,761,24918
ags,55003725,14654,813,-935,264,800,24918
ags,55003775,11675,1138,-1155,257,605,20359
ags,55003825,8699,1516,-862,127,333,12442
ags,55003875,7093,1555,-935,48,94,3531
ags,55003925,7327,1509,-867,-103,-192,-5690
ags,55003975,9268,1480,-867,-193,-436,-14413
ags,55004025,12220,1165,-994,-322,-679,-21748
ags,55004075,15042,733,-950,-404,-828,-25107
ags,55004125,16439,191,-933,-444,-865,-25107
ags,55004175,15728,-343,-796,-464,-737,-25107
ags,55004225,13192,-931,-986,-384,-634,-23350
ags,55004275,10154,-1346,-881,-267,-467,-16510
ags,55004325,7764,-1542,-884,-157,-236,-8103
ags,55004375,7029,-1603,-899,-40,-16,1073
ags,55004425,8250,-1471,-781,69,213,10111
ags,55004475,10775,-1285,-920,211,448,18228
ags,55004525,13804,-883,-972,302,610,24567
ags,55004575,16050,-343,-911,342,721,24918
ags,55004625,16356,210,-899,436,814,24918
ags,55004675,14568,911,-1018,363,779,24918
ags,55004725,11578,1250,-1038,200,601,20052
ags,55004775,8724,1419,-874,173,365,12291
ags,55004825,7120,1492,-950,17,131,3425
ags,55004875,7337,1494,-816,-108,-214,-5758
ags,55004925,9266,1397,-957,-238,-448,-14403
ags,55004975,12296,1140,-960,-352,-703,-21725
ags,55005025,15079,767,-918,-454,-818,-25107
ags,55005075,16373,149,-935,-460,-828,-25107
ags,55005125,15677,-448,-886,-460,-731,-25107
ags,55005175,13091,-941,-935,-419,-630,-23166
ags,55005225,10184,-1373,-894,-289,-443,-16327
ags,55005275,7774,-1571,-772,-152,-236,-7939
ags,55005325,7049,-1600,-837,-19,12,1172
ags,55005375,8131,-1539,-928,110,200,10183
ags,55005425,10809,-1200,-857,215,442,18254
ags,55005475,13817,-812,-935,297,599,24514
ags,55005525,15902,-248,-930,328,746,24918
ags,55005575,16121,242,-1201,306,772,24918
ags,55005625,14388,835,-886,316,739,24918
ags,55005675,11417,1211,-1060,212,610,19847
ags,55005725,8665,1409,-845,120,365,12092
ags,55005775,7142,1467,-969,-5,78,3250
ags,55005825,7342,1438,-933,-122,-194,-5877
ags,55005875,9327,1350,-938,-241,-477,-14490
ags,55005925,12271,984,-1030,-355,-686,-21714
ags,55005975,14971,664,-955,-455,-828,-25107
ags,55006025,16358,83,-945,-426,-826,-25107
ags,55006075,15687,-399,-803,-502,-762,-25107
ags,55006125,13069,-946,-962,-370,-564,-22939
ags,55006175,10003,-1373,-884,-245,-436,-16105
ags,55006225,7764,-1542,-940,-152,-198,-7698
ags,55006275,7061,-1637,-896,-9,20,1370
ags,55006325,8228,-1554,-952,87,239,10334
ags,55006375,10855,-1202,-825,215,440,18322
ags,55006425,13817,-734,-1001,302,581,24516
ags,55006475,15919,-250,-925,350,739,24918
ags,55006525,16065,315,-1004,329,745,24918
ags,55006575,14302,779,-781,335,775,24918
ags,55006625,11370,1287,-979,221,587,19560
ags,55006675,8560,1424,-918,120,342,11818
ags,55006725,7095,1482,-874,25,52,2828
ags,55006775,7454,1480,-920,-118,-192,-6271
ags,55006825,9446,1314,-894,-247,-473,-14794
ags,55006875,12420,1065,-1030,-344,-694,-21888
ags,55006925,15140,608,-1025,-396,-833,-25107
ags,55006975,16214,127,-940,-412,-819,-25107
ags,55007025,15379,-433,-879,-431,-734,-25107
ags,55007075,12889,-966,-969,-363,-606,-22545
ags,55007125,10035,-1364,-852,-244,-431,-15623
ags,55007175,7733,-1576,-837,-138,-215,-7214
ags,55007225,7029,-1620,-950,-15,14,1809
ags,55007275,8353,-1466,-867,96,252,10697
ags,55007325,11048,-1205,-913,220,462,18599
ags,55007375,14027,-768,-947,264,599,24606
ags,55007425,15880,-233,-1025,328,766,24918
ags,55007475,15887,293,-1030,265,797,24918
ags,55007525,14117,835,-928,335,717,24918
ags,55007575,11277,1179,-967,213,581,19106
ags,55007625,8521,1370,-955,148,367,11312
ags,55007675,7090,1516,-886,-32,53,2506
ags,55007725,7537,1441,-960,-118,-210,-6543
ags,55007775,9473,1362,-847,-244,-494,-14980
ags,55007825,12496,1016,-1038,-340,-692,-22016
ags,55007875,15142,562,-945,-401,-847,-25107
ags,55007925,16226,32,-999,-426,-815,-25107
ags,55007975,15286,-485,-942,-395,-759,-25107
ags,55008025,12735,-1041,-974,-357,-570,-22199
ags,55008075,9803,-1408,-855,-264,-435,-15267
ags,55008125,7689,-1627,-816,-120,-208,-6853
ags,55008175,7147,-1622,-794,4,0,2150
ags,55008225,8492,-1442,-957,91,246,10970
ags,55008275,11063,-1205,-938,223,455,18768
ags,55008325,14009,-714,-899,300,588,24675
ags,55008375,15882,-243,-991,320,750,24918
ags,55008425,16019,386,-840,301,773,24918
ags,55008475,13980,901,-964,249,765,24625
ags,55008525,11041,1172,-1067,205,556,18721
ags,55008575,8453,1399,-852,142,303,10904
ags,55008625,7164,1536,-837,10,42,2117
ags,55008675,7603,1455,-859,-135,-221,-6870
ags,55008725,9676,1336,-899,-253,-472,-15234
ags,55008775,12567,1060,-1040,-385,-707,-22138
ags,55008825,15076,562,-960,-421,-822,-25107
ags,55008875,16155,88,-994,-417,-822,-25107
ags,55008925,15174,-480,-1004,-389,-717,-25107
ags,55008975,12610,-1041,-999,-322,-595,-21805
ags,55009025,9695,-1390,-869,-238,-408,-14829
ags,55009075,7606,-1591,-803,-118,-194,-6434
ags,55009125,7227,-1632,-906,7,36,2560
ags,55009175,8646,-1434,-911,120,245,11313
ags,55009225,11321,-1122,-916,219,452,18992
ags,55009275,14100,-731,-920,292,593,24744
ags,55009325,15931,-226,-1035,280,733,24918
ags,55009375,15801,359,-991,309,791,24918
ags,55009425,13831,794,-1016,279,737,24270
ags,55009475,10923,1194,-889,217,528,18270
ags,55009525,8284,1392,-813,110,308,10454
ags,55009575,7159,1448,-920,-19,11,1663
ags,55009625,7733,1431,-859,-143,-241,-7440
ags,55009675,9910,1375,-925,-255,-488,-15692
ags,55009725,12730,1001,-1021,-379,-715,-22410
ags,55009775,15184,510,-984,-398,-807,-25107
ags,55009825,16050,22,-1060,-414,-803,-25107
ags,55009875,14891,-570,-830,-386,-724,-25107
ags,55009925,12359,-1041,-977,-325,-556,-21283
ags,55009975,9473,-1366,-869,-249,-383,-14175
ags,55010025,7571,-1520,-855,-112,-176,-5748
ags,55010075,7342,-1544,-916,8,48,3199
ags,55010125,8807,-1356,-881,137,265,11860
ags,55010175,11426,-1075,-884,246,470,19431
ags,55010225,14239,-668,-969,305,610,24918
ags,55010275,15943,-73,-972,349,735,24918
ags,55010325,15638,410,-950,323,780,24918
ags,55010375,13555,891,-1025,261,727,23786
ags,55010425,10679,1243,-967,187,514,17646
ags,55010475,8211,1431,-940,91,273,9751
ags,55010525,7247,1560,-850,-32,13,993
ags,55010575,7877,1475,-918,-157,-244,-7890
ags,55010625,10030,1314,-923,-264,-526,-16058
ags,55010675,12838,962,-955,-376,-705,-22639
ags,55010725,15289,550,-916,-402,-796,-25107
ags,55010775,16014,-12,-1035,-416,-805,-25107
ags,55010825,14717,-570,-864,-414,-699,-25107
ags,55010875,12137,-1032,-930,-333,-528,-20797
ags,55010925,9300,-1361,-859,-231,-389,-13642
ags,55010975,7532,-1537,-894,-70,-151,-5201
ags,55011025,7420,-1537,-864,31,54,3713
ags,55011075,8917,-1466,-811,147,278,12295
ags,55011125,11583,-1117,-935,235,465,19694
ags,55011175,14280,-648,-869,300,626,24918
ags,55011225,15914,-71,-950,342,747,24918
ags,55011275,15518,491,-1123,327,781,24918
ags,55011325,13406,945,-1065,274,687,23354
ags,55011375,10474,1221,-899,190,493,17099
ags,55011425,8131,1397,-969,88,282,9191
ags,55011475,7193,1450,-925,-39,7,394
ags,55011525,7874,1397,-908,-158,-269,-8403
ags,55011575,10272,1270,-894,-254,-511,-16446
ags,55011625,13050,901,-1040,-374,-719,-22857
ags,55011675,15230,510,-925,-416,-812,-25107
ags,55011725,15853,-89,-1043,-425,-790,-25107
ags,55011775,14586,-670,-903,-385,-695,-25107
ags,55011825,11937,-1039,-989,-343,-537,-20260
ags,55011875,9236,-1390,-911,-238,-347,-13042
ags,55011925,7496,-1588,-955,-104,-139,-4568
ags,55011975,7444,-1610,-947,9,76,4309
ags,55012025,9129,-1429,-989,141,302,12782
ags,55012075,11712,-1085,-940,238,477,20035
ags,55012125,14444,-634,-842,294,641,24918
ags,55012175,15838,-63,-1004,362,749,24918
ags,55012225,15403,457,-938,339,772,24918
ags,55012275,13189,925,-999,246,694,22866
ags,55012325,10364,1277,-984,207,482,16505
ags,55012375,8065,1431,-972,82,236,8512
ags,55012425,7120,1472,-857,-31,-40,-229
ags,55012475,8062,1426,-950,-160,-310,-8987
ags,55012525,10430,1233,-899,-260,-524,-17034
ags,55012575,13309,904,-999,-363,-753,-23217
ags,55012625,15381,474,-945,-399,-815,-25107
ags,55012675,15765,-126,-935,-395,-793,-25107
ags,55012725,14276,-592,-869,-368,-689,-24935
ags,55012775,11597,-1066,-960,-313,-542,-19571
ags,55012825,9041,-1415,-840,-225,-347,-12210
ags,55012875,7457,-1581,-899,-93,-132,-3728
ags,55012925,7576,-1488,-881,22,71,5108
ags,55012975,9332,-1344,-884,133,346,13464
ags,55013025,12051,-1078,-935,228,493,20549
ags,55013075,14612,-538,-957,306,657,24918
ags,55013125,15826,-17,-974,298,729,24918
ags,55013175,15154,528,-960,284,762,24918
ags,55013225,12879,996,-967,276,655,22239
ags,55013275,9998,1279,-859,185,472,15717
ags,55013325,7903,1414,-1094,70,227,7630
ags,55013375,7164,1521,-867,-4,-45,-1121
ags,55013425,8345,1441,-945,-173,-335,-9745
ags,55013475,10543,1201,-906,-281,-548,-17506
ags,55013525,13365,955,-1201,-586,-702,-23502
ags,55013575,15330,554,-908,-603,-835,-25107
ags,55013625,15689,-160,-1018,-552,-756,-25107
ags,55013675,14017,-695,-942,-457,-679,-24429
ags,55013725,11304,-1168,-928,-335,-499,-18938
ags,55013775,8714,-1422,-794,-222,-314,-11516
ags,55013825,7484,-1517,-789,-72,-80,-2995
ags,55013875,7728,-1459,-899,41,119,5803
ags,55013925,9507,-1376,-823,156,352,14035
ags,55013975,12181,-953,-986,233,508,20930
ags,55014025,14708,-494,-862,303,654,24918
ags,55014075,15765,49,-1006,324,730,24918
ags,55014125,14932,550,-913,310,746,24918
ags,55014175,12632,1026,-977,245,652,21625
ags,55014225,9854,1275,-960,159,452,14991
ags,55014275,7718,1463,-930,68,192,6880
ags,55014325,7305,1460,-842,-60,-67,-1855
ags,55014375,8487,1397,-957,-164,-320,-10416
ags,55014425,10899,1150,-894,-309,-561,-18001
ags,55014475,13614,840,-1050,-353,-743,-23779
ags,55014525,15369,335,-874,-399,-796,-25107
ags,55014575,15438,-175,-999,-387,-783,-25107
ags,55014625,13873,-717,-930,-388,-639,-23954
ags,55014675,11097,-1161,-952,-308,-492,-18260
ags,55014725,8651,-1454,-955,-193,-308,-10754
ags,55014775,7435,-1527,-830,-51,-77,-2197
ags,55014825,7811,-1527,-913,57,116,6531
ags,55014875,9764,-1364,-928,166,362,14654
ags,55014925,12527,-887,-979,238,526,21347
ags,55014975,14764,-482,-896,304,687,24918
ags,55015025,15733,120,-945,304,752,24918
ags,55015075,14705,637,-913,268,765,24918
ags,55015125,12215,1055,-1094,201,642,21011
ags,55015175,9529,1240,-1013,154,419,14235
ags,55015225,7725,1460,-928,38,162,6074
ags,55015275,7391,1453,-894,-85,-82,-2630
ags,55015325,8589,1309,-930,-196,-365,-11107
ags,55015375,11114,1194,-1082,-299,-566,-18552
ags,55015425,13802,828,-1025,-394,-749,-24161
ags,55015475,15599,305,-989,-422,-799,-25107
ags,55015525,15338,-223,-1011,-428,-738,-25107
ags,55015575,13487,-768,-891,-370,-641,-23310
ags,55015625,10806,-1188,-855,-293,-470,-17377
ags,55015675,8506,-1400,-881,-200,-256,-9725
ags,55015725,7440,-1512,-813,-66,-64,-1189
ags,55015775,8048,-1476,-830,80,142,7468
ags,55015825,10052,-1239,-881,178,385,15444
ags,55015875,12637,-900,-884,240,542,21862
ags,55015925,14981,-299,-972,279,681,24918
ags,55015975,15633,181,-986,317,733,24918
ags,55016025,14434,681,-1069,293,752,24918
ags,55016075,11924,1099,-925,233,597,20226
ags,55016125,9239,1299,-967,130,397,13249
ags,55016175,7515,1472,-864,35,136,5034
ags,55016225,7503,1436,-852,-88,-147,-3669
ags,55016275,8900,1372,-901,-220,-370,-12007
ags,55016325,11353,1116,-1045,-314,-592,-19210
ags,55016375,13961,742,-991,-359,-753,-24447
ags,55016425,15526,230,-857,-397,-802,-25107
ags,55016475,15286,-282,-957,-388,-760,-25107
ags,55016525,13228,-763,-820,-355,-608,-22705
ags,55016575,10611,-1237,-864,-266,-457,-16593
ags,55016625,8419,-1400,-718,-203,-257,-8777
ags,55016675,7313,-1491,-784,-86,-31,-306
ags,55016725,8209,-1422,-879,49,161,8309
ags,55016775,10272,-1207,-803,171,369,16113
ags,55016825,13052,-802,-845,261,530,22293
ags,55016875,14964,-304,-964,306,679,24918
ags,55016925,15430,166,-1072,313,717,24918
ags,55016975,14171,730,-977,342,729,24535
ags,55017025,11680,1067,-835,207,575,19452
ags,55017075,9136,1321,-920,140,400,12403
ags,55017125,7466,1465,-920,-16,110,4101
ags,55017175,7559,1436,-899,-89,-144,-4538
ags,55017225,9088,1262,-969,-214,-427,-12781
ags,55017275,11790,1106,-864,-314,-622,-19764
ags,55017325,14168,735,-1045,-412,-756,-24703
ags,55017375,15474,149,-989,-415,-779,-25107
ags,55017425,15020,-424,-869,-412,-723,-25107
ags,55017475,12945,-831,-859,-348,-566,-22037
ags,55017525,10272,-1278,-920,-248,-439,-15772
ags,55017575,8165,-1469,-918,-157,-231,-7921
ags,55017625,7381,-1525,-852,-33,-1,642
ags,55017675,8338,-1425,-852,92,185,9151
ags,55017725,10528,-1195,-903,167,402,16789
ags,55017775,13223,-844,-1084,263,549,22725
ags,55017825,15203,-248,-1013,300,702,24918
ags,55017875,15340,191,-999,352,745,24918
ags,55017925,13868,764,-1035,276,710,23981
ags,55017975,11297,1109,-877,216,558,18679
ags,55018025,8897,1345,-884,100,344,11464
ags,55018075,7447,1492,-911,-5,73,3131
ags,55018125,7613,1416,-979,-104,-192,-5479
ags,55018175,9349,1282,-918,-229,-428,-13579
ags,55018225,11942,962,-1001,-328,-640,-20352
ags,55018275,14363,618,-1008,-377,-773,-24995
ags,55018325,15533,164,-903,-396,-763,-25107
ags,55018375,14732,-353,-867,-400,-695,-25107
ags,55018425,12552,-834,-733,-361,-558,-21196
ags,55018475,9918,-1224,-906,-269,-394,-14712
ags,55018525,8038,-1444,-874,-161,-180,-6761
ags,55018575,7564,-1556,-820,-28,10,1810
ags,55018625,8687,-1425,-877,83,229,10211
ags,55018675,11014,-1075,-845,204,446,17624
ags,55018725,13531,-660,-960,253,575,23216
ags,55018775,15228,-160,-986,284,687,24918
ags,55018825,15296,320,-886,299,742,24918
ags,55018875,13597,784,-1016,303,683,23293
ags,55018925,10967,1209,-1011,190,539,17705
ags,55018975,8492,1348,-1062,115,294,10306
ags,55019025,7352,1445,-879,-19,18,1926
ags,55019075,7838,1367,-940,-158,-225,-6616
ags,55019125,9669,1284,-964,-243,-466,-14535
ags,55019175,12298,1018,-862,-355,-673,-21004
ags,55019225,14647,623,-894,-380,-773,-25107
ags,55019275,15425,-14,-896,-405,-770,-25107
ags,55019325,14534,-450,-911,-364,-691,-24955
ags,55019375,12256,-927,-867,-310,-561,-20408
ags,55019425,9698,-1315,-928,-237,-387,-13740
ags,55019475,7886,-1469,-872,-128,-180,-5712
ags,55019525,7630,-1444,-803,-12,47,2843
ags,55019575,8912,-1427,-852,104,268,11126
ags,55019625,11314,-1032,-957,201,425,18319
ags,55019675,13802,-638,-962,294,612,23635
ags,55019725,15306,-133,-1013,286,689,24918
ags,55019775,14962,398,-1004,271,756,24918
ags,55019825,13216,852,-986,246,652,22599
ags,55019875,10587,1187,-881,199,511,16800
ags,55019925,8384,1414,-859,92,267,9270
ags,55019975,7322,1443,-1011,-60,17,846
ags,55020025,7999,1365,-889,-166,-254,-7626
ags,55020075,10069,1194,-967,-254,-521,-15371
ags,55020125,12657,913,-928,-369,-662,-21578
ags,55020175,14778,503,-984,-391,-770,-25107
ags,55020225,15318,-51,-1018,-416,-778,-25107
ags,55020275,14307,-595,-979,-395,-697,-24400
ags,55020325,11832,-1032,-874,-336,-521,-19564
ags,55020375,9376,-1368,-955,-240,-344,-12711
ags,55020425,7769,-1525,-850,-134,-138,-4619
ags,55020475,7645,-1461,-879,14,65,3906
ags,55020525,9168,-1312,-930,143,289,12057
ags,55020575,11585,-1010,-884,235,452,19043
ags,55020625,13985,-575,-974,275,605,24028
ags,55020675,15328,-36,-960,328,715,24918
ags,55020725,14866,410,-923,326,734,24918
ags,55020775,12906,916,-967,262,631,21844
ags,55020825,10301,1209,-979,181,469,15786
ags,55020875,8248,1416,-964,76,222,8162
ags,55020925,7393,1421,-952,-27,-26,-254
ags,55020975,8187,1428,-945,-189,-284,-8721
ags,55021025,10269,1145,-947,-276,-503,-16211
ags,55021075,12913,820,-1047,-348,-689,-22143
ags,55021125,14979,488,-1011,-374,-789,-25107
ags,55021175,15252,-82,-1104,-402,-758,-25107
ags,55021225,13956,-585,-942,-383,-629,-23723
ags,55021275,11451,-1000,-867,-301,-513,-18564
ags,55021325,9061,-1337,-982,-212,-313,-11473
ags,55021375,7669,-1434,-881,-90,-106,-3325
ags,55021425,7913,-1405,-864,7,141,5190
ags,55021475,9539,-1315,-891,114,312,13163
ags,55021525,12054,-949,-869,221,498,19865
ags,55021575,14280,-465,-925,268,611,24440
ags,55021625,15274,-27,-935,306,720,24918
ags,55021675,14603,515,-1067,337,675,24918
ags,55021725,12430,952,-925,284,595,20944
ags,55021775,9854,1226,-911,147,439,14629
ags,55021825,8038,1497,-840,60,227,6835
ags,55021875,7430,1441,-955,-82,-63,-1593
ags,55021925,8487,1384,-911,-200,-284,-9871
ags,55021975,10718,1140,-925,-295,-556,-17204
ags,55022025,13279,889,-940,-389,-734,-22761
ags,55022075,15052,388,-972,-386,-781,-25107
ags,55022125,15064,-336,-994,-385,-763,-25107
ags,55022175,13548,-680,-930,-368,-648,-23022
ags,55022225,11107,-1095,-913,-296,-454,-17580
ags,55022275,8765,-1354,-830,-193,-289,-10333
ags,55022325,7640,-1508,-820,-73,-68,-2112
ags,55022375,8035,-1376,-840,45,152,6315
ags,55022425,9759,-1198,-903,170,346,14130
ags,55022475,12344,-819,-962,222,517,20558
ags,55022525,14422,-392,-859,293,648,24737
ags,55022575,15218,122,-901,269,720,24918
ags,55022625,14288,571,-982,268,698,24505
ags,55022675,12093,1030,-889,244,623,20071
ags,55022725,9490,1304,-862,164,410,13500
ags,55022775,7862,1431,-837,14,173,5638
ags,55022825,7537,1458,-1028,-73,-102,-2774
ags,55022875,8712,1382,-964,-205,-362,-10924
ags,55022925,11026,1143,-920,-306,-557,-18036
ags,55022975,13602,716,-891,-323,-741,-23255
ags,55023025,15084,254,-1052,-365,-751,-25107
ags,55023075,14908,-272,-955,-391,-705,-25107
ags,55023125,13152,-802,-923,-347,-622,-22259
ags,55023175,10665,-1134,-891,-283,-442,-16545
ags,55023225,8475,-1371,-840,-174,-269,-9142
ags,55023275,7620,-1456,-906,-56,-69,-881
ags,55023325,8187,-1376,-818,59,183,7446
ags,55023375,10110,-1183,-916,174,352,15115
ags,55023425,12650,-829,-964,253,540,21195
ags,55023475,14620,-341,-989,258,636,24918
ags,55023525,15130,164,-930,329,726,24918
ags,55023575,14058,696,-964,295,681,23915
ags,55023625,11663,974,-813,211,588,19141
ags,55023675,9185,1319,-1035,117,379,12342
ags,55023725,7728,1399,-862,40,142,4373
ags,55023775,7618,1480,-942,-87,-134,-4013
ags,55023825,9024,1250,-835,-209,-373,-12023
ags,55023875,11531,1008,-989,-306,-612,-18836
ags,55023925,13812,684,-896,-399,-724,-23713
ags,55023975,15103,161,-945,-417,-761,-25107
ags,55024025,14744,-350,-845,-399,-702,-25093
ags,55024075,12813,-822,-864,-373,-574,-21447
ags,55024125,10189,-1220,-877,-245,-424,-15430
ags,55024175,8260,-1344,-960,-152,-214,-7716
ags,55024225,7650,-1481,-820,-22,-8,564
ags,55024275,8477,-1359,-935,86,242,8793
ags,55024325,10672,-1132,-894,187,397,16200
ags,55024375,13233,-765,-1130,327,580,21933
ags,55024425,14778,-370,-1057,322,640,24918
ags,55024475,14944,222,-994,362,759,24918
ags,55024525,13555,676,-1004,340,649,23090
ags,55024575,11185,1072,-928,194,564,17981
ags,55024625,8951,1321,-899,117,310,10983
ags,55024675,7579,1431,-879,-11,109,2905
ags,55024725,7828,1382,-877,-118,-203,-5429
ags,55024775,9473,1272,-947,-220,-391,-13255
ags,55024825,11944,1040,-977,-331,-627,-19768
ags,55024875,14110,598,-960,-367,-719,-24183
ags,55024925,15071,120,-1011,-401,-768,-25107
ags,55024975,14376,-436,-864,-399,-658,-24520
ags,55025025,12361,-770,-1067,-329,-529,-20439
ags,55025075,9844,-1132,-901,-256,-358,-14107
ags,55025125,8116,-1437,-947,-125,-186,-6432
ags,55025175,7642,-1437,-855,-11,19,1877
ags,55025225,8817,-1332,-891,90,230,10001
ags,55025275,10965,-1034,-820,204,417,17135
ags,55025325,13467,-555,-823,318,652,22515
ags,55025375,14844,-99,-1001,330,697,24918
ags,55025425,14842,386,-916,302,665,24918
ags,55025475,13226,811,-864,250,654,22317
ags,55025525,10757,1101,-923,191,510,16883
ags,55025575,8560,1304,-935,79,289,9690
ags,55025625,7540,1409,-855,-21,27,1551
ags,55025675,8033,1345,-857,-129,-222,-6700
ags,55025725,9825,1206,-994,-244,-450,-14345
ags,55025775,12237,938,-899,-323,-612,-20554
ags,55025825,14256,474,-935,-355,-734,-24539
ags,55025875,15062,17,-935,-381,-721,-25107
ags,55025925,14058,-433,-974,-366,-666,-23918
ags,55025975,11932,-878,-918,-305,-536,-19429
ags,55026025,9561,-1229,-855,-232,-361,-12876
ags,55026075,7933,-1478,-884,-123,-169,-5068
ags,55026125,7759,-1449,-894,18,52,3219
ags,55026175,9051,-1342,-891,102,255,11199
ags,55026225,11331,-1027,-906,200,429,18109
ags,55026275,13624,-565,-960,253,580,23079
ags,55026325,14927,-79,-908,313,697,24918
ags,55026375,14600,427,-1004,290,716,24911
ags,55026425,12803,879,-908,255,632,21486
ags,55026475,10401,1233,-899,150,478,15713
ags,55026525,8275,1333,-877,73,247,8344
ags,55026575,7598,1453,-1035,-45,17,179
ags,55026625,8196,1358,-899,-165,-230,-8026
ags,55026675,10137,1196,-991,-241,-488,-15420
ags,55026725,12667,842,-996,-322,-675,-21252
ags,55026775,14473,440,-967,-386,-755,-24791
ags,55026825,14888,-54,-989,-396,-726,-25107
ags,55026875,13685,-519,-935,-366,-610,-23234
ags,55026925,11446,-1005,-884,-294,-488,-18366
ags,55026975,9146,-1268,-942,-205,-299,-11564
ags,55027025,7774,-1395,-837,-121,-99,-3664
ags,55027075,7928,-1415,-830,54,120,4754
ags,55027125,9439,-1315,-955,107,283,12563
ags,55027175,11744,-924,-837,198,448,19099
ags,55027225,13973,-502,-935,292,610,23602
ags,55027275,14920,39,-1018,277,704,24918
ags,55027325,14319,525,-1082,275,689,24331
ags,55027375,12344,906,-891,230,600,20443
ags,55027425,9905,1270,-996,169,428,14352
ags,55027475,8187,1389,-818,57,198,6790
ags,55027525,7557,1424,-989,-74,-42,-1395
ags,55027575,8548,1292,-920,-164,-294,-9476
ags,55027625,10618,1084,-989,-273,-507,-16619
ags,55027675,13026,796,-913,-354,-691,-22054
ags,55027725,14571,383,-960,-376,-723,-25048
ags,55027775,14749,-189,-847,-373,-718,-25107
ags,55027825,13309,-658,-830,-353,-598,-22366
ags,55027875,11075,-1088,-928,-293,-472,-17090
ags,55027925,8878,-1295,-842,-209,-279,-10048
ags,55027975,7696,-1432,-781,-68,-105,-2044
ags,55028025,8096,-1359,-742,2,157,6133
ags,55028075,9766,-1163,-908,136,324,13751
ags,55028125,12144,-885,-864,227,504,19964
ags,55028175,14185,-414,-947,260,618,24031
ags,55028225,14866,161,-886,290,734,24918
ags,55028275,14027,635,-940,266,675,23715
ags,55028325,11873,955,-933,217,591,19413
ags,55028375,9468,1287,-1025,136,383,12994
ags,55028425,7933,1406,-830,40,165,5341
ags,55028475,7696,1419,-869,-56,-113,-2858
ags,55028525,8926,1297,-850,-167,-347,-10796
ags,55028575,11104,1030,-857,-289,-548,-17652
ags,55028625,13411,676,-945,-360,-686,-22661
ags,55028675,14700,239,-901,-374,-747,-25107
ags,55028725,14483,-324,-947,-364,-690,-24742
ags,55028775,12940,-702,-896,-318,-574,-21469
ags,55028825,10582,-1124,-925,-245,-428,-15869
ags,55028875,8619,-1346,-857,-174,-256,-8661
ags,55028925,7789,-1386,-784,-66,-35,-546
ags,55028975,8384,-1395,-859,43,173,7570
ags,55029025,10245,-1163,-825,169,346,14910
ags,55029075,12586,-804,-869,245,523,20783
ags,55029125,14307,-287,-935,286,641,24359
ags,55029175,14815,156,-1043,281,708,24918
ags,55029225,13668,676,-964,217,671,23018
ags,55029275,11356,955,-1016,222,544,18297
ags,55029325,9185,1240,-928,99,362,11631
ags,55029375,7784,1382,-837,24,117,3848
ags,55029425,7818,1341,-957,-88,-157,-4340
ags,55029475,9232,1228,-947,-199,-352,-12073
ags,55029525,11492,982,-1016,-293,-591,-18627
ags,55029575,13626,633,-923,-353,-718,-23221
ags,55029625,14788,183,-1018,-374,-723,-25107
ags,55029675,14251,-372,-964,-376,-666,-24219
ags,55029725,12425,-758,-908,-349,-550,-20486
ags,55029775,10128,-1124,-877,-272,-386,-14543
ags,55029825,8365,-1378,-864,-138,-231,-7138
ags,55029875,7698,-1400,-881,-43,-7,954
ags,55029925,8655,-1332,-942,82,194,8978
ags,55029975,10667,-1061,-899,161,379,16067
ags,55030025,13004,-648,-881,269,552,21625
ags,55030075,14517,-179,-801,295,675,24648
ags,55030125,14571,239,-972,278,704,24816
ags,55030175,13196,803,-962,245,638,22115
ags,55030225,10916,1099,-877,170,494,16954
ags,55030275,8709,1297,-1008,98,283,10004
ags,55030325,7669,1433,-889,-11,52,2131
ags,55030375,8008,1331,-955,-129,-202,-5970
ags,55030425,9608,1209,-859,-231,-411,-13526
ags,55030475,12007,923,-906,-285,-619,-19690
ags,55030525,14048,637,-1028,-370,-694,-23734
ags,55030575,14796,108,-933,-369,-731,-25069
ags,55030625,14019,-392,-952,-383,-628,-23527
ags,55030675,12020,-885,-913,-347,-526,-19303
ags,55030725,9749,-1188,-796,-224,-357,-13017
ags,55030775,8111,-1417,-894,-102,-171,-5410
ags,55030825,7877,-1361,-928,-23,39,2692
ags,55030875,8961,-1283,-889,20,233,10523
ags,55030925,11099,-992,-920,154,428,17315
ags,55030975,13355,-580,-906,238,568,22283
ags,55031025,14695,-94,-942,291,694,24782
ags,55031075,14388,410,-986,261,703,24400
ags,55031125,12801,816,-920,224,636,21185
ags,55031175,10416,1153,-899,175,456,15635
ags,55031225,8421,1294,-899,56,258,8480
ags,55031275,7723,1387,-925,-51,10,539
ags,55031325,8270,1314,-899,-153,-247,-7484
ags,55031375,10093,1157,-874,-226,-455,-14797
ags,55031425,12401,884,-1013,-335,-626,-20571
ags,55031475,14210,423,-896,-373,-715,-24097
ags,55031525,14708,-49,-955,-393,-711,-24861
ags,55031575,13677,-558,-942,-377,-628,-22788
ags,55031625,11478,-975,-864,-325,-483,-18139
ags,55031675,9315,-1271,-852,-222,-302,-11535
ags,55031725,7972,-1427,-872,-100,-109,-3831
ags,55031775,7974,-1359,-896,-22,90,4241
ags,55031825,9415,-1315,-918,80,292,11909
ags,55031875,11561,-949,-960,231,462,18391
ags,55031925,13658,-487,-960,289,592,22880
ags,55031975,14678,5,-1035,267,679,24811
ags,55032025,14232,508,-945,270,691,23841
ags,55032075,12332,857,-867,229,617,20147
ags,55032125,10040,1201,-867,146,429,14256
ags,55032175,8150,1314,-889,15,185,6917
ags,55032225,7635,1358,-933,-53,-58,-1067
ags,55032275,8553,1316,-850,-170,-284,-8942
ags,55032325,10587,1050,-1016,-257,-503,-16020
ags,55032375,12830,772,-928,-342,-654,-21360
ags,55032425,14476,379,-1030,-367,-720,-24384
ags,55032475,14520,-206,-918,-355,-683,-24577
ags,55032525,13235,-656,-967,-339,-615,-21919
ags,55032575,10994,-1039,-1008,-288,-447,-16850
ags,55032625,8963,-1281,-913,-202,-277,-9996
ags,55032675,7750,-1410,-820,-88,-60,-2197
ags,55032725,8150,-1393,-894,25,128,5808
ags,55032775,9786,-1207,-986,134,304,13269
ags,55032825,11973,-902,-935,207,483,19380
ags,55032875,13956,-402,-938,275,632,23383
ags,55032925,14666,132,-923,274,681,24736
ags,55032975,13785,576,-928,244,683,23106
ags,55033025,11780,962,-903,223,565,18901
ags,55033075,9505,1196,-920,105,400,12673
ags,55033125,7957,1326,-984,22,138,5140
ags,55033175,7784,1367,-991,-59,-103,-2876
ags,55033225,8931,1253,-977,-189,-357,-10599
ags,55033275,10972,1060,-989,-263,-516,-17290
ags,55033325,13196,613,-1016,-359,-668,-22172
ags,55033375,14510,198,-920,-389,-708,-24548
ags,55033425,14327,-170,-1021,-389,-680,-24091
ags,55033475,12715,-804,-864,-354,-544,-20865
ags,55033525,10455,-1134,-982,-293,-398,-15371
ags,55033575,8519,-1298,-903,-172,-241,-8252
ags,55033625,7850,-1444,-896,-74,-19,-352
ags,55033675,8436,-1325,-894,36,189,7556
ags,55033725,10242,-1090,-962,155,346,14739
ags,55033775,12457,-736,-933,223,514,20398
ags,55033825,14163,-265,-984,271,618,23827
ags,55033875,14520,198,-903,269,684,24500
ags,55033925,13377,615,-1013,281,628,22318
ags,55033975,11302,918,-1025,236,533,17666
ags,55034025,9063,1255,-974,146,336,11135
ags,55034075,7803,1360,-913,-15,94,3470
ags,55034125,7879,1353,-967,-77,-157,-4519
ags,55034175,9349,1233,-891,-193,-373,-12055
ags,55034225,11475,950,-955,-328,-574,-18394
ags,55034275,13609,579,-1018,-342,-683,-22768
ags,55034325,14566,69,-982,-378,-721,-24559
ags,55034375,14066,-421,-903,-361,-637,-23523
ags,55034425,12183,-768,-964,-312,-537,-19783
ags,55034475,9976,-1115,-916,-260,-375,-13894
ags,55034525,8331,-1334,-828,-128,-163,-6607
ags,55034575,7820,-1351,-837,-39,-13,1319
ags,55034625,8726,-1241,-889,83,232,9131
ags,55034675,10745,-1090,-850,165,394,16009
ags,55034725,12889,-646,-913,233,542,21214
ags,55034775,14366,-211,-994,259,658,24088
ags,55034825,14293,357,-1011,295,680,24137
ags,55034875,12940,742,-928,250,605,21418
ags,55034925,10770,1065,-886,186,465,16322
ags,55034975,8719,1245,-781,94,276,9502
ags,55035025,7796,1409,-881,1,49,1762
ags,55035075,8035,1358,-864,-109,-221,-6168
ags,55035125,9766,1150,-977,-235,-395,-13470
ags,55035175,12003,886,-952,-301,-628,-19435
ags,55035225,13865,503,-950,-357,-702,-23281
ags,55035275,14542,3,-999,-370,-707,-24461
ags,55035325,13609,-450,-960,-344,-640,-22800
ags,55035375,11756,-868,-969,-300,-494,-18561
ags,55035425,9551,-1107,-842,-235,-326,-12341
ags,55035475,8101,-1346,-877,-101,-154,-4887
ags,55035525,7925,-1334,-852,10,55,3057
ags,55035575,9161,-1266,-913,109,220,10673
ags,55035625,11207,-907,-908,198,432,17213
ags,55035675,13265,-536,-935,227,575,21948
ags,55035725,14432,-84,-852,275,651,24238
ags,55035775,14129,374,-962,281,681,23635
ags,55035825,12432,799,-989,239,575,20391
ags,55035875,10172,1133,-864,156,453,14739
ags,55035925,8384,1350,-847,52,211,7654
ags,55035975,7825,1402,-906,-65,-19,-164
ags,55036025,8445,1282,-960,-153,-266,-7944
ags,55036075,10240,1123,-1055,-227,-453,-15000
ags,55036125,12498,801,-964,-356,-642,-20488
ags,55036175,14088,391,-884,-393,-712,-23694
ags,55036225,14434,-56,-920,-409,-694,-24176
ags,55036275,13174,-577,-911,-351,-584,-21910
ags,55036325,11212,-931,-850,-292,-460,-17139
ags,55036375,9097,-1234,-842,-220,-293,-10570
ags,55036425,7967,-1366,-986,-107,-116,-2967
ags,55036475,8157,-1378,-899,17,112,4913
ags,55036525,9671,-1200,-891,119,299,12322
ags,55036575,11766,-804,-950,187,468,18471
ags,55036625,13616,-419,-925,247,589,22654
ags,55036675,14456,49,-842,287,665,24221
ags,55036725,13817,537,-1043,262,654,22974
ags,55036775,11934,825,-979,235,567,19128
ags,55036825,9698,1204,-1030,143,430,13209
ags,55036875,8231,1294,-977,33,168,5916
ags,55036925,7808,1341,-955,-28,-52,-1929
ags,55036975,8768,1240,-908,-161,-311,-9615
ags,55037025,10735,1028,-1074,-273,-495,-16315
ags,55037075,12840,659,-925,-347,-679,-21323
ags,55037125,14222,281,-999,-348,-701,-23953
ags,55037175,14214,-238,-906,-390,-673,-23799
ags,55037225,12828,-685,-913,-349,-560,-20914
ags,55037275,10665,-973,-899,-276,-418,-15729
ags,55037325,8797,-1266,-845,-183,-255,-8750
ags,55037375,7940,-1395,-852,-67,-51,-1175
ags,55037425,8406,-1281,-794,20,145,6639
ags,55037475,10047,-1122,-920,131,310,13812
ags,55037525,12169,-792,-952,227,478,19551
ags,55037575,13958,-353,-899,259,613,23142
ags,55037625,14420,193,-969,267,670,24078
ags,55037675,13367,652,-925,268,626,22232
ags,55037725,11382,1006,-928,209,550,17844
ags,55037775,9232,1228,-889,99,336,11543
ags,55037825,8035,1287,-913,36,136,4115
ags,55037875,7933,1353,-896,-89,-135,-3718
ags,55037925,9239,1199,-908,-178,-343,-11187
ags,55037975,11238,928,-986,-263,-560,-17567
ags,55038025,13179,596,-964,-328,-675,-22054
ags,55038075,14271,98,-986,-367,-711,-24048
ags,55038125,13951,-328,-991,-377,-642,-23274
ags,55038175,12261,-729,-928,-338,-559,-19809
ags,55038225,10159,-1161,-872,-249,-390,-14183
ags,55038275,8492,-1322,-962,-140,-179,-7094
ags,55038325,7977,-1403,-901,-37,-1,667
ags,55038375,8663,-1254,-938,81,209,8343
ags,55038425,10452,-1039,-835,159,369,15228
ags,55038475,12696,-719,-938,238,527,20491
ags,55038525,14107,-148,-950,243,655,23489
ags,55038575,14288,276,-955,280,676,23767
ags,55038625,12957,686,-894,233,617,21293
ags,55038675,10914,1018,-908,158,487,16441
ags,55038725,8887,1262,-891,87,294,9849
ags,55038775,7842,1365,-894,-10,78,2280
ags,55038825,8189,1270,-952,-115,-194,-5670
ags,55038875,9705,1150,-989,-211,-383,-12884
ags,55038925,11812,945,-989,-320,-583,-18826
ags,55038975,13511,554,-1004,-373,-674,-22706
ags,55039025,14324,78,-933,-373,-692,-24004
ags,55039075,13550,-487,-933,-363,-604,-22500
ags,55039125,11705,-895,-967,-310,-496,-18465
ags,55039175,9678,-1146,-820,-212,-329,-12425
ags,55039225,8272,-1317,-840,-106,-143,-5113
ags,55039275,8021,-1329,-862,-16,61,2670
ags,55039325,9124,-1244,-857,95,244,10183
ags,55039375,11097,-985,-855,182,402,16691
ags,55039425,13069,-565,-886,230,546,21393
ags,55039475,14222,-89,-889,287,646,23718
ags,55039525,13961,469,-918,240,658,23280
ags,55039575,12444,784,-935,218,587,20154
ags,55039625,10303,1111,-1025,164,427,14804
ags,55039675,8506,1294,-947,58,233,7896
ags,55039725,7784,1287,-962,-25,-17,254
ags,55039775,8460,1333,-925,-138,-221,-7445
ags,55039825,10108,1101,-1004,-223,-436,-14406
ags,55039875,12318,801,-901,-310,-610,-19860
ags,55039925,13846,423,-960,-344,-685,-23132
ags,55039975,14293,-46,-830,-363,-679,-23788
ags,55040025,13165,-512,-1028,-339,-585,-21634
ags,55040075,11234,-1005,-837,-292,-442,-17078
ags,55040125,9258,-1220,-906,-203,-279,-10696
ags,55040175,8123,-1327,-950,-98,-109,-3241
ags,55040225,8157,-1346,-862,16,91,4509
ags,55040275,9539,-1173,-894,103,296,11839
ags,55040325,11519,-802,-899,208,453,17934
ags,55040375,13448,-421,-857,274,573,22106
ags,55040425,14266,27,-952,279,630,23752
ags,55040475,13631,520,-879,249,639,22633
ags,55040525,11888,877,-867,214,549,18949
ags,55040575,9844,1179,-928,127,398,13170
ags,55040625,8284,1287,-1035,61,165,6056
ags,55040675,7813,1348,-889,-83,-60,-1637
ags,55040725,8775,1248,-969,-179,-291,-9101
ags,55040775,10594,999,-986,-245,-499,-15832
ags,55040825,12672,711,-923,-336,-631,-20812
ags,55040875,14019,276,-942,-367,-686,-23436
ags,55040925,14056,-118,-933,-348,-663,-23389
ags,55040975,12693,-656,-855,-321,-568,-20622
ags,55041025,10635,-978,-964,-259,-415,-15571
ags,55041075,8829,-1212,-794,-176,-252,-8977
ags,55041125,8011,-1329,-867,-77,-28,-1337
ags,55041175,8421,-1317,-828,38,162,6355
ags,55041225,10006,-1107,-962,149,339,13424
ags,55041275,12059,-800,-886,217,465,19079
ags,55041325,13665,-385,-960,246,592,22654
ags,55041375,14197,169,-989,274,678,23616
ags,55041425,13328,559,-977,243,626,21847
ags,55041475,11436,928,-967,196,517,17591
ags,55041525,9312,1199,-947,122,363,11445
ags,55041575,8106,1306,-962,48,100,4136
ags,55041625,8008,1375,-896,-119,-93,-3555
ags,55041675,9129,1214,-957,-199,-353,-10908
ags,55041725,11102,965,-879,-270,-528,-17181
ags,55041775,13096,586,-889,-375,-660,-21648
ags,55041825,14092,161,-918,-380,-710,-23590
ags,55041875,13753,-338,-889,-395,-625,-22787
ags,55041925,12152,-775,-979,-348,-505,-19374
ags,55041975,10145,-1088,-945,-261,-376,-13829
ags,55042025,8543,-1222,-891,-173,-185,-6861
ags,55042075,7991,-1368,-879,-57,-12,766
ags,55042125,8746,-1307,-901,48,210,8318
ags,55042175,10464,-988,-889,136,371,15042
ags,55042225,12515,-736,-960,223,523,20187
ags,55042275,13856,-192,-1025,245,591,23078
ags,55042325,14058,320,-928,237,662,23301
ags,55042375,12847,723,-996,220,596,20823
ags,55042425,10792,991,-925,177,485,16012
ags,55042475,8917,1228,-999,89,306,9505
ags,55042525,7901,1350,-974,-25,46,2032
ags,55042575,8150,1321,-913,-109,-186,-5600
ags,55042625,9661,1189,-964,-233,-431,-12719
ags,55042675,11702,896,-979,-325,-551,-18484
ags,55042725,13428,401,-986,-351,-663,-22284
ags,55042775,14222,32,-1006,-344,-672,-23532
ags,55042825,13419,-441,-916,-353,-618,-22042
ags,55042875,11673,-878,-911,-305,-480,-18058
ags,55042925,9642,-1151,-935,-236,-341,-12094
ags,55042975,8301,-1293,-833,-136,-131,-4926
ags,55043025,8060,-1285,-869,-18,68,2718
ags,55043075,9095,-1173,-884,69,254,10097
ags,55043125,11050,-983,-823,158,391,16470
ags,55043175,12945,-563,-903,232,537,21054
ags,55043225,14058,-143,-964,263,644,23268
ags,55043275,13821,359,-942,237,668,22797
ags,55043325,12298,742,-989,271,558,19697
ags,55043375,10264,1084,-913,152,415,14405
ags,55043425,8577,1262,-999,41,238,7590
ags,55043475,7845,1299,-979,-44,-18,38
ags,55043525,8470,1170,-903,-147,-243,-7512
ags,55043575,10186,1072,-967,-230,-457,-14285
ags,55043625,12193,764,-1050,-315,-585,-19616
ags,55043675,13768,374,-1028,-357,-694,-22747
ags,55043725,14070,-82,-938,-350,-659,-23302
ags,55043775,13074,-516,-960,-340,-563,-21116
ags,55043825,11124,-861,-911,-261,-447,-16589
ags,55043875,9144,-1212,-864,-221,-286,-10264
ags,55043925,8069,-1364,-891,-83,-82,-2938
ags,55043975,8223,-1263,-847,12,100,4681
ags,55044025,9534,-1122,-1040,117,307,11813
ags,55044075,11573,-834,-945,197,449,17762
ags,55044125,13348,-385,-962,242,568,21769
ags,55044175,14124,71,-933,276,661,23296
ags,55044225,13460,454,-977,263,638,22106
ags,55044275,11871,886,-884,210,540,18411
ags,55044325,9747,1201,-920,98,377,12681
ags,55044375,8275,1304,-906,27,135,5641
ags,55044425,7984,1297,-911,-66,-60,-1947
ags,55044475,8848,1175,-877,-174,-317,-9301
ags,55044525,10699,1062,-911,-273,-495,-15786
ags,55044575,12679,728,-1004,-319,-613,-20572
ags,55044625,13904,254,-1028,-344,-668,-23061
ags,55044675,13912,-226,-925,-387,-638,-22861
ags,55044725,12498,-668,-879,-342,-534,-19962
ags,55044775,10550,-983,-884,-272,-397,-14880
ags,55044825,8782,-1212,-842,-198,-216,-8233
ags,55044875,7969,-1293,-828,-96,-19,-764
ags,55044925,8582,-1241,-847,18,158,6768
ags,55044975,10118,-1036,-950,140,333,13596
ags,55045025,12108,-687,-1021,178,474,19043
ags,55045075,13665,-299,-952,231,611,22370
ags,55045125,13963,134,-1004,238,642,23135
ags,55045175,13021,569,-906,223,623,21193
ags,55045225,11175,952,-845,170,496,16848
ags,55045275,9210,1201,-928,88,322,10693
ags,55045325,8033,1314,-940,-21,78,3476
ags,55045375,8035,1316,-896,-113,-157,-4087
ags,55045425,9363,1143,-1028,-191,-376,-11256
ags,55045475,11299,950,-999,-303,-533,-17278
ags,55045525,13131,564,-920,-343,-654,-21453
ags,55045575,14019,81,-984,-342,-670,-23160
ags,55045625,13658,-414,-967,-347,-624,-22192
ags,55045675,11971,-826,-850,-297,-486,-18709
ags,55045725,9976,-1102,-955,-235,-350,-13149
ags,55045775,8489,-1239,-847,-144,-183,-6261
ags,55045825,8045,-1303,-886,-61,37,1271
ags,55045875,8941,-1195,-847,59,206,8663
ags,55045925,10616,-1005,-911,136,377,15181
ags,55045975,12542,-592,-901,211,518,20078
ags,55046025,13839,-136,-964,243,597,22724
ags,55046075,13836,235,-881,256,639,22742
ags,55046125,12608,728,-886,243,591,20140
ags,55046175,10621,1006,-906,153,461,15292
ags,55046225,8758,1218,-942,72,221,8796
ags,55046275,7860,1338,-935,-31,20,1422
ags,55046325,8267,1275,-1004,-118,-202,-6085
ags,55046375,9866,1111,-1033,-237,-402,-12952
ags,55046425,11780,860,-952,-299,-579,-18529
ags,55046475,13497,481,-952,-347,-668,-22059
ags,55046525,14009,47,-952,-378,-658,-23039
ags,55046575,13257,-409,-952,-356,-592,-21358
ags,55046625,11429,-826,-906,-296,-483,-17275
ags,55046675,9544,-1176,-920,-191,-305,-11322
ags,55046725,8304,-1276,-972,-146,-131,-4196
ags,55046775,8206,-1224,-899,-23,71,3315
ags,55046825,9354,-1149,-859,82,242,10495
ags,55046875,11138,-870,-891,173,421,16606
ags,55046925,12906,-504,-835,240,540,20938
ags,55046975,13909,-39,-967,242,620,22899
ags,55047025,13602,418,-906,239,618,22168
ags,55047075,12047,752,-916,205,578,18917
ags,55047125,10037,1138,-972,128,409,13560
ags,55047175,8382,1223,-967,48,200,6786
ags,55047225,7881,1299,-906,-72,-39,-653
ags,55047275,8712,1226,-845,-177,-270,-8027
ags,55047325,10264,1035,-906,-267,-472,-14613
ags,55047375,12318,691,-1040,-319,-593,-19642
ags,55047425,13731,376,-974,-341,-655,-22494
ags,55047475,13846,-136,-911,-363,-651,-22763
ags,55047525,12674,-580,-1011,-322,-582,-20372
ags,55047575,10948,-931,-857,-263,-415,-15735
ags,55047625,9046,-1156,-928,-197,-250,-9365
ags,55047675,8072,-1315,-879,-105,-32,-1979
ags,55047725,8387,-1244,-859,-5,131,5495
ags,55047775,9800,-1066,-779,110,313,12404
ags,55047825,11788,-817,-935,185,447,18045
ags,55047875,13360,-394,-920,230,573,21674
ags,55047925,13870,49,-1001,228,636,22843
ags,55047975,13148,569,-847,227,615,21358
ags,55048025,11321,930,-986,168,523,17409
ags,55048075,9424,1187,-872,95,333,11584
ags,55048125,8116,1211,-957,8,120,4600
ags,55048175,8067,1319,-891,-113,-112,-2867
ags,55048225,9102,1170,-1072,-209,-312,-10058
ags,55048275,10850,933,-925,-276,-502,-16232
ags,55048325,12830,723,-1043,-334,-623,-20660
ags,55048375,13812,210,-1004,-369,-655,-22747
ags,55048425,13609,-272,-1013,-355,-621,-22198
ags,55048475,12117,-726,-918,-323,-521,-19101
ags,55048525,10245,-988,-967,-255,-363,-13866
ags,55048575,8641,-1176,-906,-157,-198,-7231
ags,55048625,8069,-1339,-908,-52,-7,141
ags,55048675,8658,-1246,-808,27,166,7509
ags,55048725,10350,-1000,-886,127,333,14083
ags,55048775,12271,-731,-884,188,487,19190
ags,55048825,13624,-211,-947,217,593,22176
ags,55048875,13819,276,-1006,256,636,22587
ags,55048925,12752,684,-1025,217,579,20370
ags,55048975,10836,982,-1082,155,439,15846
ags,55049025,9036,1216,-899,85,272,9660
ags,55049075,7960,1309,-903,-31,71,2466
ags,55049125,8297,1253,-872,-102,-170,-4977
ags,55049175,9517,1091,-952,-210,-359,-11906
ags,55049225,11522,884,-845,-302,-546,-17603
ags,55049275,13104,528,-991,-354,-650,-21374
ags,55049325,13870,103,-896,-386,-660,-22765
ags,55049375,13382,-404,-901,-370,-564,-21468
ags,55049425,11636,-861,-894,-314,-475,-17724
ags,55049475,9730,-1105,-925,-245,-312,-12054
ags,55049525,8431,-1285,-811,-128,-125,-5129
ags,55049575,8152,-1222,-867,-37,47,2282
ags,55049625,9122,-1202,-808,72,228,9441
ags,55049675,10872,-927,-896,133,389,15669
ags,55049725,12635,-541,-903,217,507,20209
ags,55049775,13758,-121,-962,249,626,22447
ags,55049825,13592,379,-1008,235,632,22106
ags,55049875,12198,789,-1006,196,568,19199
ags,55049925,10330,1055,-942,129,408,14144
ags,55049975,8716,1238,-859,58,226,7609
ags,55050025,7938,1301,-950,-57,4,334
ags,55050075,8587,1221,-984,-131,-221,-7013
ags,55050125,10071,1096,-942,-228,-444,-13649
ags,55050175,11964,716,-913,-310,-586,-18848
ags,55050225,13426,388,-1008,-341,-665,-21935
ags,55050275,13775,-104,-908,-351,-615,-22544
ags,55050325,12864,-497,-933,-321,-570,-20519
ags,55050375,11058,-785,-908,-267,-420,-16165
ags,55050425,9285,-1166,-901,-200,-247,-10087
ags,55050475,8199,-1288,-833,-94,-81,-3005
ags,55050525,8389,-1271,-830,-1,82,4378
ags,55050575,9581,-1093,-857,85,281,11337
ags,55050625,11434,-836,-891,153,436,17212
ags,55050675,13109,-399,-867,210,557,21076
ags,55050725,13790,-22,-1116,227,615,22512
ags,55050775,13192,476,-1001,219,600,21351
ags,55050825,11536,860,-935,198,526,17744
ags,55050875,9752,1138,-920,95,369,12183
ags,55050925,8340,1262,-1006,-2,153,5347
ags,55050975,8052,1323,-852,-80,-65,-1998
ags,55051025,8853,1216,-925,-202,-282,-9071
ags,55051075,10623,945,-923,-276,-507,-15382
ags,55051125,12498,647,-967,-307,-602,-19972
ags,55051175,13602,266,-950,-314,-679,-22314
ags,55051225,13560,-238,-1040,-360,-598,-22090
ags,55051275,12369,-651,-869,-316,-539,-19284
ags,55051325,10435,-1056,-906,-280,-380,-14358
ags,55051375,8880,-1185,-899,-195,-238,-7924
ags,55051425,8128,-1276,-823,-86,-10,-671
ags,55051475,8597,-1244,-891,20,143,6612
ags,55051525,10032,-1073,-823,104,337,13255
ags,55051575,12020,-680,-962,190,464,18466
ags,55051625,13380,-233,-967,236,583,21657
ags,55051675,13756,132,-1025,233,607,22332
ags,55051725,12811,652,-913,211,600,20442
ags,55051775,11036,945,-994,154,462,16189
ags,55051825,9097,1211,-1023,74,288,10207
ags,55051875,8155,1262,-864,7,80,3203
ags,55051925,8243,1243,-982,-104,-118,-4152
ags,55051975,9363,1113,-940,-215,-363,-11058
ags,55052025,11229,884,-962,-296,-511,-16874
ags,55052075,12989,571,-1065,-338,-621,-20831
ags,55052125,13731,117,-894,-373,-648,-22428
ags,55052175,13243,-333,-989,-379,-605,-21392
ags,55052225,11761,-768,-955,-327,-485,-17939
ags,55052275,9935,-1046,-928,-227,-311,-12506
ags,55052325,8553,-1271,-764,-139,-155,-5785
ags,55052375,8235,-1251,-872,-51,36,1526
ags,55052425,9024,-1163,-879,59,203,8653
ags,55052475,10621,-922,-974,120,389,14906
ags,55052525,12415,-558,-967,202,487,19574
ags,55052575,13580,-75,-845,222,581,22044
ags,55052625,13565,364,-918,233,593,21928
ags,55052675,12291,716,-825,219,581,19298
ags,55052725,10435,930,-967,130,412,14501
ags,55052775,8865,1196,-906,66,246,8146
ags,55052825,8016,1248,-989,-50,9,988
ags,55052875,8431,1201,-964,-125,-180,-6280
ags,55052925,9871,1155,-894,-246,-415,-12890
ags,55052975,11758,818,-901,-282,-560,-18195
ags,55053025,13279,437,-1057,-337,-653,-21446
ags,55053075,13648,-27,-1055,-334,-613,-22285
ags,55053125,12923,-429,-813,-340,-556,-20495
ags,55053175,11158,-883,-938,-303,-422,-16405
ags,55053225,9437,-1144,-820,-212,-288,-10534
ags,55053275,8301,-1207,-840,-136,-92,-3610
ags,55053325,8355,-1298,-891,-7,78,3693
ags,55053375,9444,-1107,-852,85,278,10619
ags,55053425,11268,-775,-891,165,400,16459
ags,55053475,12789,-480,-908,232,546,20467
ags,55053525,13768,-14,-889,228,586,22185
ags,55053575,13135,469,-803,198,612,21248
ags,55053625,11671,816,-869,159,513,17878
ags,55053675,9818,1077,-886,120,369,12506
ags,55053725,8497,1240,-911,-3,177,5873
ags,55053775,8033,1301,-979,-94,-64,-1372
ags,55053825,8843,1138,-996,-175,-262,-8523
ags,55053875,10469,938,-874,-248,-461,-14710
ags,55053925,12249,725,-1016,-338,-583,-19386
ags,55053975,13441,279,-984,-379,-678,-21897
ags,55054025,13609,-133,-935,-357,-604,-21870
ags,55054075,12296,-533,-1021,-327,-531,-19316
ags,55054125,10582,-866,-938,-277,-378,-14597
ags,55054175,8946,-1198,-833,-207,-222,-8332
ags,55054225,8262,-1259,-911,-100,-28,-1220
ags,55054275,8572,-1239,-984,18,123,5986
ags,55054325,9981,-1058,-1038,101,306,12631
ags,55054375,11758,-712,-1040,186,451,17899
ags,55054425,13194,-284,-884,234,568,21189
ags,55054475,13626,115,-960,227,585,22067
ags,55054525,12813,542,-982,201,588,20370
ags,55054575,11099,901,-918,143,484,16339
ags,55054625,9395,1116,-903,85,312,10535
ags,55054675,8257,1206,-933,-28,100,3657
ags,55054725,8253,1211,-859,-106,-109,-3589
ags,55054775,9266,1123,-964,-212,-341,-10474
ags,55054825,11082,925,-901,-280,-514,-16277
ags,55054875,12811,618,-947,-293,-613,-20306
ags,55054925,13597,144,-891,-333,-631,-22065
ags,55054975,13240,-306,-977,-357,-585,-21242
ags,55055025,11805,-748,-967,-310,-492,-17987
ags,55055075,10001,-985,-869,-233,-324,-12725
ags,55055125,8629,-1215,-918,-163,-183,-6154
ags,55055175,8211,-1266,-862,-71,32,1031
ags,55055225,8875,-1158,-837,34,197,8105
ags,55055275,10491,-902,-847,131,338,14348
ags,55055325,12222,-524,-974,183,465,19071
ags,55055375,13487,-189,-1001,192,612,21628
ags,55055425,13455,205,-984,203,596,21697
ags,55055475,12288,635,-942,204,574,19244
ags,55055525,10511,979,-942,145,418,14622
ags,55055575,8963,1121,-845,53,274,8450
ags,55055625,8116,1262,-1043,-28,20,1407
ags,55055675,8450,1255,-901,-127,-173,-5771
ags,55055725,9786,1011,-942,-234,-392,-12370
ags,55055775,11690,803,-920,-286,-520,-17700
ags,55055825,13065,437,-1057,-331,-646,-21026
ags,55055875,13570,-27,-850,-367,-628,-21976
ags,55055925,12855,-426,-913,-322,-558,-20381
ags,55055975,11219,-792,-874,-305,-414,-16442
ags,55056025,9512,-1115,-862,-215,-273,-10735
ags,55056075,8480,-1244,-830,-115,-114,-3934
ags,55056125,8272,-1237,-855,-14,71,3269
ags,55056175,9429,-1107,-837,65,249,10134
ags,55056225,11087,-817,-918,164,394,15966
ags,55056275,12784,-404,-884,187,546,20022
ags,55056325,13526,-44,-908,210,613,21841
ags,55056375,13160,383,-935,239,591,21091
ags,55056425,11768,789,-879,180,512,17928
ags,55056475,9937,1052,-928,111,365,12751
ags,55056525,8550,1199,-989,12,189,6126
ags,55056575,8062,1255,-891,-83,-71,-1024
ags,55056625,8814,1184,-877,-189,-264,-8063
ags,55056675,10355,1018,-913,-257,-451,-14260
ags,55056725,12098,701,-1018,-338,-581,-18955
ags,55056775,13348,330,-972,-377,-642,-21535
ags,55056825,13482,-153,-1043,-340,-602,-21615
ags,55056875,12352,-565,-896,-332,-539,-19198
ags,55056925,10606,-1014,-952,-260,-397,-14626
ags,55056975,9053,-1124,-952,-183,-239,-8586
ags,55057025,8243,-1298,-938,-73,-29,-1495
ags,55057075,8602,-1246,-916,-5,109,5625
ags,55057125,9930,-1041,-935,107,300,12213
ags,55057175,11671,-721,-923,156,438,17469
ags,55057225,13140,-306,-942,231,542,20817
ags,55057275,13472,152,-1033,227,581,21757
ags,55057325,12794,532,-901,210,602,20154
ags,55057375,11131,850,-877,136,487,16283
ags,55057425,9373,1138,-908,72,310,10618
ags,55057475,8235,1299,-920,-18,107,3858
ags,55057525,8214,1221,-925,-98,-122,-3303
ags,55057575,9195,1135,-1050,-199,-312,-10121
ags,55057625,11046,977,-955,-272,-508,-15871
ags,55057675,12623,593,-972,-319,-597,-19933
ags,55057725,13538,147,-950,-355,-636,-21729
ags,55057775,13135,-304,-811,-369,-571,-21009
ags,55057825,11822,-685,-984,-331,-487,-17874
ags,55057875,10006,-973,-928,-251,-337,-12725
ags,55057925,8675,-1158,-852,-192,-173,-6281
ags,55057975,8221,-1224,-869,-76,4,806
ags,55058025,8934,-1158,-957,51,168,7822
ags,55058075,10389,-949,-916,117,364,13999
ags,55058125,12154,-656,-952,185,481,18687
ags,55058175,13343,-179,-938,207,573,21289
ags,55058225,13458,303,-938,224,600,21438
ags,55058275,12298,718,-1067,185,548,19057
ags,55058325,10543,911,-1001,145,405,14551
ags,55058375,9002,1153,-962,72,254,8495
ags,55058425,8214,1294,-850,-56,39,1544
ags,55058475,8494,1226,-891,-128,-190,-5544
ags,55058525,9749,1096,-913,-238,-388,-12069
ags,55058575,11478,811,-967,-309,-531,-17313
ags,55058625,12952,415,-974,-317,-635,-20700
ags,55058675,13467,-27,-938,-352,-614,-21682
ags,55058725,12706,-453,-964,-324,-560,-20142
ags,55058775,11282,-787,-857,-276,-428,-16310
ags,55058825,9581,-1085,-962,-215,-274,-10694
ags,55058875,8416,-1325,-774,-132,-99,-4001
ags,55058925,8282,-1229,-877,-44,83,3115
ags,55058975,9410,-1083,-908,73,244,9887
ags,55059025,11019,-873,-947,153,402,15654
ags,55059075,12559,-438,-881,215,509,19706
ags,55059125,13387,-46,-962,213,610,21512
ags,55059175,13116,403,-969,187,581,20820
ags,55059225,11653,725,-957,164,529,17727
ags,55059275,9976,1033,-906,114,358,12669
ags,55059325,8604,1157,-879,23,158,6255
ags,55059375,8094,1248,-984,-38,-54,-789
ags,55059425,8831,1253,-918,-141,-231,-7739
ags,55059475,10338,955,-911,-304,-462,-13997
ags,55059525,12000,623,-1091,-309,-575,-18672
ags,55059575,13253,266,-977,-349,-646,-21223
ags,55059625,13314,-172,-935,-358,-610,-21331
ags,55059675,12296,-602,-1013,-322,-532,-18966
ags,55059725,10582,-939,-913,-275,-394,-14464
ags,55059775,9139,-1097,-923,-173,-230,-8522
ags,55059825,8262,-1261,-889,-89,-73,-1537
ags,55059875,8670,-1163,-911,16,136,5523
ags,55059925,9835,-1039,-862,95,293,11976
ags,55059975,11624,-729,-964,173,418,17195
ags,55060025,12913,-311,-1018,217,557,20503
ags,55060075,13448,149,-899,223,578,21443
ags,55060125,12672,523,-967,198,571,19899
ags,55060175,11136,842,-923,143,470,16082
ags,55060225,9395,1021,-884,71,302,10493
ags,55060275,8299,1243,-1113,-14,118,3814
ags,55060325,8245,1179,-957,-102,-126,-3242
ags,55060375,9236,1138,-989,-217,-302,-9952
ags,55060425,10933,908,-920,-269,-490,-15677
ags,55060475,12532,562,-906,-308,-583,-19677
ags,55060525,13392,210,-947,-355,-627,-21432
ags,55060575,13062,-397,-894,-341,-569,-20701
ags,55060625,11780,-675,-974,-315,-478,-17602
ags,55060675,10054,-968,-899,-278,-350,-12552
ags,55060725,8699,-1198,-855,-148,-179,-6174
ags,55060775,8284,-1220,-786,-83,34,832
ags,55060825,8936,-1168,-896,56,178,7721
ags,55060875,10364,-912,-960,123,362,13840
ags,55060925,12083,-573,-903,159,468,18458
ags,55060975,13235,-177,-977,197,561,20999
ags,55061025,13275,276,-1004,208,597,21121
ags,55061075,12232,698,-940,178,525,18766
ags,55061125,10521,982,-996,107,408,14315
ags,55061175,8924,1140,-940,62,249,8314
ags,55061225,8277,1231,-1018,-41,22,1476
ags,55061275,8455,1223,-877,-151,-189,-5533
ags,55061325,9830,1026,-916,-206,-377,-11975
ags,55061375,11492,750,-901,-281,-528,-17145
ags,55061425,13104,337,-779,-305,-502,-20348
ags,55061475,13304,-49,-947,-320,-689,-21402
ags,55061525,12811,-524,-972,-321,-496,-19836
ags,55061575,11197,-804,-918,-278,-464,-16029
ags,55061625,9551,-1071,-969,-228,-208,-10458
ags,55061675,8445,-1171,-947,-126,-137,-3844
ags,55061725,8445,-1166,-886,-46,117,3170
ags,55061775,9258,-1110,-923,69,214,9839
ags,55061825,11033,-775,-884,126,417,15515
ags,55061875,12525,-394,-938,194,502,19474
ags,55061925,13331,-10,-928,211,614,21218
ags,55061975,12928,459,-1013,211,562,20507
ags,55062025,11636,786,-850,151,491,17405
ags,55062075,9879,1001,-996,106,351,12380
ags,55062125,8714,1196,-728,30,197,6068
ags,55062175,8152,1209,-960,-99,-38,-902
ags,55062225,8919,1121,-925,-144,-244,-7753
ags,55062275,10330,979,-964,-238,-426,-13829
ags,55062325,12056,625,-945,-322,-561,-18412
ags,55062375,13121,252,-960,-360,-599,-20935
ags,55062425,13270,-175,-894,-347,-597,-21026
ags,55062475,12222,-512,-972,-312,-485,-18616
ags,55062525,10613,-970,-923,-257,-399,-14128
ags,55062575,9048,-1144,-940,-217,-179,-8144
ags,55062625,8372,-1263,-945,-96,-61,-1345
ags,55062675,8655,-1205,-947,-2,166,5609
ags,55062725,9869,-1036,-837,87,291,11986
ags,55062775,11563,-824,-974,167,446,17064
ags,55062825,12950,-275,-891,183,517,20280
ags,55062875,13336,147,-896,182,575,21154
ags,55062925,12506,515,-967,160,542,19533
ags,55062975,11036,825,-930,153,482,15710
ags,55063025,9351,1052,-955,56,262,10173
ags,55063075,8380,1216,-891,-44,98,3552
ags,55063125,8262,1194,-1050,-121,-154,-3404
ags,55063175,9344,1070,-847,-222,-308,-10035
ags,55063225,10884,891,-903,-277,-488,-15602
ags,55063275,12452,550,-991,-312,-585,-19494
ags,55063325,13333,93,-1021,-328,-644,-21150
ags,55063375,12913,-321,-913,-328,-548,-20353
ags,55063425,11614,-668,-1072,-305,-463,-17227
ags,55063475,10064,-997,-867,-247,-328,-12173
ags,55063525,8611,-1168,-950,-154,-163,-5882
ags,55063575,8387,-1229,-923,-57,2,1053
ags,55063625,8983,-1144,-935,34,197,7851
ags,55063675,10467,-958,-820,112,326,13837
ags,55063725,12032,-590,-899,178,481,18331
ags,55063775,13182,-99,-964,207,535,20776
ags,55063825,13065,274,-984,233,603,20757
ags,55063875,12110,647,-1001,188,489,18369
ags,55063925,10474,899,-906,134,436,13918
ags,55063975,8924,1138,-957,29,224,7949
ags,55064025,8194,1177,-925,-54,26,1151
ags,55064075,8604,1187,-942,-142,-213,-5739
ags,55064125,9752,982,-923,-238,-378,-12030
ags,55064175,11541,889,-855,-288,-544,-17087
ags,55064225,12764,383,-982,-331,-592,-20246
ags,55064275,13299,-17,-1116,-341,-620,-21058
ags,55064325,12508,-441,-891,-324,-528,-19419
ags,55064375,11070,-785,-933,-273,-422,-15611
ags,55064425,9461,-1102,-896,-201,-271,-10064
ags,55064475,8506,-1210,-896,-108,-115,-3481
ags,55064525,8450,-1232,-920,-31,98,3439
ags,55064575,9503,-1029,-957,62,251,9996
ags,55064625,11068,-812,-938,152,389,15518
ags,55064675,12493,-450,-984,186,500,19351
ags,55064725,13196,-2,-986,191,543,20956
ags,55064775,12830,425,-869,209,567,20113
ags,55064825,11529,750,-979,177,468,16970
ags,55064875,9815,1040,-952,87,358,11935
ags,55064925,8560,1196,-811,-18,137,5637
ags,55064975,8287,1214,-940,-68,-53,-1256
ags,55065025,8958,1104,-945,-192,-246,-7996
ags,55065075,10357,955,-1035,-239,-430,-13920
ags,55065125,12017,720,-991,-317,-560,-18334
ags,55065175,13067,283,-1006,-358,-595,-20684
ags,55065225,13135,-121,-994,-335,-573,-20673
ags,55065275,12076,-575,-982,-322,-498,-18240
ags,55065325,10508,-890,-994,-265,-370,-13757
ags,55065375,9022,-1134,-1013,-182,-212,-7823
ags,55065425,8409,-1220,-872,-88,-38,-910
ags,55065475,8692,-1222,-942,13,150,5917
ags,55065525,10003,-1010,-923,98,270,12148
ags,55065575,11553,-641,-942,174,443,17080
ags,55065625,12921,-350,-996,198,525,20126
ags,55065675,13150,139,-979,201,568,20812
ags,55065725,12464,496,-996,180,539,19106
ags,55065775,10848,877,-896,126,441,15209
ags,55065825,9322,1030,-913,60,285,9654
ags,55065875,8314,1162,-933,-43,87,3087
ags,55065925,8450,1182,-864,-90,-131,-3803
ags,55065975,9390,1091,-884,-216,-318,-10268
ags,55066025,10985,928,-945,-289,-487,-15690
ags,55066075,12484,545,-952,-335,-590,-19378
ags,55066125,13174,105,-952,-357,-605,-20868
ags,55066175,12720,-316,-1028,-328,-568,-19942
ags,55066225,11458,-721,-986,-288,-441,-16726
ags,55066275,9879,-1032,-928,-206,-313,-11625
ags,55066325,8699,-1256,-837,-134,-137,-5339
ags,55066375,8340,-1156,-825,-25,28,1521
ags,55066425,9102,-1095,-969,42,194,8180
ags,55066475,10491,-941,-906,127,372,14012
ags,55066525,12120,-465,-974,164,489,18297
ags,55066575,13065,-138,-906,194,539,20539
ags,55066625,13035,349,-957,187,549,20412
ags,55066675,11844,650,-999,164,507,17889
ags,55066725,10330,982,-891,100,398,13352
ags,55066775,8853,1118,-942,7,200,7361
ags,55066825,8204,1150,-835,-69,-22,660
ags,55066875,8658,1113,-979,-157,-198,-6110
ags,55066925,9901,967,-977,-240,-403,-12287
ags,55066975,11522,713,-991,-287,-530,-17150
ags,55067025,12857,383,-913,-315,-602,-20089
ags,55067075,13196,-27,-935,-330,-591,-20706
ags,55067125,12303,-477,-942,-306,-529,-18935
ags,55067175,10923,-778,-1038,-283,-383,-15006
ags,55067225,9349,-1088,-850,-196,-244,-9471
ags,55067275,8402,-1173,-982,-112,-83,-2914
ags,55067325,8455,-1124,-855,-6,91,3915
ags,55067375,9547,-1017,-916,78,252,10324
ags,55067425,11085,-814,-960,153,405,15657
ags,55067475,12608,-426,-928,177,524,19276
ags,55067525,13218,27,-957,206,561,20678
ags,55067575,12672,513,-923,200,562,19641
ags,55067625,11351,803,-984,152,479,16378
ags,55067675,9752,1011,-894,77,335,11303
ags,55067725,8555,1106,-938,-2,134,4999
ags,55067775,8316,1175,-1023,-101,-61,-1781
ags,55067825,8963,1089,-923,-186,-290,-8417
ags,55067875,10528,913,-1016,-235,-456,-14154
ags,55067925,12042,591,-1001,-302,-576,-18335
ags,55067975,13030,232,-955,-332,-589,-20495
ags,55068025,12938,-214,-957,-309,-555,-20258
ags,55068075,11829,-582,-1043,-326,-492,-17667
ags,55068125,10272,-897,-833,-238,-359,-13124
ags,55068175,8995,-1093,-845,-186,-193,-7171
ags,55068225,8321,-1239,-869,-96,-13,-467
ags,55068275,8819,-1137,-930,-11,156,6285
ags,55068325,10064,-887,-852,103,296,12353
ags,55068375,11685,-656,-999,151,436,17182
ags,55068425,12881,-280,-928,186,508,20002
ags,55068475,13067,191,-918,197,567,20461
ags,55068525,12276,542,-864,153,546,18580
ags,55068575,10718,825,-977,130,408,14586
ags,55068625,9207,1060,-962,61,252,8965
ags,55068675,8367,1172,-967,-24,65,2431
ags,55068725,8411,1170,-964,-138,-165,-4342
ags,55068775,9551,1030,-916,-214,-378,-10664
ags,55068825,11094,759,-935,-293,-514,-15874
ags,55068875,12506,486,-945,-315,-586,-19342
ags,55068925,13128,61,-938,-320,-616,-20581
ags,55068975,12647,-399,-923,-337,-550,-19452
ags,55069025,11277,-765,-974,-254,-435,-16078
ags,55069075,9686,-1073,-825,-228,-283,-10931
ags,55069125,8636,-1124,-913,-122,-122,-4650
ags,55069175,8402,-1190,-837,-61,49,2135
ags,55069225,9268,-1090,-852,54,207,8683
ags,55069275,10645,-902,-923,121,353,14293
ags,55069325,12186,-595,-947,191,465,18360
ags,55069375,13013,-114,-894,224,556,20348
ags,55069425,12864,318,-989,201,571,19938
ags,55069475,11610,635,-952,168,495,17277
ags,55069525,10140,928,-969,82,349,12625
ags,55069575,8865,1101,-908,9,169,6637
ags,55069625,8279,1211,-1008,-84,-19,-34
ags,55069675,8729,1133,-955,-183,-227,-6718
ags,55069725,10081,918,-920,-240,-399,-12681
ags,55069775,11661,737,-894,-295,-534,-17298
ags,55069825,12886,296,-925,-322,-602,-19974
ags,55069875,12989,-145,-960,-366,-576,-20355
ags,55069925,12215,-477,-928,-316,-498,-18381
ags,55069975,10616,-812,-930,-270,-376,-14314
ags,55070025,9219,-963,-869,-202,-228,-8697
ags,55070075,8431,-1163,-791,-96,-70,-2184
ags,55070125,8680,-1166,-972,-21,91,4568
ags,55070175,9727,-1022,-842,77,249,10819
ags,55070225,11236,-668,-1043,117,404,15914
ags,55070275,12498,-345,-879,214,442,19264
ags,55070325,13011,49,-901,245,555,20389
ags,55070375,12408,427,-1033,217,522,19145
ags,55070425,11160,825,-1045,132,439,15691
ags,55070475,9578,967,-879,91,306,10494
ags,55070525,8543,1187,-901,-20,97,4211
ags,55070575,8394,1155,-816,-99,-102,-2494
ags,55070625,9161,1070,-938,-160,-295,-8983
ags,55070675,10623,860,-896,-246,-458,-14510
ags,55070725,12154,579,-894,-324,-547,-18448
ags,55070775,12996,169,-950,-340,-620,-20300
ags,55070825,12794,-280,-913,-324,-560,-19797
ags,55070875,11707,-616,-925,-292,-434,-17019
ags,55070925,10086,-878,-845,-239,-318,-12329
ags,55070975,8858,-1115,-906,-144,-186,-6320
ags,55071025,8411,-1137,-930,-75,3,313
ags,55071075,8951,-1105,-916,20,170,6927
ags,55071125,10206,-919,-906,100,339,12804
ags,55071175,11815,-602,-942,175,443,17306
ags,55071225,12847,-194,-920,208,527,19857
ags,55071275,12894,181,-906,228,565,20120
ags,55071325,11964,625,-935,168,515,17958
ags,55071375,10479,913,-972,128,387,13776
ags,55071425,8983,1077,-881,40,226,8094
ags,55071475,8309,1118,-796,-51,0,1604
ags,55071525,8592,1099,-989,-162,-173,-5094
ags,55071575,9786,1004,-955,-235,-368,-11241
ags,55071625,11292,696,-1038,-324,-505,-16200
ags,55071675,12552,408,-855,-313,-605,-19366
ags,55071725,12918,-32,-894,-312,-589,-20283
ags,55071775,12462,-438,-952,-341,-505,-18907
ags,55071825,11009,-804,-1008,-286,-423,-15316
ags,55071875,9566,-1034,-913,-204,-254,-10071
ags,55071925,8611,-1139,-830,-114,-101,-3741
ags,55071975,8509,-1161,-842,-27,55,2961
ags,55072025,9398,-1032,-906,75,262,9341
ags,55072075,10884,-756,-857,106,359,14696
ags,55072125,12173,-448,-913,191,478,18516
ags,55072175,12960,-123,-908,181,527,20168
ags,55072225,12598,332,-903,195,552,19483
ags,55072275,11456,637,-957,179,460,16535
ags,55072325,9996,967,-1001,97,370,11750
ags,55072375,8704,1165,-957,3,152,5709
ags,55072425,8323,1167,-942,-112,-48,-881
ags,55072475,9044,1070,-1052,-185,-265,-7471
ags,55072525,10264,928,-984,-254,-415,-13227
ags,55072575,11763,623,-942,-312,-541,-17513
ags,55072625,12884,296,-940,-322,-601,-19906
ags,55072675,12906,-204,-891,-320,-572,-19949
ags,55072725,11978,-592,-894,-305,-452,-17694
ags,55072775,10418,-841,-957,-242,-358,-13438
ags,55072825,9146,-1090,-886,-168,-234,-7731
ags,55072875,8426,-1149,-798,-69,-65,-1252
ags,55072925,8726,-1151,-964,6,132,5370
ags,55072975,9969,-907,-901,113,289,11455
ags,55073025,11351,-612,-977,140,413,16254
ags,55073075,12569,-292,-916,213,518,19309
ags,55073125,12984,134,-977,199,596,20079
ags,55073175,12208,432,-1101,120,508,18539
ags,55073225,10902,767,-994,111,423,14851
ags,55073275,9388,969,-947,40,259,9575
ags,55073325,8416,1106,-837,-36,76,3244
ags,55073375,8375,1153,-962,-93,-131,-3420
ags,55073425,9464,1011,-962,-205,-299,-9664
ags,55073475,10894,789,-964,-269,-482,-14981
ags,55073525,12303,486,-957,-286,-556,-18568
ags,55073575,12906,98,-1065,-308,-583,-20114
ags,55073625,12623,-302,-911,-330,-534,-19290
ags,55073675,11358,-656,-989,-270,-446,-16204
ags,55073725,9940,-909,-850,-235,-327,-11408
ags,55073775,8729,-1071,-881,-142,-128,-5329
ags,55073825,8533,-1129,-730,-45,1,1281
ags,55073875,9127,-1083,-923,57,191,7747
ags,55073925,10464,-878,-796,124,327,13389
ags,55073975,11924,-487,-906,179,454,17588
ags,55074025,12884,-145,-889,196,505,19773
ags,55074075,12713,213,-979,191,563,19693
ags,55074125,11849,637,-967,171,465,17269
ags,55074175,10381,896,-974,111,378,12968
ags,55074225,8983,1109,-1018,92,173,7202
ags,55074275,8433,1182,-982,-31,6,586
ags,55074325,8836,1118,-952,-170,-216,-5951
ags,55074375,10059,1001,-845,-255,-353,-11917
ags,55074425,11566,706,-982,-318,-527,-16599
ags,55074475,12647,349,-1018,-353,-553,-19388
ags,55074525,12940,-73,-845,-345,-599,-19964
ags,55074575,12173,-492,-884,-306,-465,-18206
ags,55074625,10689,-839,-1025,-276,-389,-14410
ags,55074675,9263,-1000,-847,-189,-227,-9072
ags,55074725,8511,-1141,-972,-113,-83,-2702
ags,55074775,8638,-1149,-798,-22,81,3889
ags,55074825,9534,-1046,-972,87,224,10086
ags,55074875,11070,-717,-881,127,399,15202
ags,55074925,12388,-443,-972,182,475,18631
ags,55074975,12906,10,-906,185,529,19957
ags,55075025,12440,366,-1060,186,545,18895
ags,55075075,11080,698,-879,146,439,15696
ags,55075125,9659,996,-1016,91,334,10724
ags,55075175,8724,1148,-991,-2,94,4620
ags,55075225,8406,1126,-957,-122,-54,-1932
ags,55075275,9073,969,-845,-193,-318,-8333
ags,55075325,10455,874,-972,-250,-434,-13824
ags,55075375,11978,571,-972,-312,-578,-17826
ags,55075425,12811,139,-999,-336,-553,-19790
ags,55075475,12750,-201,-989,-327,-570,-19439
ags,55075525,11551,-682,-1006,-308,-435,-16919
ags,55075575,10196,-907,-928,-248,-360,-12448
ags,55075625,8912,-1115,-833,-172,-179,-6630
ags,55075675,8516,-1166,-899,-67,-35,-145
ags,55075725,8829,-1093,-840,11,142,6349
ags,55075775,10162,-880,-920,81,300,12162
ags,55075825,11524,-609,-857,159,438,16686
ags,55075875,12576,-223,-957,185,501,19342
ags,55075925,12845,142,-925,179,537,19690
ags,55075975,11983,547,-1001,156,489,17817
ags,55076025,10596,838,-923,109,406,13890
ags,55076075,9227,1082,-1021,53,251,8467
ags,55076125,8404,1128,-891,-54,42,2112
ags,55076175,8587,1087,-1062,-135,-158,-4458
ags,55076225,9637,943,-1067,-213,-325,-10543
ags,55076275,11104,786,-911,-264,-489,-15489
ags,55076325,12476,462,-967,-328,-583,-18742
ags,55076375,12884,-12,-957,-331,-576,-19849
ags,55076425,12296,-333,-960,-334,-531,-18651
ags,55076475,11151,-775,-991,-261,-401,-15319
ags,55076525,9666,-1027,-889,-209,-295,-10293
ags,55076575,8702,-1134,-930,-133,-121,-4161
ags,55076625,8550,-1137,-969,-30,56,2377
ags,55076675,9285,-1063,-886,30,223,8680
ags,55076725,10621,-822,-811,118,349,14054
ags,55076775,12005,-458,-1001,153,480,17867
ags,55076825,12823,-17,-957,200,520,19653
ags,55076875,12525,335,-960,184,528,19156
ags,55076925,11439,603,-911,153,438,16425
ags,55076975,10037,999,-991,108,338,11877
ags,55077025,8817,1101,-1016,1,187,6025
ags,55077075,8355,1070,-842,-73,-33,-441
ags,55077125,8926,1067,-979,-167,-223,-6871
ags,55077175,10142,877,-930,-225,-395,-12582
ags,55077225,11568,701,-945,-312,-528,-16923
ags,55077275,12632,286,-972,-329,-565,-19373
ags,55077325,12752,-148,-933,-350,-560,-19531
ags,55077375,11856,-543,-879,-283,-478,-17445
ags,55077425,10516,-863,-1118,-258,-353,-13365
ags,55077475,9156,-1115,-955,-194,-238,-7839
ags,55077525,8616,-1166,-1004,-86,-37,-1473
ags,55077575,8751,-1115,-837,23,112,5003
ags,55077625,9866,-927,-906,92,269,10981
ags,55077675,11131,-785,-928,240,393,15757
ags,55077725,12357,-358,-982,299,481,18760
ags,55077775,12808,108,-918,273,512,19646
ags,55077825,12191,464,-894,237,500,18215
ags,55077875,10884,796,-884,120,441,14708
ags,55077925,9456,989,-938,32,274,9526
ags,55077975,8502,1043,-942,-46,97,3398
ags,55078025,8494,1084,-923,-131,-129,-3103
ags,55078075,9312,1050,-903,-214,-305,-9190
ags,55078125,10772,735,-889,-258,-451,-14494
ags,55078175,12134,513,-964,-314,-550,-18122
ags,55078225,12838,93,-977,-299,-560,-19635
ags,55078275,12532,-345,-952,-321,-521,-18886
ags,55078325,11378,-660,-879,-285,-444,-15981
ags,55078375,9962,-980,-869,-241,-294,-11280
ags,55078425,8853,-1154,-852,-144,-160,-5382
ags,55078475,8563,-1132,-1006,-73,30,1085
ags,55078525,9068,-1041,-906,2,186,7416
ags,55078575,10384,-839,-903,102,320,12958
ags,55078625,11815,-529,-1043,170,421,17109
ags,55078675,12679,-92,-938,198,485,19312
ags,55078725,12628,254,-884,183,532,19228
ags,55078775,11744,647,-950,143,491,16977
ags,55078825,10269,842,-879,69,366,12774
ags,55078875,8948,1016,-982,24,210,7178
ags,55078925,8367,1084,-877,-56,3,830
ags,55078975,8738,1018,-906,-160,-227,-5598
ags,55079025,9859,950,-957,-229,-381,-11427
ags,55079075,11256,650,-899,-285,-476,-16065
ags,55079125,12542,374,-964,-331,-580,-18892
ags,55079175,12755,-36,-833,-336,-543,-19523
ags,55079225,12139,-441,-906,-317,-505,-17916
ags,55079275,10792,-822,-974,-273,-395,-14238
ags,55079325,9473,-1005,-855,-193,-219,-9099
ags,55079375,8572,-1168,-867,-118,-86,-2849
ags,55079425,8743,-1110,-816,-44,79,3628
ags,55079475,9595,-1007,-933,73,237,9693
ags,55079525,10904,-746,-913,125,351,14742
ags,55079575,12208,-367,-989,185,470,18155
ags,55079625,12769,-29,-977,182,500,19460
ags,55079675,12291,386,-1077,195,529,18522
ags,55079725,11173,764,-1016,155,439,15467
ags,55079775,9781,935,-994,76,297,10632
ags,55079825,8604,1033,-916,-25,107,4690
ags,55079875,8482,1043,-906,-104,-51,-1748
ags,55079925,9173,999,-879,-174,-255,-7990
ags,55079975,10440,840,-940,-249,-413,-13405
ags,55080025,11834,528,-1001,-306,-530,-17351
ags,55080075,12652,156,-935,-335,-560,-19326
ags,55080125,12571,-197,-955,-324,-549,-19058
ags,55080175,11666,-621,-923,-299,-455,-16616
ags,55080225,10118,-941,-950,-223,-341,-12173
ags,55080275,8968,-1100,-901,-144,-171,-6499
ags,55080325,8463,-1166,-913,-51,-33,-147
ags,55080375,8992,-1090,-938,32,141,6209
ags,55080425,10147,-902,-989,126,303,11916
ags,55080475,11531,-648,-972,172,423,16319
ags,55080525,12479,-243,-928,207,485,18883
ags,55080575,12640,132,-957,201,542,19257
ags,55080625,11868,542,-877,183,484,17406
ags,55080675,10545,803,-889,108,381,13531
ags,55080725,9251,999,-894,40,213,8190
ags,55080775,8502,1028,-874,-66,29,2005
ags,55080825,8677,1028,-957,-132,-170,-4401
ags,55080875,9652,928,-903,-207,-343,-10357
ags,55080925,10989,694,-899,-267,-487,-15234
ags,55080975,12144,340,-911,-318,-548,-18352
ags,55081025,12740,-5,-1060,-313,-556,-19413
ags,55081075,12259,-375,-1043,-309,-505,-18203
ags,55081125,11002,-787,-896,-269,-393,-14928
ags,55081175,9676,-927,-845,-199,-276,-9977
ags,55081225,8633,-1173,-811,-116,-106,-3978
ags,55081275,8477,-1122,-894,-15,60,2431
ags,55081325,9332,-1012,-955,45,222,8576
ags,55081375,10584,-846,-896,115,346,13806
ags,55081425,11937,-497,-991,180,444,17536
ags,55081475,12696,-61,-886,214,514,19218
ags,55081525,12444,283,-1008,184,520,18680
ags,55081575,11424,647,-977,168,449,16009
ags,55081625,9974,930,-913,71,337,11506
ags,55081675,8797,1016,-991,-18,148,5764
ags,55081725,8463,1026,-920,-95,-43,-581
ags,55081775,8983,1033,-862,-165,-240,-6855
ags,55081825,10118,825,-862,-247,-427,-12426
ags,55081875,11490,603,-989,-315,-510,-16639
ags,55081925,12484,235,-1016,-322,-558,-18973
ags,55081975,12581,-155,-925,-331,-541,-19106
ags,55082025,11754,-555,-1087,-283,-463,-17037
ags,55082075,10394,-841,-947,-245,-383,-13042
ags,55082125,9190,-1058,-862,-178,-196,-7639
ags,55082175,8636,-1151,-960,-89,-62,-1399
ags,55082225,8829,-1151,-925,1,112,4952
ags,55082275,9854,-980,-964,64,255,10800
ags,55082325,11141,-663,-950,160,390,15476
ags,55082375,12286,-314,-920,176,481,18396
ags,55082425,12618,47,-928,189,534,19185
ags,55082475,12095,425,-920,157,510,17766
ags,55082525,10782,789,-867,121,410,14301
ags,55082575,9424,1001,-947,77,269,9251
ags,55082625,8570,1074,-903,-48,66,3222
ags,55082675,8607,1040,-918,-99,-137,-3148
ags,55082725,9400,1079,-1004,-233,-298,-9085
ags,55082775,10728,762,-894,-271,-431,-14250
ags,55082825,11990,488,-989,-312,-531,-17732
ags,55082875,12623,147,-940,-309,-560,-19210
ags,55082925,12318,-316,-960,-300,-545,-18449
ags,55082975,11224,-660,-918,-257,-443,-15561
ags,55083025,9798,-970,-1021,-229,-302,-10929
ags,55083075,8814,-1017,-920,-152,-139,-5126
ags,55083125,8558,-1058,-911,-49,22,1188
ags,55083175,9163,-1105,-1008,32,177,7522
ags,55083225,10445,-770,-1033,117,313,12901
ags,55083275,11778,-529,-1094,186,424,16859
ags,55083325,12635,-143,-977,200,466,18926
ags,55083375,12503,249,-916,165,496,18790
ags,55083425,11590,545,-967,154,467,16444
ags,55083475,10272,869,-862,83,374,12254
ags,55083525,9002,969,-940,3,200,6741
ags,55083575,8438,1040,-933,-51,-9,495
ags,55083625,8836,1004,-982,-165,-198,-5781
ags,55083675,9888,886,-945,-237,-377,-11471
ags,55083725,11329,596,-867,-302,-499,-15908
ags,55083775,12371,308,-920,-290,-554,-18565
ags,55083825,12615,-128,-982,-320,-530,-19069
ags,55083875,11954,-482,-903,-277,-499,-17359
ags,55083925,10735,-883,-974,-257,-384,-13684
ags,55083975,9385,-1024,-957,-147,-257,-8623
ags,55084025,8614,-1112,-913,-85,-61,-2440
ags,55084075,8714,-1137,-889,-4,78,3900
ags,55084125,9568,-958,-855,53,244,9811
ags,55084175,10914,-756,-984,144,349,14642
ags,55084225,12017,-338,-899,178,471,17890
ags,55084275,12562,-32,-955,178,506,19053
ags,55084325,12210,437,-945,186,514,17988
ags,55084375,11004,767,-955,136,399,14870
ags,55084425,9634,916,-908,61,292,10075
ags,55084475,8629,1021,-964,-12,92,4217
ags,55084525,8504,1026,-899,-98,-77,-2110
ags,55084575,9285,994,-967,-176,-290,-8207
ags,55084625,10518,750,-1030,-225,-417,-13422
ags,55084675,11746,449,-972,-280,-533,-17160
ags,55084725,12549,132,-957,-318,-539,-18968
ags,55084775,12376,-265,-1008,-335,-531,-18534
ags,55084825,11424,-612,-852,-286,-452,-15981
ags,55084875,10049,-929,-1016,-230,-325,-11661
ags,55084925,9009,-1058,-923,-176,-160,-6053
ags,55084975,8560,-1166,-913,-79,-18,181
ags,55085025,9063,-1024,-979,20,142,6385
ags,55085075,10240,-834,-796,107,266,11928
ags,55085125,11527,-585,-852,166,404,16150
ags,55085175,12364,-189,-1004,175,497,18560
ags,55085225,12540,176,-991,158,517,18795
ags,55085275,11727,574,-899,152,483,16842
ags,55085325,10396,718,-845,91,358,13001
ags,55085375,9258,1006,-1052,26,188,7719
ags,55085425,8485,1026,-935,-76,20,1606
ags,55085475,8758,1048,-942,-144,-157,-4652
ags,55085525,9747,884,-989,-209,-333,-10429
ags,55085575,11046,667,-979,-277,-455,-15082
ags,55085625,12161,381,-906,-296,-546,-18095
ags,55085675,12659,34,-942,-319,-546,-18976
ags,55085725,12066,-429,-1008,-285,-501,-17686
ags,55085775,10923,-707,-869,-261,-390,-14314
ags,55085825,9566,-988,-955,-183,-262,-9401
ags,55085875,8602,-1054,-857,-113,-84,-3508
ags,55085925,8563,-1110,-933,-35,55,2783
ags,55085975,9363,-1051,-862,46,208,8750
ags,55086025,10672,-790,-901,135,327,13793
ags,55086075,11888,-431,-852,161,462,17324
ags,55086125,12552,-39,-940,168,487,18827
ags,55086175,12261,379,-979,166,482,18146
ags,55086225,11153,611,-869,143,417,15312
ags,55086275,9859,911,-945,81,303,10803
ags,55086325,8831,1077,-1006,-18,116,5097
ags,55086375,8541,1113,-974,-87,-68,-1123
ags,55086425,9122,1028,-999,-186,-237,-7223
ags,55086475,10316,803,-969,-254,-409,-12587
ags,55086525,11624,520,-940,-276,-521,-16548
ags,55086575,12459,203,-925,-293,-575,-18657
ags,55086625,12459,-136,-984,-289,-537,-18578
ags,55086675,11578,-514,-930,-275,-451,-16385
ags,55086725,10360,-861,-881,-225,-323,-12281
ags,55086775,9156,-992,-864,-161,-195,-6901
ags,55086825,8653,-1124,-962,-92,-31,-758
ags,55086875,8961,-1093,-1001,24,126,5446
ags,55086925,9949,-936,-942,104,258,11051
ags,55086975,11285,-685,-920,140,381,15487
ags,55087025,12278,-272,-1023,148,489,18168
ags,55087075,12425,115,-974,191,510,18735
ags,55087125,11924,457,-982,156,500,17135
ags,55087175,10579,686,-913,134,397,13572
ags,55087225,9368,1018,-908,36,262,8484
ags,55087275,8577,1035,-947,-44,31,2522
ags,55087325,8709,1013,-911,-115,-139,-3712
ags,55087375,9600,886,-942,-216,-332,-9574
ags,55087425,10870,654,-938,-238,-461,-14384
ags,55087475,12025,383,-867,-307,-540,-17595
ags,55087525,12535,59,-974,-328,-541,-18814
ags,55087575,12130,-316,-947,-288,-518,-17826
ags,55087625,11065,-704,-906,-254,-380,-14806
ags,55087675,9744,-946,-940,-199,-271,-10108
ags,55087725,8839,-1134,-947,-137,-124,-4374
ags,55087775,8621,-1100,-938,-47,23,1844
ags,55087825,9312,-1000,-903,37,181,7861
ags,55087875,10523,-846,-986,84,316,13036
ags,55087925,11758,-453,-964,168,430,16771
ags,55087975,12481,-109,-947,198,487,18579
ags,55088025,12332,186,-1018,202,499,18224
ags,55088075,11429,659,-916,148,459,15769
ags,55088125,10089,850,-877,90,317,11528
ags,55088175,8917,967,-896,-1,147,6025
ags,55088225,8538,999,-891,-73,-39,-88
ags,55088275,8909,1038,-891,-183,-212,-6226
ags,55088325,10049,833,-899,-217,-390,-11680
ags,55088375,11404,537,-972,-282,-493,-15902
ags,55088425,12354,276,-925,-294,-553,-18301
ags,55088475,12383,-126,-1013,-322,-532,-18571
ags,55088525,11783,-424,-969,-293,-452,-16697
ags,55088575,10569,-812,-874,-236,-344,-12946
ags,55088625,9293,-980,-896,-167,-218,-7760
ags,55088675,8609,-1054,-994,-93,-57,-1749
ags,55088725,8790,-1083,-840,-8,94,4434
ags,55088775,9744,-995,-757,93,243,10119
ags,55088825,11082,-682,-930,137,366,14745
ags,55088875,12078,-314,-889,183,463,17699
ags,55088925,12432,-17,-964,194,487,18618
ags,55088975,11983,437,-962,187,488,17370
ags,55089025,10757,735,-952,98,394,14106
ags,55089075,9537,872,-933,65,242,9264
ags,55089125,8758,987,-923,-17,41,3334
ags,55089175,8633,987,-1004,-94,-97,-2847
ags,55089225,9341,945,-989,-188,-286,-8812
ags,55089275,10611,733,-925,-219,-432,-13663
ags,55089325,11883,481,-933,-256,-526,-17094
ags,55089375,12442,39,-964,-289,-560,-18605
ags,55089425,12142,-299,-864,-284,-531,-17916
ags,55089475,11168,-692,-952,-254,-395,-15205
ags,55089525,9822,-917,-957,-174,-325,-10739
ags,55089575,8946,-1039,-1033,-123,-161,-5135
ags,55089625,8582,-1129,-928,-43,-16,1018
ags,55089675,9232,-1029,-972,47,155,7030
ags,55089725,10338,-836,-942,110,277,12312
ags,55089775,11605,-499,-996,178,436,16224
ags,55089825,12484,-82,-1043,184,488,18296
ags,55089875,12344,291,-957,173,504,18244
ags,55089925,11502,537,-925,124,446,16076
ags,55089975,10223,750,-1006,99,363,12083
ags,55090025,9095,1011,-967,32,171,6757
ags,55090075,8499,1013,-877,-64,14,727
ags,55090125,8853,962,-859,-124,-191,-5396
ags,55090175,9813,886,-935,-198,-346,-10941
