1,-14628
2,-14555
3,-14455
4,-14374
5,-14289
6,-14214
7,-14130
8,-14030
9,-13933
10,-13855
11,-13783
12,-13690
13,-13595
14,-13484
15,-13400
16,-13326
17,-13230
18,-13132
19,-13052
20,-12959
21,-12858
22,-12768
23,-12669
24,-12572
25,-12471
26,-12378
27,-12278
28,-12175
29,-12082
30,-11986
31,-11869
32,-11763
33,-11677
34,-11582
35,-11477
36,-11368
37,-11281
38,-11186
39,-11072
40,-10953
41,-10852
42,-10742
43,-10642
44,-10535
45,-10439
46,-10339
47,-10223
48,-10114
49,-10008
50,-9892
51,-9781
52,-9658
53,-9547
54,-9430
55,-9336
56,-9198
57,-9119
58,-9055
59,-8943
60,-8820
61,-8710
62,-8588
63,-8428
64,-8205
65,-8090
66,-7983
67,-7867
68,-7758
69,-7648
70,-7529
71,-7412
72,-7290
73,-7180
74,-7066
75,-6937
76,-6822
77,-6707
78,-6587
79,-6470
80,-6341
81,-6218
82,-6097
83,-5969
84,-5849
85,-5731
86,-5609
87,-5483
88,-5361
89,-5253
90,-5139
91,-5020
92,-4898
93,-4774
94,-4645
95,-4513
96,-4390
97,-4277
98,-4158
99,-4026
100,-3895
101,-3777
102,-3658
103,-3533
104,-3401
105,-3274
106,-3155
107,-3036
108,-2902
109,-2785
110,-2664
111,-2529
112,-2400
113,-2281
114,-2169
115,-2045
116,-1919
117,-1787
118,-1662
119,-1532
120,-1399
121,-1276
122,-1151
123,-1029
124,-905
125,-777
126,-648
127,-525
128,-396
129,-271
130,-148
131,-18
132,109
133,246
134,370
135,485
136,612
137,743
138,870
139,989
140,1122
141,1243
142,1371
143,1497
144,1614
145,1748
146,1872
147,1993
148,2114
149,2238
150,2382
151,2510
152,2633
153,2744
154,2863
155,2999
156,3120
157,3246
158,3375
159,3499
160,3625
161,3736
162,3855
163,3986
164,4112
165,4238
166,4351
167,4477
168,4613
169,4731
170,4860
171,4980
172,5105
173,5218
174,5341
175,5464
176,5581
177,5709
178,5832
179,5938
180,6047
181,6167
182,6296
183,6415
184,6532
185,6645
186,6777
187,6896
188,7009
189,7124
190,7248
191,7369
192,7484
193,7603
194,7718
195,7833
196,7945
197,8066
198,8183
199,8299
200,8402
201,8512
202,8637
203,8749
204,8856
205,8965
206,9080
207,9193
208,9302
209,9417
210,9534
211,9642
212,9740
213,9842
214,9944
215,10058
216,10180
217,10278
218,10388
219,10491
220,10589
221,10703
222,10813
223,10914
224,11017
225,11122
226,11225
227,11325
228,11417
229,11517
230,11616
231,11711
232,11828
233,11935
234,12024
235,12125
236,12222
237,12313
238,12406
239,12503
240,12597
241,12696
242,12806
243,12904
244,12986
245,13080
246,13161
247,13247
248,13347
249,13441
250,13529
251,13612
252,13709
253,13799
254,13886
255,13967
256,14057
257,14146
258,14231
259,14312
260,14391
261,14470
262,14550
263,14647
264,14729
265,14799
266,14872
267,14947
268,15032
269,15111
270,15179
271,15257
272,15337
273,15409
274,15499
275,15568
276,15638
277,15716
278,15780
279,15845
280,15902
281,15980
282,16060
283,16138
284,16199
285,16263
286,16325
287,16383
288,16441
289,16500
290,16566
291,16619
292,16675
293,16744
294,16809
295,16864
296,16925
297,16983
298,17036
299,17083
300,17139
301,17201
302,17254
303,17296
304,17338
305,17375
306,17439
307,17493
308,17541
309,17581
310,17628
311,17678
312,17728
313,17783
314,17819
315,17860
316,17917
317,17951
318,17980
319,18009
320,18055
321,18083
322,18099
323,18148
324,18194
325,18218
326,18274
327,18312
328,18336
329,18357
330,18403
331,18432
332,18440
333,18457
334,18502
335,18535
336,18547
337,18564
338,18588
339,18618
340,18640
341,18660
342,18685
343,18700
344,18705
345,18718
346,18733
347,18760
348,18773
349,18776
350,18786
351,18805
352,18822
353,18832
354,18831
355,18840
356,18851
357,18864
358,18870
359,18860
360,18861
361,18869
362,18870
363,18864
364,18865
365,18866
366,18866
367,18873
368,18874
369,18868
370,18857
371,18857
372,18836
373,18815
374,18811
375,18817
376,18821
377,18805
378,18796
379,18780
380,18756
381,18722
382,18696
383,18683
384,18678
385,18667
386,18651
387,18631
388,18608
389,18584
390,18563
391,18539
392,18509
393,18487
394,18459
395,18431
396,18396
397,18370
398,18344
399,18330
400,18297
401,18253
402,18215
403,18187
404,18147
405,18115
406,18082
407,18046
408,18001
409,17954
410,17908
411,17870
412,17837
413,17804
414,17745
415,17689
416,17660
417,17630
418,17579
419,17513
420,17454
421,17412
422,17369
423,17325
424,17282
425,17204
426,17154
427,17120
428,17061
429,16991
430,16941
431,16887
432,16831
433,16772
434,16701
435,16649
436,16599
437,16531
438,16464
439,16397
440,16333
441,16277
442,16202
443,16130
444,16072
445,16009
446,15936
447,15873
448,15796
449,15724
450,15651
451,15589
452,15509
453,15434
454,15361
455,15294
456,15218
457,15130
458,15039
459,14973
460,14910
461,14835
462,14749
463,14664
464,14582
465,14504
466,14422
467,14335
468,14252
469,14178
470,14086
471,13999
472,13926
473,13828
474,13743
475,13652
476,13561
477,13469
478,13376
479,13277
480,13187
481,13106
482,13017
483,12908
484,12823
485,12732
486,12638
487,12552
488,12455
489,12354
490,12256
491,12162
492,12057
493,11955
494,11856
495,11766
496,11658
497,11555
498,11458
499,11353
500,11254
501,11160
502,11060
503,10954
504,10845
505,10738
506,10640
507,10521
508,10418
509,10310
510,10212
511,10111
512,9994
513,9884
514,9767
515,9661
516,9564
517,9458
518,9349
519,9240
520,9128
521,9013
522,8897
523,8778
524,8658
525,8553
526,8442
527,8331
528,8216
529,8102
530,8005
531,7883
532,7747
533,7631
534,7520
535,7408
536,7296
537,7172
538,7059
539,6951
540,6820
541,6697
542,6587
543,6470
544,6355
545,6240
546,6112
547,5986
548,5868
549,5752
550,5641
551,5512
552,5389
553,5267
554,5151
555,5035
556,4920
557,4791
558,4658
559,4523
560,4418
561,4311
562,4189
563,4047
564,3921
565,3789
566,3663
567,3545
568,3429
569,3308
570,3183
571,3053
572,2928
573,2811
574,2689
575,2553
576,2425
577,2307
578,2179
579,2055
580,1936
581,1812
582,1688
583,1554
584,1435
585,1312
586,1183
587,1054
588,931
589,806
590,672
591,548
592,425
593,304
594,167
595,41
596,-78
597,-205
598,-320
599,-439
600,-584
601,-709
602,-839
603,-954
604,-1084
605,-1228
606,-1353
607,-1474
608,-1586
609,-1714
610,-1856
611,-1984
612,-2094
613,-2221
614,-2340
615,-2468
616,-2602
617,-2716
618,-2847
619,-2977
620,-3098
621,-3214
622,-3348
623,-3461
624,-3571
625,-3713
626,-3848
627,-3961
628,-4069
629,-4200
630,-4332
631,-4448
632,-4579
633,-4699
634,-4823
635,-4954
636,-5062
637,-5186
638,-5310
639,-5423
640,-5547
641,-5675
642,-5796
643,-5900
644,-6025
645,-6152
646,-6268
647,-6387
648,-6509
649,-6616
650,-6729
651,-6852
652,-6975
653,-7091
654,-7217
655,-7320
656,-7445
657,-7569
658,-7681
659,-7789
660,-7914
661,-8038
662,-8154
663,-8242
664,-8374
665,-8452
666,-8565
667,-8735
668,-8887
669,-8993
670,-9062
671,-9107
672,-9216
673,-9383
674,-9484
675,-9595
676,-9702
677,-9803
678,-9914
679,-10029
680,-10143
681,-10249
682,-10349
683,-10445
684,-10553
685,-10656
686,-10774
687,-10880
688,-10988
689,-11089
690,-11182
691,-11290
692,-11390
693,-11497
694,-11592
695,-11694
696,-11810
697,-11903
698,-11997
699,-12100
700,-12195
701,-12278
702,-12380
703,-12484
704,-12585
705,-12669
706,-12754
707,-12855
708,-12958
709,-13057
710,-13144
711,-13224
712,-13309
713,-13400
714,-13505
715,-13587
716,-13671
717,-13753
718,-13835
719,-13921
720,-14010
721,-14098
722,-14185
723,-14271
724,-14371
725,-14456
726,-14532
727,-14618
728,-14698
729,-14774
730,-14838
731,-14913
732,-14996
733,-15081
734,-15166
735,-15248
736,-15318
737,-15387
738,-15455
739,-15528
740,-15610
741,-15681
742,-15748
743,-15819
744,-15897
745,-15973
746,-16035
747,-16106
748,-16174
749,-16243
750,-16318
751,-16384
752,-16450
753,-16507
754,-16552
755,-16592
756,-16663
757,-16735
758,-16799
759,-16864
760,-16923
761,-16980
762,-17029
763,-17080
764,-17129
765,-17196
766,-17242
767,-17284
768,-17332
769,-17400
770,-17459
771,-17509
772,-17544
773,-17572
774,-17624
775,-17684
776,-17734
777,-17781
778,-17829
779,-17868
780,-17894
781,-17919
782,-17957
783,-18010
784,-18058
785,-18095
786,-18129
787,-18161
788,-18182
789,-18219
790,-18264
791,-18314
792,-18342
793,-18364
794,-18387
795,-18419
796,-18442
797,-18469
798,-18500
799,-18530
800,-18558
801,-18574
802,-18596
803,-18615
804,-18635
805,-18656
806,-18675
807,-18697
808,-18710
809,-18735
810,-18746
811,-18775
812,-18781
813,-18772
814,-18784
815,-18803
816,-18811
817,-18828
818,-18851
819,-18844
820,-18851
821,-18856
822,-18864
823,-18863
824,-18860
825,-18870
826,-18868
827,-18870
828,-18881
829,-18890
830,-18878
831,-18876
832,-18856
833,-18841
834,-18852
835,-18861
836,-18851
837,-18844
838,-18831
839,-18829
840,-18818
841,-18794
842,-18777
843,-18762
844,-18757
845,-18741
846,-18735
847,-18716
848,-18687
849,-18674
850,-18656
851,-18639
852,-18619
853,-18588
854,-18580
855,-18558
856,-18535
857,-18512
858,-18488
859,-18448
860,-18406
861,-18381
862,-18360
863,-18334
864,-18296
865,-18263
866,-18233
867,-18199
868,-18161
869,-18126
870,-18094
871,-18054
872,-18010
873,-17978
874,-17955
875,-17918
876,-17859
877,-17815
878,-17777
879,-17725
880,-17683
881,-17639
882,-17601
883,-17551
884,-17501
885,-17460
886,-17406
887,-17356
888,-17309
889,-17246
890,-17190
891,-17146
892,-17095
893,-17046
894,-16977
895,-16923
896,-16864
897,-16805
898,-16736
899,-16681
900,-16623
901,-16563
902,-16501
903,-16440
904,-16367
905,-16311
906,-16261
907,-16206
908,-16123
909,-16056
910,-15992
911,-15915
912,-15844
913,-15771
914,-15698
915,-15634
916,-15578
917,-15498
918,-15410
919,-15322
920,-15254
921,-15195
922,-15128
923,-15050
924,-14976
925,-14903
926,-14816
927,-14712
928,-14624
929,-14548
930,-14471
931,-14402
932,-14335
933,-14241
934,-14155
935,-14064
936,-13979
937,-13900
938,-13804
939,-13714
940,-13623
941,-13529
942,-13444
943,-13363
944,-13268
945,-13179
946,-13094
947,-12997
948,-12906
949,-12812
950,-12719
951,-12622
952,-12539
953,-12445
954,-12338
955,-12228
956,-12132
957,-12045
958,-11944
959,-11849
960,-11756
961,-11661
962,-11558
963,-11458
964,-11355
965,-11252
966,-11147
967,-11042
968,-10945
969,-10829
970,-10722
971,-10620
972,-10513
973,-10410
974,-10306
975,-10186
976,-10072
977,-9971
978,-9873
979,-9764
980,-9657
981,-9552
982,-9416
983,-9339
984,-9216
985,-9051
986,-8922
987,-8827
988,-8723
989,-8623
990,-8552
991,-8458
992,-8316
993,-8205
994,-8082
995,-7953
996,-7846
997,-7739
998,-7626
999,-7514
1000,-7383
1001,-7269
1002,-7152
1003,-7035
1004,-6908
1005,-6781
1006,-6678
1007,-6575
1008,-6455
1009,-6332
1010,-6220
1011,-6106
1012,-5979
1013,-5855
1014,-5739
1015,-5618
1016,-5494
1017,-5376
1018,-5253
1019,-5130
1020,-5003
1021,-4884
1022,-4771
1023,-4653
1024,-4529
1025,-4400
1026,-4277
1027,-4161
1028,-4047
1029,-3909
1030,-3794
1031,-3682
1032,-3553
1033,-3418
1034,-3293
1035,-3179
1036,-3050
1037,-2927
1038,-2787
1039,-2659
1040,-2547
1041,-2429
1042,-2300
1043,-2163
1044,-2041
1045,-1926
1046,-1805
1047,-1679
1048,-1555
1049,-1421
1050,-1286
1051,-1168
1052,-1042
1053,-910
1054,-794
1055,-673
1056,-551
1057,-428
1058,-294
1059,-167
1060,-49
1061,80
1062,207
1063,332
1064,450
1065,581
1066,707
1067,840
1068,972
1069,1097
1070,1215
1071,1335
1072,1452
1073,1576
1074,1712
1075,1841
1076,1964
1077,2099
1078,2218
1079,2327
1080,2449
1081,2571
1082,2704
1083,2840
1084,2960
1085,3078
1086,3206
1087,3344
1088,3460
1089,3573
1090,3693
1091,3822
1092,3944
1093,4070
1094,4194
1095,4312
1096,4440
1097,4560
1098,4680
1099,4812
1100,4928
1101,5034
1102,5165
1103,5295
1104,5415
1105,5544
1106,5669
1107,5786
1108,5907
1109,6019
1110,6136
1111,6247
1112,6372
1113,6487
1114,6589
1115,6720
1116,6835
1117,6934
1118,7052
1119,7186
1120,7313
1121,7416
1122,7545
1123,7664
1124,7775
1125,7889
1126,7999
1127,8117
1128,8226
1129,8343
1130,8459
1131,8564
1132,8688
1133,8796
1134,8894
1135,9002
1136,9108
1137,9230
1138,9345
1139,9462
1140,9573
1141,9673
1142,9778
1143,9880
1144,9980
1145,10098
1146,10209
1147,10323
1148,10435
1149,10538
1150,10644
1151,10731
1152,10833
1153,10947
1154,11041
1155,11150
1156,11237
1157,11341
1158,11444
1159,11557
1160,11661
1161,11737
1162,11838
1163,11943
1164,12045
1165,12145
1166,12238
1167,12328
1168,12422
1169,12520
1170,12617
1171,12710
1172,12807
1173,12912
1174,13002
1175,13084
1176,13180
1177,13275
1178,13354
1179,13434
1180,13528
1181,13628
1182,13713
1183,13802
1184,13894
1185,13979
1186,14057
1187,14138
1188,14228
1189,14306
1190,14389
1191,14464
1192,14544
1193,14625
1194,14717
1195,14800
1196,14876
1197,14955
1198,15018
1199,15089
1200,15170
1201,15244
1202,15327
1203,15406
1204,15483
1205,15560
1206,15620
1207,15686
1208,15749
1209,15821
1210,15902
1211,15979
1212,16040
1213,16099
1214,16170
1215,16238
1216,16295
1217,16350
1218,16415
1219,16491
1220,16559
1221,16609
1222,16660
1223,16718
1224,16770
1225,16838
1226,16899
1227,16950
1228,17010
1229,17059
1230,17103
1231,17160
1232,17218
1233,17258
1234,17295
1235,17335
1236,17387
1237,17435
1238,17495
1239,17549
1240,17592
1241,17631
1242,17677
1243,17720
1244,17781
1245,17827
1246,17848
1247,17878
1248,17922
1249,17963
1250,17987
1251,18024
1252,18068
1253,18093
1254,18134
1255,18190
1256,18228
1257,18235
1258,18254
1259,18312
1260,18332
1261,18338
1262,18346
1263,18389
1264,18422
1265,18451
1266,18476
1267,18504
1268,18528
1269,18547
1270,18562
1271,18573
1272,18581
1273,18610
1274,18640
1275,18665
1276,18675
1277,18678
1278,18693
1279,18702
1280,18698
1281,18716
1282,18730
1283,18735
1284,18747
1285,18758
1286,18780
1287,18776
1288,18769
1289,18771
1290,18788
1291,18783
1292,18786
1293,18769
1294,18770
1295,18768
1296,18764
1297,18776
1298,18782
1299,18773
1300,18747
1301,18738
1302,18738
1303,18733
1304,18722
1305,18713
1306,18716
1307,18694
1308,18670
1309,18656
1310,18635
1311,18619
1312,18612
1313,18604
1314,18572
1315,18546
1316,18543
1317,18521
1318,18497
1319,18477
1320,18450
1321,18419
1322,18399
1323,18377
1324,18352
1325,18322
1326,18292
1327,18264
1328,18226
1329,18191
1330,18158
1331,18138
1332,18101
1333,18069
1334,18038
1335,18004
1336,17956
1337,17918
1338,17873
1339,17838
1340,17800
1341,17759
1342,17715
1343,17676
1344,17633
1345,17586
1346,17543
1347,17495
1348,17439
1349,17386
1350,17341
1351,17294
1352,17248
1353,17198
1354,17147
1355,17099
1356,17035
1357,16980
1358,16940
1359,16878
1360,16816
1361,16760
1362,16702
1363,16644
1364,16585
1365,16522
1366,16458
1367,16393
1368,16344
1369,16280
1370,16198
1371,16129
1372,16068
1373,16015
1374,15951
1375,15872
1376,15802
1377,15741
1378,15665
1379,15587
1380,15530
1381,15451
1382,15370
1383,15294
1384,15226
1385,15147
1386,15066
1387,15000
1388,14928
1389,14841
1390,14764
1391,14683
1392,14605
1393,14528
1394,14441
1395,14354
1396,14278
1397,14201
1398,14115
1399,14032
1400,13947
1401,13862
1402,13765
1403,13677
1404,13590
1405,13506
1406,13420
1407,13331
1408,13235
1409,13140
1410,13058
1411,12984
1412,12883
1413,12771
1414,12665
1415,12576
1416,12507
1417,12409
1418,12308
1419,12212
1420,12119
1421,12031
1422,11917
1423,11818
1424,11724
1425,11618
1426,11519
1427,11425
1428,11312
1429,11208
1430,11118
1431,11015
1432,10911
1433,10809
1434,10702
1435,10601
1436,10506
1437,10399
1438,10282
1439,10173
1440,10069
1441,9975
1442,9855
1443,9753
1444,9641
1445,9542
1446,9440
1447,9304
1448,9187
1449,9072
1450,8960
1451,8857
1452,8760
1453,8645
1454,8529
1455,8424
1456,8314
1457,8196
1458,8079
1459,7963
1460,7859
1461,7750
1462,7623
1463,7492
1464,7381
1465,7286
1466,7171
1467,7047
1468,6928
1469,6811
1470,6693
1471,6578
1472,6449
1473,6332
1474,6211
1475,6096
1476,5986
1477,5868
1478,5750
1479,5638
1480,5502
1481,5371
1482,5254
1483,5126
1484,5002
1485,4906
1486,4796
1487,4670
1488,4534
1489,4409
1490,4287
1491,4170
1492,4048
1493,3921
1494,3801
1495,3680
1496,3550
1497,3418
1498,3313
1499,3186
1500,3051
1501,2920
1502,2795
1503,2684
1504,2568
1505,2446
1506,2315
1507,2191
1508,2068
1509,1943
1510,1819
1511,1700
1512,1565
1513,1432
1514,1306
1515,1196
1516,1073
1517,951
1518,812
1519,670
1520,542
1521,429
1522,318
1523,191
1524,59
1525,-75
1526,-192
1527,-328
1528,-450
1529,-561
1530,-690
1531,-820
1532,-954
1533,-1070
1534,-1183
1535,-1318
1536,-1445
1537,-1574
1538,-1690
1539,-1813
1540,-1954
1541,-2067
1542,-2190
1543,-2321
1544,-2440
1545,-2569
1546,-2695
1547,-2810
1548,-2932
1549,-3060
1550,-3200
1551,-3326
1552,-3428
1553,-3549
1554,-3685
1555,-3813
1556,-3930
1557,-4033
1558,-4159
1559,-4293
1560,-4426
1561,-4539
1562,-4650
1563,-4771
1564,-4900
1565,-5031
1566,-5153
1567,-5270
1568,-5382
1569,-5499
1570,-5617
1571,-5753
1572,-5872
1573,-5994
1574,-6108
1575,-6214
1576,-6337
1577,-6462
1578,-6570
1579,-6690
1580,-6815
1581,-6932
1582,-7042
1583,-7149
1584,-7281
1585,-7393
1586,-7506
1587,-7616
1588,-7731
1589,-7846
1590,-7983
1591,-8105
1592,-8189
1593,-8327
1594,-8408
1595,-8522
1596,-8669
1597,-8800
1598,-8913
1599,-9019
1600,-9127
1601,-9199
1602,-9274
1603,-9423
1604,-9519
1605,-9637
1606,-9753
1607,-9852
1608,-9961
1609,-10072
1610,-10170
1611,-10283
1612,-10393
1613,-10493
1614,-10600
1615,-10713
1616,-10816
1617,-10909
1618,-11007
1619,-11113
1620,-11221
1621,-11318
1622,-11425
1623,-11520
1624,-11634
1625,-11736
1626,-11826
1627,-11919
1628,-12022
1629,-12113
1630,-12207
1631,-12303
1632,-12403
1633,-12502
1634,-12609
1635,-12694
1636,-12796
1637,-12889
1638,-12984
1639,-13064
1640,-13136
1641,-13238
1642,-13340
1643,-13432
1644,-13519
1645,-13613
1646,-13700
1647,-13782
1648,-13871
1649,-13958
1650,-14029
1651,-14112
1652,-14202
1653,-14285
1654,-14364
1655,-14452
1656,-14537
1657,-14613
1658,-14688
1659,-14765
1660,-14849
1661,-14934
1662,-15010
1663,-15091
1664,-15152
1665,-15223
1666,-15307
1667,-15385
1668,-15469
1669,-15527
1670,-15578
1671,-15654
1672,-15740
1673,-15818
1674,-15881
1675,-15941
1676,-16013
1677,-16089
1678,-16151
1679,-16202
1680,-16255
1681,-16323
1682,-16400
1683,-16481
1684,-16530
1685,-16584
1686,-16645
1687,-16711
1688,-16772
1689,-16831
1690,-16879
1691,-16941
1692,-16992
1693,-17050
1694,-17096
1695,-17146
1696,-17197
1697,-17245
1698,-17291
1699,-17356
1700,-17406
1701,-17452
1702,-17495
1703,-17550
1704,-17590
1705,-17640
1706,-17691
1707,-17728
1708,-17764
1709,-17808
1710,-17856
1711,-17900
1712,-17926
1713,-17953
1714,-18003
1715,-18038
1716,-18081
1717,-18115
1718,-18139
1719,-18168
1720,-18203
1721,-18233
1722,-18264
1723,-18300
1724,-18332
1725,-18355
1726,-18393
1727,-18414
1728,-18433
1729,-18456
1730,-18472
1731,-18496
1732,-18525
1733,-18554
1734,-18561
1735,-18580
1736,-18599
1737,-18619
1738,-18630
1739,-18653
1740,-18679
1741,-18690
1742,-18696
1743,-18707
1744,-18716
1745,-18739
1746,-18755
1747,-18756
1748,-18763
1749,-18768
1750,-18771
1751,-18780
1752,-18775
1753,-18783
1754,-18781
1755,-18765
1756,-18778
1757,-18790
1758,-18794
1759,-18776
1760,-18777
1761,-18775
1762,-18774
1763,-18771
1764,-18758
1765,-18748
1766,-18728
1767,-18738
1768,-18739
1769,-18729
1770,-18706
1771,-18697
1772,-18688
1773,-18668
1774,-18654
1775,-18647
1776,-18619
1777,-18604
1778,-18584
1779,-18574
1780,-18551
1781,-18536
1782,-18521
1783,-18495
1784,-18463
1785,-18435
1786,-18412
1787,-18381
1788,-18353
1789,-18327
1790,-18304
1791,-18288
1792,-18252
1793,-18203
1794,-18178
1795,-18153
1796,-18121
1797,-18090
1798,-18051
1799,-18003
1800,-17969
1801,-17935
1802,-17893
1803,-17864
1804,-17826
1805,-17781
1806,-17720
1807,-17677
1808,-17649
1809,-17613
1810,-17568
1811,-17526
1812,-17468
1813,-17420
1814,-17375
1815,-17326
1816,-17282
1817,-17228
1818,-17167
1819,-17110
1820,-17064
1821,-17001
1822,-16950
1823,-16908
1824,-16854
1825,-16792
1826,-16723
1827,-16671
1828,-16619
1829,-16575
1830,-16505
1831,-16435
1832,-16375
1833,-16310
1834,-16235
1835,-16163
1836,-16092
1837,-16042
1838,-15987
1839,-15923
1840,-15858
1841,-15784
1842,-15703
1843,-15640
1844,-15563
1845,-15487
1846,-15420
1847,-15355
1848,-15288
1849,-15212
1850,-15138
1851,-15058
1852,-14975
1853,-14897
1854,-14809
1855,-14732
1856,-14661
1857,-14587
1858,-14506
1859,-14424
1860,-14334
1861,-14251
1862,-14170
1863,-14095
1864,-14020
1865,-13922
1866,-13830
1867,-13755
1868,-13670
1869,-13575
1870,-13473
1871,-13392
1872,-13318
1873,-13223
1874,-13113
1875,-13024
1876,-12945
1877,-12851
1878,-12770
1879,-12668
1880,-12561
1881,-12466
1882,-12371
1883,-12283
1884,-12180
1885,-12090
1886,-12003
1887,-11904
1888,-11797
1889,-11698
1890,-11603
1891,-11497
1892,-11391
1893,-11298
1894,-11207
1895,-11094
1896,-10981
1897,-10884
1898,-10785
1899,-10679
1900,-10577
1901,-10465
1902,-10345
1903,-10239
1904,-10148
1905,-10045
1906,-9931
1907,-9826
1908,-9705
1909,-9606
1910,-9499
1911,-9409
1912,-9271
1913,-9141
1914,-9084
1915,-9009
1916,-8894
1917,-8778
1918,-8647
1919,-8496
1920,-8367
1921,-8288
1922,-8174
1923,-8057
1924,-7925
1925,-7819
1926,-7719
1927,-7606
1928,-7483
1929,-7355
1930,-7239
1931,-7134
1932,-7015
1933,-6897
1934,-6761
1935,-6645
1936,-6549
1937,-6433
1938,-6319
1939,-6197
1940,-6081
1941,-5964
1942,-5835
1943,-5716
1944,-5590
1945,-5468
1946,-5361
1947,-5250
1948,-5119
1949,-4983
1950,-4857
1951,-4746
1952,-4635
1953,-4508
1954,-4390
1955,-4275
1956,-4144
1957,-4019
1958,-3890
1959,-3768
1960,-3654
1961,-3534
1962,-3411
1963,-3281
1964,-3156
1965,-3035
1966,-2903
1967,-2781
1968,-2656
1969,-2521
1970,-2416
1971,-2294
1972,-2162
1973,-2028
1974,-1907
1975,-1787
1976,-1683
1977,-1541
1978,-1409
1979,-1283
1980,-1155
1981,-1039
1982,-916
1983,-791
1984,-682
1985,-560
1986,-432
1987,-300
1988,-180
1989,-65
1990,61
1991,188
1992,322
1993,444
1994,565
1995,702
1996,847
1997,967
1998,1076
1999,1188
2000,1325
2001,1465
2002,1582
2003,1699
2004,1818
2005,1944
2006,2063
2007,2186
2008,2320
2009,2452
2010,2560
2011,2688
2012,2815
2013,2938
2014,3059
2015,3185
2016,3307
2017,3433
2018,3549
2019,3668
2020,3799
2021,3931
2022,4047
2023,4176
2024,4295
2025,4412
2026,4531
2027,4642
2028,4770
2029,4893
2030,5016
2031,5160
2032,5271
2033,5381
2034,5497
2035,5615
2036,5733
2037,5855
2038,5984
2039,6109
2040,6216
2041,6333
2042,6461
2043,6584
2044,6694
2045,6806
2046,6920
2047,7045
2048,7163
2049,7278
2050,7382
2051,7473
2052,7595
2053,7724
2054,7858
2055,7976
2056,8074
2057,8177
2058,8299
2059,8414
2060,8517
2061,8643
2062,8752
2063,8852
2064,8957
2065,9070
2066,9178
2067,9283
2068,9404
2069,9519
2070,9622
2071,9738
2072,9854
2073,9960
2074,10068
2075,10170
2076,10266
2077,10365
2078,10475
2079,10583
2080,10687
2081,10790
2082,10876
2083,10975
2084,11086
2085,11196
2086,11293
2087,11399
2088,11502
2089,11589
2090,11687
2091,11782
2092,11868
2093,11969
2094,12070
2095,12170
2096,12259
2097,12356
2098,12462
2099,12567
2100,12647
2101,12737
2102,12825
2103,12917
2104,13013
2105,13111
2106,13208
2107,13291
2108,13380
2109,13473
2110,13562
2111,13663
2112,13740
2113,13821
2114,13901
2115,13993
2116,14070
2117,14144
2118,14228
2119,14309
2120,14407
2121,14490
2122,14571
2123,14658
2124,14732
2125,14798
2126,14876
2127,14945
2128,15015
2129,15096
2130,15174
2131,15251
2132,15321
2133,15395
2134,15463
2135,15535
2136,15618
2137,15693
2138,15751
2139,15823
2140,15897
2141,15954
2142,16022
2143,16075
2144,16139
2145,16215
2146,16280
2147,16341
2148,16399
2149,16464
2150,16532
2151,16599
2152,16647
2153,16696
2154,16755
2155,16807
2156,16857
2157,16905
2158,16963
2159,17019
2160,17089
2161,17135
2162,17173
2163,17225
2164,17264
2165,17310
2166,17357
2167,17398
2168,17441
2169,17490
2170,17543
2171,17603
2172,17636
2173,17686
2174,17736
2175,17760
2176,17799
2177,17835
2178,17873
2179,17906
2180,17942
2181,17986
2182,18009
2183,18047
2184,18103
2185,18139
2186,18151
2187,18191
2188,18215
2189,18224
2190,18244
2191,18271
2192,18307
2193,18334
2194,18367
2195,18397
2196,18421
2197,18434
2198,18449
2199,18461
2200,18476
2201,18509
2202,18533
2203,18543
2204,18554
2205,18580
2206,18593
2207,18599
2208,18615
2209,18612
2210,18615
2211,18633
2212,18644
2213,18664
2214,18662
2215,18674
2216,18680
2217,18674
2218,18673
2219,18681
2220,18678
2221,18695
2222,18703
2223,18689
2224,18689
2225,18701
2226,18688
2227,18680
2228,18664
2229,18652
2230,18657
2231,18649
2232,18640
2233,18631
2234,18620
2235,18617
2236,18605
2237,18586
2238,18583
2239,18565
2240,18539
2241,18518
2242,18503
2243,18483
2244,18469
2245,18452
2246,18431
2247,18415
2248,18384
2249,18363
2250,18335
2251,18302
2252,18276
2253,18254
2254,18247
2255,18219
2256,18184
2257,18137
2258,18095
2259,18065
2260,18042
2261,18007
2262,17981
2263,17942
2264,17906
2265,17867
2266,17840
2267,17800
2268,17744
2269,17684
2270,17651
2271,17631
2272,17594
2273,17550
2274,17506
2275,17467
2276,17409
2277,17354
2278,17300
2279,17257
2280,17215
2281,17178
2282,17120
2283,17053
2284,16994
2285,16942
2286,16896
2287,16834
2288,16780
2289,16729
2290,16678
2291,16622
2292,16557
2293,16495
2294,16434
2295,16380
2296,16312
2297,16260
2298,16197
2299,16125
2300,16060
2301,15995
2302,15930
2303,15871
2304,15800
2305,15730
2306,15667
2307,15606
2308,15519
2309,15447
2310,15374
2311,15302
2312,15229
2313,15156
2314,15080
2315,14992
2316,14922
2317,14851
2318,14773
2319,14689
2320,14607
2321,14540
2322,14465
2323,14380
2324,14291
2325,14207
2326,14122
2327,14035
2328,13964
2329,13878
2330,13795
2331,13699
2332,13615
2333,13531
2334,13433
2335,13339
2336,13256
2337,13167
2338,13080
2339,12998
2340,12910
2341,12810
2342,12706
2343,12618
2344,12541
2345,12442
2346,12337
2347,12244
2348,12151
2349,12054
2350,11941
2351,11844
2352,11750
2353,11658
2354,11547
2355,11471
2356,11368
2357,11263
2358,11168
2359,11071
2360,10966
2361,10854
2362,10747
2363,10650
2364,10533
2365,10425
2366,10341
2367,10250
2368,10138
2369,10027
2370,9915
2371,9799
2372,9685
2373,9573
2374,9474
2375,9386
2376,9278
2377,9156
2378,9042
2379,8931
2380,8830
2381,8710
2382,8597
2383,8495
2384,8369
2385,8253
2386,8152
2387,8048
2388,7931
2389,7811
2390,7692
2391,7583
2392,7474
2393,7352
2394,7244
2395,7128
2396,7009
2397,6889
2398,6776
2399,6654
2400,6545
2401,6427
2402,6299
2403,6181
2404,6067
2405,5953
2406,5843
2407,5718
2408,5597
2409,5475
2410,5357
2411,5231
2412,5104
2413,4991
2414,4880
2415,4762
2416,4635
2417,4520
2418,4402
2419,4274
2420,4136
2421,4014
2422,3887
2423,3776
2424,3669
2425,3542
2426,3416
2427,3293
2428,3170
2429,3049
2430,2928
2431,2793
2432,2670
2433,2555
2434,2428
2435,2299
2436,2176
2437,2054
2438,1941
2439,1822
2440,1681
2441,1556
2442,1435
2443,1315
2444,1192
2445,1052
2446,927
2447,807
2448,683
2449,567
2450,442
2451,302
2452,163
2453,41
2454,-63
2455,-181
2456,-301
2457,-442
2458,-573
2459,-688
2460,-810
2461,-935
2462,-1060
2463,-1191
2464,-1311
2465,-1432
2466,-1568
2467,-1688
2468,-1807
2469,-1938
2470,-2056
2471,-2177
2472,-2312
2473,-2435
2474,-2560
2475,-2684
2476,-2803
2477,-2931
2478,-3057
2479,-3169
2480,-3297
2481,-3432
2482,-3543
2483,-3662
2484,-3788
2485,-3911
2486,-4035
2487,-4166
2488,-4283
2489,-4400
2490,-4518
2491,-4648
2492,-4764
2493,-4877
2494,-4998
2495,-5116
2496,-5232
2497,-5352
2498,-5481
2499,-5595
2500,-5716
2501,-5845
2502,-5965
2503,-6081
2504,-6195
2505,-6310
2506,-6429
2507,-6553
2508,-6671
2509,-6781
2510,-6894
2511,-7015
2512,-7132
2513,-7243
2514,-7347
2515,-7464
2516,-7582
2517,-7703
2518,-7822
2519,-7944
2520,-8048
2521,-8163
2522,-8295
2523,-8388
2524,-8523
2525,-8658
2526,-8745
2527,-8812
2528,-8903
2529,-9046
2530,-9203
2531,-9284
2532,-9351
2533,-9487
2534,-9615
2535,-9705
2536,-9805
2537,-9911
2538,-10024
2539,-10135
2540,-10247
2541,-10361
2542,-10455
2543,-10555
2544,-10674
2545,-10763
2546,-10864
2547,-10970
2548,-11059
2549,-11155
2550,-11264
2551,-11367
2552,-11465
2553,-11558
2554,-11680
2555,-11784
2556,-11874
2557,-11968
2558,-12071
2559,-12171
2560,-12258
2561,-12345
2562,-12439
2563,-12550
2564,-12651
2565,-12735
2566,-12809
2567,-12901
2568,-12991
2569,-13080
2570,-13185
2571,-13277
2572,-13371
2573,-13458
2574,-13531
2575,-13612
2576,-13707
2577,-13797
2578,-13879
2579,-13968
2580,-14054
2581,-14135
2582,-14220
2583,-14306
2584,-14390
2585,-14456
2586,-14528
2587,-14597
2588,-14681
2589,-14785
2590,-14855
2591,-14930
2592,-15011
2593,-15076
2594,-15156
2595,-15226
2596,-15303
2597,-15381
2598,-15458
2599,-15534
2600,-15600
2601,-15663
2602,-15732
2603,-15804
2604,-15879
2605,-15936
2606,-16010
2607,-16088
2608,-16142
2609,-16200
2610,-16258
2611,-16323
2612,-16392
2613,-16449
2614,-16500
2615,-16564
2616,-16633
2617,-16692
2618,-16735
2619,-16792
2620,-16855
2621,-16908
2622,-16961
2623,-17007
2624,-17055
2625,-17111
2626,-17173
2627,-17233
2628,-17285
2629,-17316
2630,-17374
2631,-17413
2632,-17458
2633,-17511
2634,-17555
2635,-17609
2636,-17650
2637,-17683
2638,-17717
2639,-17752
2640,-17806
2641,-17848
2642,-17877
2643,-17909
2644,-17945
2645,-17987
2646,-18014
2647,-18042
2648,-18088
2649,-18129
2650,-18155
2651,-18184
2652,-18206
2653,-18233
2654,-18260
2655,-18289
2656,-18312
2657,-18335
2658,-18370
2659,-18394
2660,-18417
2661,-18449
2662,-18464
2663,-18473
2664,-18490
2665,-18525
2666,-18547
2667,-18554
2668,-18562
2669,-18572
2670,-18587
2671,-18610
2672,-18632
2673,-18633
2674,-18633
2675,-18639
2676,-18661
2677,-18668
2678,-18668
2679,-18664
2680,-18681
2681,-18697
2682,-18699
2683,-18686
2684,-18681
2685,-18697
2686,-18700
2687,-18683
2688,-18683
2689,-18688
2690,-18694
2691,-18687
2692,-18675
2693,-18671
2694,-18669
2695,-18657
2696,-18648
2697,-18637
2698,-18616
2699,-18614
2700,-18609
2701,-18588
2702,-18578
2703,-18568
2704,-18557
2705,-18539
2706,-18515
2707,-18500
2708,-18468
2709,-18448
2710,-18438
2711,-18413
2712,-18387
2713,-18368
2714,-18342
2715,-18331
2716,-18308
2717,-18275
2718,-18248
2719,-18219
2720,-18181
2721,-18144
2722,-18099
2723,-18077
2724,-18064
2725,-18029
2726,-17988
2727,-17950
2728,-17919
2729,-17897
2730,-17852
2731,-17810
2732,-17774
2733,-17726
2734,-17686
2735,-17646
2736,-17600
2737,-17555
2738,-17519
2739,-17477
2740,-17429
2741,-17380
2742,-17335
2743,-17296
2744,-17241
2745,-17186
2746,-17134
2747,-17074
2748,-17018
2749,-16973
2750,-16929
2751,-16877
2752,-16827
2753,-16772
2754,-16708
2755,-16662
2756,-16602
2757,-16532
2758,-16464
2759,-16412
2760,-16356
2761,-16290
2762,-16222
2763,-16160
2764,-16098
2765,-16050
2766,-15983
2767,-15894
2768,-15824
2769,-15768
2770,-15635
2771,-15563
2772,-15484
2773,-15428
2774,-15358
2775,-15273
2776,-15201
2777,-15119
2778,-15046
2779,-14974
2780,-14890
2781,-14819
2782,-14745
2783,-14660
2784,-14581
2785,-14506
2786,-14426
2787,-14353
2788,-14263
2789,-14174
2790,-14107
2791,-14024
2792,-13926
2793,-13841
2794,-13762
2795,-13669
2796,-13577
2797,-13494
2798,-13422
2799,-13341
2800,-13235
2801,-13137
2802,-13054
2803,-12984
2804,-12890
2805,-12790
2806,-12693
2807,-12606
2808,-12516
2809,-12413
2810,-12322
2811,-12230
2812,-12129
2813,-12031
2814,-11923
2815,-11829
2816,-11730
2817,-11633
2818,-11540
2819,-11427
2820,-11318
2821,-11232
2822,-11138
2823,-11045
2824,-10940
2825,-10832
2826,-10721
2827,-10616
2828,-10510
2829,-10408
2830,-10303
2831,-10200
2832,-10093
2833,-9977
2834,-9867
2835,-9771
2836,-9671
2837,-9532
2838,-9445
2839,-9320
2840,-9240
2841,-9145
2842,-8987
2843,-8829
2844,-8724
2845,-8681
2846,-8634
2847,-8499
2848,-8327
2849,-8232
2850,-8127
2851,-8013
2852,-7890
2853,-7780
2854,-7671
2855,-7561
2856,-7444
2857,-7328
2858,-7208
2859,-7088
2860,-6969
2861,-6858
2862,-6750
2863,-6638
2864,-6513
2865,-6392
2866,-6273
2867,-6157
2868,-6035
2869,-5902
2870,-5794
2871,-5685
2872,-5570
2873,-5439
2874,-5313
2875,-5203
2876,-5072
2877,-4955
2878,-4841
2879,-4716
2880,-4591
2881,-4480
2882,-4363
2883,-4239
2884,-4116
2885,-3989
2886,-3861
2887,-3739
2888,-3626
2889,-3511
2890,-3381
2891,-3253
2892,-3126
2893,-3017
2894,-2887
2895,-2753
2896,-2632
2897,-2505
2898,-2392
2899,-2284
2900,-2153
2901,-2023
2902,-1889
2903,-1768
2904,-1657
2905,-1539
2906,-1410
2907,-1277
2908,-1157
2909,-1019
2910,-904
2911,-788
2912,-666
2913,-539
2914,-414
2915,-290
2916,-164
2917,-37
2918,94
2919,222
2920,330
2921,441
2922,573
2923,709
2924,836
2925,950
2926,1071
2927,1206
2928,1320
2929,1441
2930,1574
2931,1709
2932,1835
2933,1948
2934,2067
2935,2184
2936,2320
2937,2447
2938,2554
2939,2678
2940,2818
2941,2947
2942,3060
2943,3176
2944,3299
2945,3427
2946,3552
2947,3670
2948,3798
2949,3922
2950,4033
2951,4147
2952,4278
2953,4411
2954,4528
2955,4654
2956,4776
2957,4884
2958,4999
2959,5122
2960,5238
2961,5365
2962,5501
2963,5612
2964,5708
2965,5823
2966,5953
2967,6080
2968,6201
2969,6319
2970,6438
2971,6546
2972,6658
2973,6773
2974,6896
2975,7018
2976,7131
2977,7238
2978,7344
2979,7456
2980,7565
2981,7683
2982,7809
2983,7938
2984,8045
2985,8143
2986,8252
2987,8383
2988,8500
2989,8601
2990,8706
2991,8843
2992,8955
2993,9049
2994,9160
2995,9264
2996,9356
2997,9472
2998,9579
2999,9690
3000,9793
3001,9912
