0,0.008
1,0.008
2,0.008
3,0.008
4,0.008
5,0.008
6,0.008
7,0.008
8,0.008
9,0.008
10,0.008
11,0.008
12,0.009
13,0.009
14,0.009
15,0.009
16,0.009
17,0.009
18,0.009
19,0.009
20,0.009
21,0.009
22,0.009
23,0.009
24,0.009
25,0.009
26,0.009
27,0.009
28,0.009
29,0.009
30,0.009
31,0.009
32,0.009
33,0.009
34,0.009
35,0.009
36,0.009
37,0.009
38,0.009
39,0.009
40,0.009
41,0.009
42,0.009
43,0.009
44,0.009
45,0.009
46,0.009
47,0.009
48,0.009
49,0.009
50,0.009
51,0.008
52,0.008
53,0.008
54,0.008
55,0.008
56,0.008
57,0.008
58,0.007
59,0.007
60,0.007
61,0.007
62,0.006
63,0.006
64,0.006
65,0.006
66,0.005
67,0.005
68,0.005
69,0.005
70,0.004
71,0.004
72,0.004
73,0.004
74,0.003
75,0.003
76,0.003
77,0.003
78,0.002
79,0.002
80,0.002
81,0.001
82,0.001
83,0.001
84,0.001
85,0
86,0
87,0
88,-0.001
89,-0.001
90,-0.001
91,-0.002
92,-0.002
93,-0.003
94,-0.003
95,-0.004
96,-0.004
97,-0.005
98,-0.005
99,-0.006
100,-0.006
101,-0.007
102,-0.007
103,-0.008
104,-0.008
105,-0.008
106,-0.009
107,-0.009
108,-0.01
109,-0.01
110,-0.011
111,-0.011
112,-0.012
113,-0.012
114,-0.013
115,-0.013
116,-0.014
117,-0.014
118,-0.015
119,-0.015
120,-0.016
121,-0.016
122,-0.017
123,-0.018
124,-0.018
125,-0.019
126,-0.019
127,-0.02
128,-0.02
129,-0.021
130,-0.021
131,-0.022
132,-0.023
133,-0.023
134,-0.024
135,-0.024
136,-0.025
137,-0.026
138,-0.026
139,-0.027
140,-0.027
141,-0.028
142,-0.029
143,-0.029
144,-0.03
145,-0.031
146,-0.031
147,-0.032
148,-0.033
149,-0.033
150,-0.034
151,-0.034
152,-0.035
153,-0.035
154,-0.036
155,-0.036
156,-0.036
157,-0.036
158,-0.036
159,-0.036
160,-0.036
161,-0.036
162,-0.035
163,-0.034
164,-0.033
165,-0.032
166,-0.03
167,-0.028
168,-0.025
169,-0.023
170,-0.021
171,-0.018
172,-0.014
173,-0.011
174,-0.008
175,-0.004
176,-0.001
177,0.002
178,0.004
179,0.005
180,0.007
181,0.009
182,0.012
183,0.013
184,0.015
185,0.017
186,0.02
187,0.022
188,0.024
189,0.025
190,0.026
191,0.025
192,0.024
193,0.022
194,0.022
195,0.02
196,0.016
197,0.01
198,0.004
199,-0.001
200,-0.005
201,-0.01
202,-0.014
203,-0.017
204,-0.019
205,-0.022
206,-0.024
207,-0.024
208,-0.023
209,-0.024
210,-0.026
211,-0.024
212,-0.019
213,-0.015
214,-0.013
215,-0.01
216,-0.006
217,-0.003
218,0
219,0.003
220,0.005
221,0.006
222,0.006
223,0.006
224,0.008
225,0.009
226,0.009
227,0.011
228,0.014
229,0.016
230,0.016
231,0.015
232,0.015
233,0.014
234,0.01
235,0.006
236,0.004
237,0.002
238,0
239,-0.002
240,-0.005
241,-0.008
242,-0.012
243,-0.016
244,-0.018
245,-0.018
246,-0.019
247,-0.024
248,-0.03
249,-0.034
250,-0.037
251,-0.039
252,-0.039
253,-0.042
254,-0.045
255,-0.049
256,-0.051
257,-0.051
258,-0.05
259,-0.049
260,-0.047
261,-0.044
262,-0.041
263,-0.041
264,-0.043
265,-0.042
266,-0.04
267,-0.038
268,-0.039
269,-0.038
270,-0.035
271,-0.029
272,-0.025
273,-0.021
274,-0.015
275,-0.01
276,-0.011
277,-0.014
278,-0.016
279,-0.014
280,-0.008
281,-0.001
282,0.003
283,0.007
284,0.013
285,0.018
286,0.024
287,0.032
288,0.038
289,0.042
290,0.044
291,0.045
292,0.048
293,0.053
294,0.059
295,0.064
296,0.067
297,0.072
298,0.076
299,0.08
300,0.082
301,0.08
302,0.077
303,0.075
304,0.073
305,0.071
306,0.068
307,0.065
308,0.062
309,0.059
310,0.057
311,0.055
312,0.054
313,0.053
314,0.052
315,0.052
316,0.05
317,0.048
318,0.047
319,0.044
320,0.038
321,0.028
322,0.019
323,0.017
324,0.018
325,0.017
326,0.011
327,0.003
328,-0.002
329,-0.003
330,-0.004
331,-0.003
332,-0.002
333,0
334,0.002
335,0.002
336,0.001
337,0.003
338,0.007
339,0.011
340,0.014
341,0.017
342,0.019
343,0.018
344,0.015
345,0.01
346,0.004
347,-0.002
348,-0.007
349,-0.011
350,-0.014
351,-0.017
352,-0.02
353,-0.023
354,-0.028
355,-0.035
356,-0.042
357,-0.05
358,-0.055
359,-0.056
360,-0.055
361,-0.052
362,-0.048
363,-0.043
364,-0.037
365,-0.032
366,-0.028
367,-0.023
368,-0.019
369,-0.019
370,-0.022
371,-0.024
372,-0.021
373,-0.019
374,-0.021
375,-0.02
376,-0.017
377,-0.013
378,-0.013
379,-0.013
380,-0.007
381,0
382,0.001
383,-0.002
384,-0.001
385,0.009
386,0.023
387,0.033
388,0.038
389,0.038
390,0.038
391,0.038
392,0.036
393,0.029
394,0.019
395,0.009
396,0.005
397,0.006
398,0.008
399,0.011
400,0.015
401,0.02
402,0.02
403,0.011
404,-0.002
405,-0.011
406,-0.018
407,-0.029
408,-0.042
409,-0.048
410,-0.045
411,-0.037
412,-0.033
413,-0.035
414,-0.039
415,-0.04
416,-0.04
417,-0.044
418,-0.051
419,-0.059
420,-0.066
421,-0.073
422,-0.078
423,-0.078
424,-0.073
425,-0.07
426,-0.071
427,-0.072
428,-0.067
429,-0.061
430,-0.061
431,-0.065
432,-0.067
433,-0.069
434,-0.074
435,-0.08
436,-0.082
437,-0.081
438,-0.077
439,-0.074
440,-0.072
441,-0.069
442,-0.063
443,-0.054
444,-0.042
445,-0.027
446,-0.014
447,-0.005
448,0.003
449,0.014
450,0.026
451,0.033
452,0.031
453,0.026
454,0.022
455,0.025
456,0.034
457,0.042
458,0.044
459,0.044
460,0.047
461,0.056
462,0.062
463,0.058
464,0.046
465,0.034
466,0.027
467,0.02
468,0.006
469,-0.007
470,-0.01
471,-0.003
472,0.004
473,0.005
474,0.004
475,0.007
476,0.015
477,0.023
478,0.031
479,0.039
480,0.049
481,0.057
482,0.06
483,0.055
484,0.052
485,0.053
486,0.052
487,0.049
488,0.044
489,0.038
490,0.033
491,0.029
492,0.025
493,0.021
494,0.017
495,0.012
496,0.008
497,0.009
498,0.02
499,0.036
500,0.046
501,0.05
502,0.056
503,0.073
504,0.092
505,0.103
506,0.102
507,0.101
508,0.113
509,0.132
510,0.142
511,0.14
512,0.132
513,0.127
514,0.124
515,0.121
516,0.117
517,0.116
518,0.121
519,0.131
520,0.146
521,0.163
522,0.174
523,0.181
524,0.188
525,0.193
526,0.192
527,0.185
528,0.18
529,0.181
530,0.184
531,0.186
532,0.182
533,0.173
534,0.163
535,0.156
536,0.151
537,0.152
538,0.161
539,0.173
540,0.181
541,0.185
542,0.193
543,0.202
544,0.206
545,0.198
546,0.18
547,0.164
548,0.156
549,0.148
550,0.132
551,0.111
552,0.093
553,0.081
554,0.07
555,0.059
556,0.047
557,0.034
558,0.016
559,-0.001
560,-0.015
561,-0.023
562,-0.025
563,-0.025
564,-0.028
565,-0.028
566,-0.02
567,-0.005
568,0.009
569,0.018
570,0.028
571,0.041
572,0.05
573,0.05
574,0.049
575,0.055
576,0.063
577,0.069
578,0.069
579,0.066
580,0.061
581,0.055
582,0.047
583,0.036
584,0.021
585,0.004
586,-0.013
587,-0.023
588,-0.03
589,-0.043
590,-0.06
591,-0.074
592,-0.081
593,-0.083
594,-0.088
595,-0.101
596,-0.116
597,-0.119
598,-0.111
599,-0.1
600,-0.095
601,-0.096
602,-0.093
603,-0.081
604,-0.071
605,-0.065
606,-0.062
607,-0.061
608,-0.059
609,-0.055
610,-0.049
611,-0.041
612,-0.037
613,-0.04
614,-0.042
615,-0.039
616,-0.031
617,-0.023
618,-0.024
619,-0.027
620,-0.026
621,-0.022
622,-0.019
623,-0.019
624,-0.023
625,-0.029
626,-0.034
627,-0.039
628,-0.041
629,-0.042
630,-0.047
631,-0.054
632,-0.058
633,-0.059
634,-0.06
635,-0.059
636,-0.057
637,-0.053
638,-0.053
639,-0.062
640,-0.074
641,-0.079
642,-0.075
643,-0.07
644,-0.068
645,-0.07
646,-0.064
647,-0.051
648,-0.034
649,-0.022
650,-0.016
651,-0.013
652,-0.016
653,-0.021
654,-0.021
655,-0.02
656,-0.022
657,-0.026
658,-0.028
659,-0.031
660,-0.038
661,-0.048
662,-0.057
663,-0.058
664,-0.052
665,-0.05
666,-0.054
667,-0.063
668,-0.071
669,-0.074
670,-0.078
671,-0.087
672,-0.103
673,-0.12
674,-0.134
675,-0.148
676,-0.164
677,-0.182
678,-0.198
679,-0.207
680,-0.211
681,-0.211
682,-0.209
683,-0.207
684,-0.208
685,-0.209
686,-0.208
687,-0.207
688,-0.206
689,-0.204
690,-0.198
691,-0.188
692,-0.178
693,-0.169
694,-0.16
695,-0.147
696,-0.133
697,-0.123
698,-0.114
699,-0.103
700,-0.093
701,-0.086
702,-0.083
703,-0.08
704,-0.076
705,-0.072
706,-0.067
707,-0.063
708,-0.061
709,-0.066
710,-0.074
711,-0.082
712,-0.084
713,-0.081
714,-0.078
715,-0.077
716,-0.077
717,-0.075
718,-0.07
719,-0.065
720,-0.064
721,-0.065
722,-0.066
723,-0.063
724,-0.063
725,-0.071
726,-0.084
727,-0.095
728,-0.098
729,-0.095
730,-0.094
731,-0.097
732,-0.099
733,-0.095
734,-0.085
735,-0.074
736,-0.06
737,-0.043
738,-0.028
739,-0.013
740,0.004
741,0.016
742,0.02
743,0.019
744,0.018
745,0.018
746,0.018
747,0.019
748,0.022
749,0.03
750,0.041
751,0.051
752,0.056
753,0.057
754,0.058
755,0.054
756,0.049
757,0.047
758,0.048
759,0.046
760,0.041
761,0.039
762,0.048
763,0.068
764,0.089
765,0.102
766,0.109
767,0.116
768,0.122
769,0.122
770,0.115
771,0.108
772,0.103
773,0.097
774,0.084
775,0.063
776,0.042
777,0.026
778,0.014
779,0.001
780,-0.015
781,-0.036
782,-0.059
783,-0.079
784,-0.092
785,-0.099
786,-0.108
787,-0.119
788,-0.132
789,-0.147
790,-0.161
791,-0.172
792,-0.183
793,-0.195
794,-0.207
795,-0.214
796,-0.211
797,-0.203
798,-0.194
799,-0.184
800,-0.167
801,-0.145
802,-0.122
803,-0.108
804,-0.104
805,-0.105
806,-0.109
807,-0.115
808,-0.124
809,-0.135
810,-0.144
811,-0.148
812,-0.147
813,-0.141
814,-0.133
815,-0.128
816,-0.125
817,-0.117
818,-0.106
819,-0.094
820,-0.083
821,-0.072
822,-0.061
823,-0.05
824,-0.039
825,-0.031
826,-0.027
827,-0.028
828,-0.026
829,-0.016
830,-0.005
831,0.001
832,-0.001
833,-0.008
834,-0.008
835,-0.007
836,-0.01
837,-0.023
838,-0.036
839,-0.043
840,-0.045
841,-0.047
842,-0.056
843,-0.069
844,-0.082
845,-0.094
846,-0.107
847,-0.125
848,-0.141
849,-0.152
850,-0.154
851,-0.15
852,-0.148
853,-0.148
854,-0.144
855,-0.138
856,-0.134
857,-0.131
858,-0.124
859,-0.115
860,-0.109
861,-0.106
862,-0.099
863,-0.083
864,-0.062
865,-0.047
866,-0.043
867,-0.041
868,-0.031
869,-0.017
870,-0.004
871,0.004
872,0.011
873,0.012
874,0.007
875,-0.001
876,-0.004
877,-0.003
878,-0.003
879,-0.005
880,-0.001
881,0.005
882,0.01
883,0.015
884,0.019
885,0.024
886,0.035
887,0.045
888,0.053
889,0.057
890,0.058
891,0.056
892,0.059
893,0.07
894,0.084
895,0.092
896,0.096
897,0.104
898,0.114
899,0.122
900,0.125
901,0.124
902,0.125
903,0.127
904,0.13
905,0.133
906,0.133
907,0.128
908,0.117
909,0.103
910,0.088
911,0.077
912,0.074
913,0.075
914,0.079
915,0.086
916,0.092
917,0.096
918,0.096
919,0.098
920,0.107
921,0.122
922,0.139
923,0.157
924,0.174
925,0.185
926,0.192
927,0.197
928,0.203
929,0.212
930,0.218
931,0.22
932,0.219
933,0.22
934,0.224
935,0.224
936,0.217
937,0.209
938,0.203
939,0.194
940,0.176
941,0.152
942,0.14
943,0.143
944,0.152
945,0.156
946,0.156
947,0.165
948,0.181
949,0.194
950,0.2
951,0.205
952,0.211
953,0.214
954,0.213
955,0.213
956,0.218
957,0.224
958,0.224
959,0.219
960,0.216
961,0.221
962,0.229
963,0.229
964,0.222
965,0.214
966,0.211
967,0.214
968,0.222
969,0.234
970,0.243
971,0.245
972,0.244
973,0.244
974,0.245
975,0.244
976,0.238
977,0.23
978,0.227
979,0.228
980,0.236
981,0.246
982,0.257
983,0.268
984,0.279
985,0.288
986,0.291
987,0.284
988,0.271
989,0.259
990,0.25
991,0.236
992,0.216
993,0.196
994,0.184
995,0.181
996,0.183
997,0.186
998,0.188
999,0.195
1000,0.205
1001,0.212
1002,0.212
1003,0.21
1004,0.208
1005,0.203
1006,0.194
1007,0.181
1008,0.168
1009,0.159
1010,0.15
1011,0.139
1012,0.129
1013,0.124
1014,0.126
1015,0.135
1016,0.137
1017,0.129
1018,0.115
1019,0.104
1020,0.096
1021,0.086
1022,0.072
1023,0.06
1024,0.053
1025,0.053
1026,0.059
1027,0.064
1028,0.064
1029,0.06
1030,0.059
1031,0.06
1032,0.059
1033,0.055
1034,0.054
1035,0.055
1036,0.056
1037,0.057
1038,0.061
1039,0.066
1040,0.069
1041,0.07
1042,0.071
1043,0.071
1044,0.067
1045,0.063
1046,0.066
1047,0.081
1048,0.102
1049,0.115
1050,0.117
1051,0.12
1052,0.132
1053,0.144
1054,0.146
1055,0.131
1056,0.106
1057,0.08
1058,0.058
1059,0.041
1060,0.024
1061,0.004
1062,-0.014
1063,-0.025
1064,-0.03
1065,-0.03
1066,-0.031
1067,-0.036
1068,-0.045
1069,-0.055
1070,-0.061
1071,-0.064
1072,-0.066
1073,-0.075
1074,-0.089
1075,-0.103
1076,-0.109
1077,-0.108
1078,-0.107
1079,-0.107
1080,-0.105
1081,-0.098
1082,-0.092
1083,-0.092
1084,-0.098
1085,-0.107
1086,-0.113
1087,-0.115
1088,-0.113
1089,-0.109
1090,-0.106
1091,-0.105
1092,-0.1
1093,-0.084
1094,-0.064
1095,-0.051
1096,-0.048
1097,-0.049
1098,-0.049
1099,-0.047
1100,-0.048
1101,-0.052
1102,-0.055
1103,-0.051
1104,-0.037
1105,-0.018
1106,-0.001
1107,0.013
1108,0.025
1109,0.032
1110,0.034
1111,0.031
1112,0.028
1113,0.026
1114,0.023
1115,0.019
1116,0.016
1117,0.014
1118,0.014
1119,0.019
1120,0.025
1121,0.029
1122,0.029
1123,0.025
1124,0.021
1125,0.019
1126,0.016
1127,0.007
1128,-0.007
1129,-0.023
1130,-0.039
1131,-0.055
1132,-0.067
1133,-0.066
1134,-0.057
1135,-0.049
1136,-0.049
1137,-0.051
1138,-0.049
1139,-0.044
1140,-0.041
1141,-0.048
1142,-0.064
1143,-0.078
1144,-0.086
1145,-0.096
1146,-0.11
1147,-0.124
1148,-0.133
1149,-0.137
1150,-0.139
1151,-0.147
1152,-0.162
1153,-0.18
1154,-0.194
1155,-0.198
1156,-0.192
1157,-0.184
1158,-0.179
1159,-0.173
1160,-0.161
1161,-0.145
1162,-0.133
1163,-0.127
1164,-0.124
1165,-0.118
1166,-0.111
1167,-0.103
1168,-0.093
1169,-0.084
1170,-0.079
1171,-0.079
1172,-0.079
1173,-0.078
1174,-0.074
1175,-0.07
1176,-0.072
1177,-0.079
1178,-0.095
1179,-0.118
1180,-0.148
1181,-0.179
1182,-0.207
1183,-0.226
1184,-0.24
1185,-0.251
1186,-0.261
1187,-0.27
1188,-0.275
1189,-0.274
1190,-0.269
1191,-0.266
1192,-0.267
1193,-0.269
1194,-0.263
1195,-0.247
1196,-0.228
1197,-0.213
1198,-0.199
1199,-0.183
1200,-0.155
1201,-0.12
1202,-0.088
1203,-0.063
1204,-0.044
1205,-0.028
1206,-0.012
1207,0.001
1208,0.007
1209,0.006
1210,0
1211,-0.006
1212,-0.015
1213,-0.029
1214,-0.048
1215,-0.072
1216,-0.095
1217,-0.114
1218,-0.13
1219,-0.148
1220,-0.166
1221,-0.18
1222,-0.187
1223,-0.193
1224,-0.198
1225,-0.205
1226,-0.219
1227,-0.239
1228,-0.255
1229,-0.266
1230,-0.275
1231,-0.283
1232,-0.29
1233,-0.292
1234,-0.284
1235,-0.27
1236,-0.257
1237,-0.249
1238,-0.244
1239,-0.239
1240,-0.231
1241,-0.217
1242,-0.2
1243,-0.186
1244,-0.174
1245,-0.163
1246,-0.152
1247,-0.14
1248,-0.128
1249,-0.116
1250,-0.107
1251,-0.099
1252,-0.089
1253,-0.077
1254,-0.068
1255,-0.066
1256,-0.068
1257,-0.071
1258,-0.076
1259,-0.075
1260,-0.072
1261,-0.069
1262,-0.063
1263,-0.053
1264,-0.041
1265,-0.031
1266,-0.027
1267,-0.026
1268,-0.021
1269,-0.006
1270,0.015
1271,0.035
1272,0.051
1273,0.068
1274,0.087
1275,0.105
1276,0.118
1277,0.13
1278,0.144
1279,0.161
1280,0.177
1281,0.185
1282,0.185
1283,0.176
1284,0.165
1285,0.154
1286,0.145
1287,0.141
1288,0.141
1289,0.147
1290,0.154
1291,0.159
1292,0.16
1293,0.158
1294,0.155
1295,0.151
1296,0.147
1297,0.144
1298,0.143
1299,0.147
1300,0.148
1301,0.144
1302,0.132
1303,0.111
1304,0.08
1305,0.043
1306,0.006
1307,-0.026
1308,-0.052
1309,-0.071
1310,-0.088
1311,-0.11
1312,-0.135
1313,-0.156
1314,-0.172
1315,-0.192
1316,-0.219
1317,-0.244
1318,-0.262
1319,-0.269
1320,-0.267
1321,-0.267
1322,-0.27
1323,-0.272
1324,-0.27
1325,-0.27
1326,-0.277
1327,-0.289
1328,-0.303
1329,-0.312
1330,-0.312
1331,-0.308
1332,-0.302
1333,-0.299
1334,-0.301
1335,-0.302
1336,-0.301
1337,-0.303
1338,-0.305
1339,-0.297
1340,-0.283
1341,-0.267
1342,-0.248
1343,-0.228
1344,-0.212
1345,-0.202
1346,-0.195
1347,-0.185
1348,-0.172
1349,-0.16
1350,-0.148
1351,-0.142
1352,-0.142
1353,-0.143
1354,-0.132
1355,-0.108
1356,-0.085
1357,-0.069
1358,-0.061
1359,-0.055
1360,-0.049
1361,-0.047
1362,-0.051
1363,-0.053
1364,-0.047
1365,-0.036
1366,-0.025
1367,-0.014
1368,-0.005
1369,0.006
1370,0.02
1371,0.027
1372,0.02
1373,0.006
1374,-0.015
1375,-0.041
1376,-0.068
1377,-0.086
1378,-0.093
1379,-0.094
1380,-0.094
1381,-0.09
1382,-0.084
1383,-0.081
1384,-0.085
1385,-0.083
1386,-0.077
1387,-0.07
1388,-0.057
1389,-0.034
1390,-0.006
1391,0.02
1392,0.038
1393,0.05
1394,0.066
1395,0.088
1396,0.103
1397,0.108
1398,0.112
1399,0.121
1400,0.137
1401,0.156
1402,0.178
1403,0.2
1404,0.222
1405,0.24
1406,0.252
1407,0.257
1408,0.256
1409,0.248
1410,0.238
1411,0.231
1412,0.228
1413,0.225
1414,0.218
1415,0.208
1416,0.196
1417,0.187
1418,0.178
1419,0.161
1420,0.141
1421,0.126
1422,0.122
1423,0.12
1424,0.113
1425,0.1
1426,0.085
1427,0.076
1428,0.075
1429,0.075
1430,0.072
1431,0.068
1432,0.066
1433,0.071
1434,0.081
1435,0.09
1436,0.098
1437,0.106
1438,0.119
1439,0.132
1440,0.145
1441,0.155
1442,0.164
1443,0.171
1444,0.175
1445,0.176
1446,0.174
1447,0.173
1448,0.173
1449,0.177
1450,0.179
1451,0.174
1452,0.165
1453,0.154
1454,0.141
1455,0.127
1456,0.113
1457,0.102
1458,0.097
1459,0.098
1460,0.104
1461,0.109
1462,0.111
1463,0.103
1464,0.087
1465,0.066
1466,0.047
1467,0.037
1468,0.032
1469,0.03
1470,0.03
1471,0.031
1472,0.03
1473,0.024
1474,0.017
1475,0.011
1476,0.012
1477,0.024
1478,0.041
1479,0.06
1480,0.081
1481,0.101
1482,0.111
1483,0.109
1484,0.102
1485,0.098
1486,0.098
1487,0.097
1488,0.095
1489,0.096
1490,0.107
1491,0.126
1492,0.146
1493,0.162
1494,0.176
1495,0.187
1496,0.192
1497,0.191
1498,0.188
1499,0.187
1500,0.186
1501,0.179
1502,0.17
1503,0.161
1504,0.149
1505,0.138
1506,0.123
1507,0.102
1508,0.081
1509,0.067
1510,0.059
1511,0.056
1512,0.054
1513,0.053
1514,0.055
1515,0.061
1516,0.068
1517,0.071
1518,0.07
1519,0.068
1520,0.072
1521,0.081
1522,0.088
1523,0.091
1524,0.091
1525,0.09
1526,0.093
1527,0.101
1528,0.11
1529,0.114
1530,0.117
1531,0.122
1532,0.13
1533,0.14
1534,0.15
1535,0.157
1536,0.162
1537,0.164
1538,0.165
1539,0.165
1540,0.166
1541,0.168
1542,0.17
1543,0.171
1544,0.172
1545,0.174
1546,0.171
1547,0.169
1548,0.169
1549,0.167
1550,0.159
1551,0.147
1552,0.134
1553,0.127
1554,0.123
1555,0.117
1556,0.104
1557,0.086
1558,0.069
1559,0.059
1560,0.052
1561,0.041
1562,0.026
1563,0.012
1564,0.007
1565,0.009
1566,0.012
1567,0.013
1568,0.012
1569,0.009
1570,0.004
1571,0
1572,-0.002
1573,-0.005
1574,-0.008
1575,-0.007
1576,-0.003
1577,0.001
1578,0.001
1579,0.004
1580,0.012
1581,0.021
1582,0.029
1583,0.034
1584,0.038
1585,0.042
1586,0.044
1587,0.044
1588,0.043
1589,0.041
1590,0.038
1591,0.033
1592,0.026
1593,0.016
1594,0.004
1595,-0.01
1596,-0.028
1597,-0.048
1598,-0.069
1599,-0.09
1600,-0.105
1601,-0.115
1602,-0.12
1603,-0.12
1604,-0.118
1605,-0.114
1606,-0.109
1607,-0.105
1608,-0.099
1609,-0.093
1610,-0.088
1611,-0.086
1612,-0.082
1613,-0.069
1614,-0.049
1615,-0.029
1616,-0.018
1617,-0.021
1618,-0.026
1619,-0.024
1620,-0.015
1621,-0.006
1622,0
1623,0.004
1624,0.007
1625,0.009
1626,0.011
1627,0.015
1628,0.018
1629,0.016
1630,0.01
1631,0.003
1632,-0.002
1633,-0.003
1634,-0.003
1635,-0.002
1636,0.002
1637,0.008
1638,0.021
1639,0.037
1640,0.053
1641,0.064
1642,0.07
1643,0.074
1644,0.078
1645,0.085
1646,0.091
1647,0.096
1648,0.099
1649,0.098
1650,0.093
1651,0.085
1652,0.077
1653,0.071
1654,0.066
1655,0.058
1656,0.051
1657,0.044
1658,0.034
1659,0.02
1660,0.003
1661,-0.015
1662,-0.037
1663,-0.064
1664,-0.088
1665,-0.103
1666,-0.106
1667,-0.097
1668,-0.078
1669,-0.057
1670,-0.045
1671,-0.042
1672,-0.04
1673,-0.04
1674,-0.048
1675,-0.061
1676,-0.07
1677,-0.071
1678,-0.067
1679,-0.06
1680,-0.052
1681,-0.046
1682,-0.045
1683,-0.045
1684,-0.045
1685,-0.043
1686,-0.035
1687,-0.024
1688,-0.009
1689,0.012
1690,0.032
1691,0.044
1692,0.049
1693,0.052
1694,0.055
1695,0.063
1696,0.077
1697,0.093
1698,0.108
1699,0.119
1700,0.125
1701,0.13
1702,0.134
1703,0.14
1704,0.145
1705,0.148
1706,0.147
1707,0.14
1708,0.129
1709,0.113
1710,0.095
1711,0.08
1712,0.07
1713,0.062
1714,0.054
1715,0.045
1716,0.036
1717,0.031
1718,0.029
1719,0.032
1720,0.042
1721,0.061
1722,0.084
1723,0.107
1724,0.128
1725,0.142
1726,0.146
1727,0.141
1728,0.135
1729,0.135
1730,0.14
1731,0.152
1732,0.168
1733,0.186
1734,0.206
1735,0.221
1736,0.228
1737,0.232
1738,0.233
1739,0.226
1740,0.208
1741,0.187
1742,0.172
1743,0.164
1744,0.157
1745,0.149
1746,0.143
1747,0.136
1748,0.118
1749,0.09
1750,0.063
1751,0.047
1752,0.034
1753,0.023
1754,0.017
1755,0.012
1756,0.006
1757,-0.002
1758,-0.009
1759,-0.013
1760,-0.021
1761,-0.034
1762,-0.042
1763,-0.039
1764,-0.033
1765,-0.03
1766,-0.035
1767,-0.041
1768,-0.045
1769,-0.048
1770,-0.051
1771,-0.047
1772,-0.038
1773,-0.029
1774,-0.025
1775,-0.027
1776,-0.028
1777,-0.019
1778,-0.006
1779,0
1780,-0.001
1781,-0.008
1782,-0.019
1783,-0.03
1784,-0.039
1785,-0.053
1786,-0.07
1787,-0.083
1788,-0.091
1789,-0.102
1790,-0.118
1791,-0.131
1792,-0.139
1793,-0.141
1794,-0.136
1795,-0.128
1796,-0.119
1797,-0.112
1798,-0.108
1799,-0.11
1800,-0.112
1801,-0.109
1802,-0.102
1803,-0.103
1804,-0.116
1805,-0.133
1806,-0.148
1807,-0.16
1808,-0.171
1809,-0.178
1810,-0.183
1811,-0.193
1812,-0.206
1813,-0.216
1814,-0.225
1815,-0.242
1816,-0.266
1817,-0.29
1818,-0.309
1819,-0.327
1820,-0.344
1821,-0.366
1822,-0.391
1823,-0.415
1824,-0.432
1825,-0.445
1826,-0.458
1827,-0.476
1828,-0.497
1829,-0.513
1830,-0.518
1831,-0.515
1832,-0.511
1833,-0.507
1834,-0.501
1835,-0.493
1836,-0.483
1837,-0.471
1838,-0.457
1839,-0.444
1840,-0.428
1841,-0.404
1842,-0.376
1843,-0.353
1844,-0.337
1845,-0.321
1846,-0.3
1847,-0.275
1848,-0.252
1849,-0.234
1850,-0.221
1851,-0.21
1852,-0.201
1853,-0.194
1854,-0.19
1855,-0.184
1856,-0.171
1857,-0.154
1858,-0.139
1859,-0.126
1860,-0.113
1861,-0.104
1862,-0.098
1863,-0.084
1864,-0.062
1865,-0.039
1866,-0.017
1867,0.008
1868,0.037
1869,0.065
1870,0.09
1871,0.114
1872,0.137
1873,0.158
1874,0.175
1875,0.19
1876,0.211
1877,0.239
1878,0.264
1879,0.282
1880,0.299
1881,0.311
1882,0.316
1883,0.318
1884,0.317
1885,0.315
1886,0.311
1887,0.309
1888,0.303
1889,0.291
1890,0.268
1891,0.236
1892,0.206
1893,0.179
1894,0.159
1895,0.148
1896,0.142
1897,0.138
1898,0.129
1899,0.113
1900,0.091
1901,0.068
1902,0.039
1903,0.004
1904,-0.031
1905,-0.062
1906,-0.086
1907,-0.102
1908,-0.122
1909,-0.151
1910,-0.185
1911,-0.213
1912,-0.228
1913,-0.224
1914,-0.21
1915,-0.191
1916,-0.17
1917,-0.149
1918,-0.14
1919,-0.148
1920,-0.163
1921,-0.164
1922,-0.157
1923,-0.158
1924,-0.17
1925,-0.185
1926,-0.195
1927,-0.198
1928,-0.198
1929,-0.201
1930,-0.208
1931,-0.219
1932,-0.235
1933,-0.246
1934,-0.245
1935,-0.241
1936,-0.234
1937,-0.224
1938,-0.214
1939,-0.206
1940,-0.203
1941,-0.202
1942,-0.201
1943,-0.198
1944,-0.191
1945,-0.181
1946,-0.168
1947,-0.147
1948,-0.12
1949,-0.091
1950,-0.061
1951,-0.031
1952,-0.001
1953,0.024
1954,0.047
1955,0.07
1956,0.093
1957,0.116
1958,0.134
1959,0.146
1960,0.151
1961,0.153
1962,0.153
1963,0.154
1964,0.155
1965,0.153
1966,0.147
1967,0.141
1968,0.142
1969,0.148
1970,0.16
1971,0.173
1972,0.186
1973,0.198
1974,0.211
1975,0.225
1976,0.239
1977,0.249
1978,0.254
1979,0.258
1980,0.262
1981,0.265
1982,0.262
1983,0.254
1984,0.242
1985,0.233
1986,0.227
1987,0.22
1988,0.208
1989,0.193
1990,0.177
1991,0.164
1992,0.149
1993,0.128
1994,0.101
1995,0.07
1996,0.038
1997,0.009
1998,-0.011
1999,-0.024
2000,-0.033
2001,-0.039
2002,-0.043
2003,-0.043
2004,-0.043
2005,-0.046
2006,-0.053
2007,-0.06
2008,-0.066
2009,-0.074
2010,-0.083
2011,-0.081
2012,-0.067
2013,-0.04
2014,-0.008
2015,0.022
2016,0.041
2017,0.059
2018,0.073
2019,0.077
2020,0.071
2021,0.06
2022,0.054
2023,0.054
2024,0.057
2025,0.061
2026,0.06
2027,0.056
2028,0.047
2029,0.036
2030,0.034
2031,0.034
2032,0.029
2033,0.015
2034,-0.001
2035,-0.013
2036,-0.02
2037,-0.021
2038,-0.022
2039,-0.029
2040,-0.038
2041,-0.048
2042,-0.058
2043,-0.065
2044,-0.065
2045,-0.061
2046,-0.06
2047,-0.06
2048,-0.059
2049,-0.062
2050,-0.068
2051,-0.075
2052,-0.075
2053,-0.069
2054,-0.067
2055,-0.069
2056,-0.069
2057,-0.068
2058,-0.066
2059,-0.064
2060,-0.063
2061,-0.059
2062,-0.046
2063,-0.031
2064,-0.019
2065,-0.014
2066,-0.011
2067,-0.006
2068,0.001
2069,0.009
2070,0.011
2071,0.009
2072,0.003
2073,-0.006
2074,-0.016
2075,-0.023
2076,-0.028
2077,-0.03
2078,-0.031
2079,-0.032
2080,-0.033
2081,-0.034
2082,-0.035
2083,-0.035
2084,-0.032
2085,-0.025
2086,-0.011
2087,0.007
2088,0.022
2089,0.032
2090,0.038
2091,0.047
2092,0.058
2093,0.068
2094,0.075
2095,0.082
2096,0.093
2097,0.109
2098,0.125
2099,0.141
2100,0.153
2101,0.163
2102,0.175
2103,0.188
2104,0.197
2105,0.203
2106,0.205
2107,0.205
2108,0.204
2109,0.201
2110,0.198
2111,0.196
2112,0.196
2113,0.196
2114,0.196
2115,0.196
2116,0.193
2117,0.188
2118,0.186
2119,0.19
2120,0.2
2121,0.212
2122,0.222
2123,0.229
2124,0.237
2125,0.247
2126,0.258
2127,0.267
2128,0.272
2129,0.276
2130,0.283
2131,0.287
2132,0.286
2133,0.28
2134,0.274
2135,0.268
2136,0.262
2137,0.257
2138,0.25
2139,0.243
2140,0.232
2141,0.221
2142,0.21
2143,0.197
2144,0.182
2145,0.165
2146,0.147
2147,0.131
2148,0.119
2149,0.108
2150,0.093
2151,0.073
2152,0.048
2153,0.027
2154,0.013
2155,0.001
2156,-0.014
2157,-0.033
2158,-0.05
2159,-0.062
2160,-0.074
2161,-0.087
2162,-0.095
2163,-0.098
2164,-0.1
2165,-0.107
2166,-0.117
2167,-0.127
2168,-0.134
2169,-0.137
2170,-0.142
2171,-0.148
2172,-0.153
2173,-0.155
2174,-0.154
2175,-0.151
2176,-0.145
2177,-0.138
2178,-0.129
2179,-0.116
2180,-0.1
2181,-0.083
2182,-0.066
2183,-0.051
2184,-0.036
2185,-0.024
2186,-0.013
2187,-0.004
2188,0.003
2189,0.006
2190,0.008
2191,0.014
2192,0.021
2193,0.024
2194,0.025
2195,0.023
2196,0.019
2197,0.011
2198,0.004
2199,-0.001
2200,-0.006
2201,-0.013
2202,-0.024
2203,-0.036
2204,-0.046
2205,-0.055
2206,-0.06
2207,-0.065
2208,-0.071
2209,-0.075
2210,-0.077
2211,-0.078
2212,-0.078
2213,-0.076
2214,-0.074
2215,-0.07
2216,-0.063
2217,-0.056
2218,-0.047
2219,-0.036
2220,-0.027
2221,-0.023
2222,-0.02
2223,-0.018
2224,-0.017
2225,-0.016
2226,-0.015
2227,-0.011
2228,-0.006
2229,-0.003
2230,-0.001
2231,-0.001
2232,-0.003
2233,-0.005
2234,-0.004
2235,-0.003
2236,-0.006
2237,-0.011
2238,-0.015
2239,-0.018
2240,-0.02
2241,-0.019
2242,-0.015
2243,-0.01
2244,-0.011
2245,-0.011
2246,-0.008
2247,-0.006
2248,-0.006
2249,-0.007
2250,-0.007
2251,-0.007
2252,-0.008
2253,-0.008
2254,-0.006
2255,-0.003
2256,0.001
2257,0.004
2258,0.007
2259,0.012
2260,0.02
2261,0.029
2262,0.038
2263,0.047
2264,0.054
2265,0.061
2266,0.068
2267,0.072
2268,0.073
2269,0.071
2270,0.069
2271,0.069
2272,0.068
2273,0.065
2274,0.058
2275,0.051
2276,0.047
2277,0.044
2278,0.043
2279,0.041
2280,0.035
2281,0.027
2282,0.018
2283,0.01
2284,0.003
2285,-0.002
2286,-0.008
2287,-0.015
2288,-0.022
2289,-0.029
2290,-0.034
2291,-0.038
2292,-0.041
2293,-0.042
2294,-0.041
2295,-0.037
2296,-0.034
2297,-0.032
2298,-0.03
2299,-0.028
2300,-0.027
2301,-0.029
2302,-0.03
2303,-0.031
2304,-0.034
2305,-0.038
2306,-0.044
2307,-0.049
2308,-0.052
2309,-0.055
2310,-0.057
2311,-0.059
2312,-0.062
2313,-0.065
2314,-0.066
2315,-0.066
2316,-0.066
2317,-0.068
2318,-0.07
2319,-0.072
2320,-0.072
2321,-0.072
2322,-0.072
2323,-0.073
2324,-0.073
2325,-0.073
2326,-0.075
2327,-0.077
2328,-0.079
2329,-0.08
2330,-0.082
2331,-0.084
2332,-0.086
2333,-0.087
2334,-0.087
2335,-0.086
2336,-0.088
2337,-0.088
2338,-0.086
2339,-0.082
2340,-0.079
2341,-0.078
2342,-0.077
2343,-0.074
2344,-0.069
2345,-0.066
2346,-0.064
2347,-0.061
2348,-0.057
2349,-0.052
2350,-0.046
2351,-0.04
2352,-0.035
2353,-0.029
2354,-0.024
2355,-0.021
2356,-0.019
2357,-0.018
2358,-0.016
2359,-0.013
2360,-0.01
2361,-0.008
2362,-0.007
2363,-0.005
2364,-0.003
2365,-0.001
2366,-0.002
2367,-0.003
2368,-0.004
2369,-0.004
2370,-0.003
2371,-0.005
2372,-0.006
2373,-0.008
2374,-0.01
2375,-0.014
2376,-0.018
2377,-0.022
2378,-0.026
2379,-0.031
2380,-0.036
2381,-0.04
2382,-0.044
2383,-0.048
2384,-0.052
2385,-0.056
2386,-0.06
2387,-0.063
2388,-0.065
2389,-0.066
2390,-0.067
2391,-0.068
2392,-0.07
2393,-0.069
2394,-0.068
2395,-0.067
2396,-0.067
2397,-0.066
2398,-0.064
2399,-0.06
2400,-0.058
2401,-0.056
2402,-0.054
2403,-0.05
2404,-0.045
2405,-0.041
2406,-0.038
2407,-0.034
2408,-0.031
2409,-0.028
2410,-0.025
2411,-0.023
2412,-0.022
2413,-0.02
2414,-0.018
2415,-0.015
2416,-0.012
2417,-0.01
2418,-0.009
2419,-0.008
2420,-0.005
2421,-0.001
2422,0.001
2423,0.002
2424,0.003
2425,0.004
2426,0.005
2427,0.005
2428,0.006
2429,0.007
2430,0.008
2431,0.007
2432,0.005
2433,0.003
2434,0.003
2435,0.002
2436,0.002
2437,0.001
2438,0
2439,-0.002
2440,-0.005
2441,-0.008
2442,-0.009
2443,-0.01
2444,-0.011
2445,-0.013
2446,-0.014
2447,-0.014
2448,-0.013
2449,-0.013
2450,-0.014
2451,-0.015
2452,-0.018
2453,-0.02
2454,-0.022
2455,-0.023
2456,-0.025
2457,-0.026
2458,-0.026
2459,-0.024
2460,-0.021
2461,-0.02
2462,-0.02
2463,-0.021
2464,-0.02
2465,-0.018
2466,-0.015
2467,-0.012
2468,-0.009
2469,-0.006
2470,-0.001
2471,0.003
2472,0.006
2473,0.011
2474,0.016
2475,0.022
2476,0.026
2477,0.029
2478,0.032
2479,0.036
2480,0.041
2481,0.046
2482,0.052
2483,0.056
2484,0.059
2485,0.062
2486,0.064
2487,0.068
2488,0.073
2489,0.078
2490,0.084
2491,0.09
2492,0.096
2493,0.102
2494,0.106
2495,0.109
2496,0.112
2497,0.115
2498,0.118
2499,0.121
2500,0.124
2501,0.126
2502,0.129
2503,0.133
2504,0.135
2505,0.135
2506,0.134
2507,0.133
2508,0.133
2509,0.131
2510,0.128
2511,0.123
2512,0.118
2513,0.114
2514,0.109
2515,0.105
2516,0.1
2517,0.095
2518,0.089
2519,0.08
2520,0.071
2521,0.062
2522,0.054
2523,0.045
2524,0.035
2525,0.027
2526,0.02
2527,0.013
2528,0.006
2529,-0.001
2530,-0.007
2531,-0.011
2532,-0.014
2533,-0.018
2534,-0.021
2535,-0.024
2536,-0.025
2537,-0.026
2538,-0.027
2539,-0.025
2540,-0.022
2541,-0.02
2542,-0.02
2543,-0.019
2544,-0.018
2545,-0.016
2546,-0.015
2547,-0.014
2548,-0.012
2549,-0.01
2550,-0.009
2551,-0.01
2552,-0.011
2553,-0.011
2554,-0.011
2555,-0.011
2556,-0.011
2557,-0.011
2558,-0.011
2559,-0.013
2560,-0.015
2561,-0.019
2562,-0.023
2563,-0.026
2564,-0.03
2565,-0.035
2566,-0.039
2567,-0.043
2568,-0.045
2569,-0.046
2570,-0.046
2571,-0.048
2572,-0.05
2573,-0.052
2574,-0.052
2575,-0.052
2576,-0.052
2577,-0.053
2578,-0.055
2579,-0.057
2580,-0.058
2581,-0.059
2582,-0.06
2583,-0.059
2584,-0.058
2585,-0.056
2586,-0.055
2587,-0.054
2588,-0.052
2589,-0.05
2590,-0.047
2591,-0.045
2592,-0.043
2593,-0.041
2594,-0.039
2595,-0.037
2596,-0.034
2597,-0.031
2598,-0.029
2599,-0.028
2600,-0.025
2601,-0.022
2602,-0.019
2603,-0.016
2604,-0.014
2605,-0.011
2606,-0.009
2607,-0.006
2608,-0.003
2609,0
2610,0.003
2611,0.006
2612,0.009
2613,0.011
2614,0.013
2615,0.015
2616,0.017
2617,0.021
2618,0.025
2619,0.028
2620,0.03
2621,0.033
2622,0.037
2623,0.041
2624,0.044
2625,0.048
2626,0.053
2627,0.058
2628,0.064
2629,0.069
2630,0.073
2631,0.076
2632,0.081
2633,0.088
2634,0.093
2635,0.099
2636,0.106
2637,0.114
2638,0.123
2639,0.129
2640,0.134
2641,0.139
2642,0.144
2643,0.147
2644,0.15
2645,0.152
2646,0.153
2647,0.154
2648,0.155
2649,0.156
2650,0.156
2651,0.154
2652,0.151
2653,0.147
2654,0.142
2655,0.137
2656,0.131
2657,0.124
2658,0.118
2659,0.112
2660,0.106
2661,0.1
2662,0.094
2663,0.089
2664,0.084
2665,0.078
2666,0.073
2667,0.069
2668,0.064
2669,0.058
2670,0.053
2671,0.049
2672,0.044
2673,0.039
2674,0.032
2675,0.027
2676,0.022
2677,0.017
2678,0.01
2679,0.003
2680,-0.004
2681,-0.009
2682,-0.014
2683,-0.018
2684,-0.024
2685,-0.029
2686,-0.033
2687,-0.037
2688,-0.04
2689,-0.043
2690,-0.047
2691,-0.05
2692,-0.054
2693,-0.058
2694,-0.062
2695,-0.065
2696,-0.069
2697,-0.074
2698,-0.079
2699,-0.084
2700,-0.089
2701,-0.094
2702,-0.1
2703,-0.106
2704,-0.112
2705,-0.117
2706,-0.123
2707,-0.128
2708,-0.133
2709,-0.138
2710,-0.142
2711,-0.146
2712,-0.151
2713,-0.155
2714,-0.158
2715,-0.16
2716,-0.161
2717,-0.163
2718,-0.165
2719,-0.168
2720,-0.169
2721,-0.168
2722,-0.166
2723,-0.166
2724,-0.166
2725,-0.166
2726,-0.165
2727,-0.163
2728,-0.163
2729,-0.163
2730,-0.163
2731,-0.163
2732,-0.161
2733,-0.159
2734,-0.156
2735,-0.153
2736,-0.151
2737,-0.148
2738,-0.144
2739,-0.14
2740,-0.135
2741,-0.13
2742,-0.124
2743,-0.118
2744,-0.112
2745,-0.107
2746,-0.101
2747,-0.096
2748,-0.091
2749,-0.086
2750,-0.082
2751,-0.077
2752,-0.073
2753,-0.068
2754,-0.064
2755,-0.06
2756,-0.057
2757,-0.055
2758,-0.052
2759,-0.05
2760,-0.047
2761,-0.044
2762,-0.043
2763,-0.042
2764,-0.041
2765,-0.04
2766,-0.04
2767,-0.039
2768,-0.038
2769,-0.036
2770,-0.034
2771,-0.033
2772,-0.032
2773,-0.03
2774,-0.026
2775,-0.022
2776,-0.019
2777,-0.017
2778,-0.014
2779,-0.009
2780,-0.005
2781,-0.001
2782,0.003
2783,0.007
2784,0.012
2785,0.016
2786,0.019
2787,0.023
2788,0.028
2789,0.032
2790,0.037
2791,0.041
2792,0.045
2793,0.048
2794,0.051
2795,0.053
2796,0.055
2797,0.056
2798,0.056
2799,0.057
2800,0.058
2801,0.06
2802,0.061
2803,0.062
2804,0.064
2805,0.066
2806,0.069
2807,0.07
2808,0.071
2809,0.073
2810,0.075
2811,0.075
2812,0.076
2813,0.079
2814,0.082
2815,0.084
2816,0.085
2817,0.086
2818,0.086
2819,0.087
2820,0.086
2821,0.085
2822,0.084
2823,0.085
2824,0.086
2825,0.088
2826,0.092
2827,0.094
2828,0.096
2829,0.098
2830,0.1
2831,0.103
2832,0.105
2833,0.105
2834,0.105
2835,0.106
2836,0.107
2837,0.106
2838,0.105
2839,0.105
2840,0.105
2841,0.106
2842,0.106
2843,0.106
2844,0.105
2845,0.105
2846,0.106
2847,0.106
2848,0.106
2849,0.104
2850,0.104
2851,0.105
2852,0.105
2853,0.104
2854,0.103
2855,0.101
2856,0.099
2857,0.098
2858,0.096
2859,0.094
2860,0.093
2861,0.092
2862,0.092
2863,0.091
2864,0.09
2865,0.088
2866,0.085
2867,0.083
2868,0.081
2869,0.077
2870,0.072
2871,0.068
2872,0.064
2873,0.061
2874,0.057
2875,0.052
2876,0.048
2877,0.045
2878,0.042
2879,0.038
2880,0.035
2881,0.031
2882,0.027
2883,0.023
2884,0.019
2885,0.016
2886,0.012
2887,0.008
2888,0.004
2889,-0.001
2890,-0.004
2891,-0.007
2892,-0.01
2893,-0.013
2894,-0.016
2895,-0.021
2896,-0.025
2897,-0.027
2898,-0.029
2899,-0.031
2900,-0.034
2901,-0.038
2902,-0.041
2903,-0.043
2904,-0.046
2905,-0.048
2906,-0.052
2907,-0.055
2908,-0.058
2909,-0.061
2910,-0.064
2911,-0.066
2912,-0.068
2913,-0.07
2914,-0.073
2915,-0.075
2916,-0.078
2917,-0.08
2918,-0.082
2919,-0.083
2920,-0.084
2921,-0.084
2922,-0.085
2923,-0.087
2924,-0.088
2925,-0.088
2926,-0.089
2927,-0.09
2928,-0.09
2929,-0.09
2930,-0.089
2931,-0.087
2932,-0.087
2933,-0.087
2934,-0.086
2935,-0.084
2936,-0.082
2937,-0.081
2938,-0.08
2939,-0.08
2940,-0.079
2941,-0.078
2942,-0.076
2943,-0.074
2944,-0.072
2945,-0.07
2946,-0.067
2947,-0.065
2948,-0.062
2949,-0.059
2950,-0.054
2951,-0.049
2952,-0.044
2953,-0.04
2954,-0.036
2955,-0.032
2956,-0.028
2957,-0.023
2958,-0.019
2959,-0.015
2960,-0.011
2961,-0.007
2962,-0.004
2963,0
2964,0.004
2965,0.007
2966,0.011
2967,0.014
2968,0.018
2969,0.021
2970,0.025
2971,0.027
2972,0.029
2973,0.03
2974,0.032
2975,0.033
2976,0.034
2977,0.035
2978,0.036
2979,0.037
2980,0.038
2981,0.039
2982,0.039
2983,0.037
2984,0.036
2985,0.036
2986,0.036
2987,0.035
2988,0.034
2989,0.034
2990,0.033
2991,0.031
2992,0.03
2993,0.029
2994,0.028
2995,0.028
2996,0.027
2997,0.026
2998,0.025
2999,0.024
3000,0.024
3001,0.024
3002,0.025
3003,0.027
3004,0.028
3005,0.028
3006,0.028
3007,0.028
3008,0.027
3009,0.028
3010,0.028
3011,0.028
3012,0.025
3013,0.023
3014,0.021
3015,0.02
3016,0.019
3017,0.016
3018,0.012
3019,0.009
3020,0.005
3021,0
3022,-0.004
3023,-0.008
3024,-0.012
3025,-0.016
3026,-0.019
3027,-0.022
3028,-0.024
3029,-0.027
3030,-0.031
3031,-0.033
3032,-0.036
3033,-0.039
3034,-0.042
3035,-0.044
3036,-0.046
3037,-0.049
3038,-0.052
3039,-0.053
3040,-0.053
3041,-0.054
3042,-0.055
3043,-0.056
3044,-0.056
3045,-0.055
3046,-0.054
3047,-0.053
3048,-0.053
3049,-0.053
3050,-0.054
3051,-0.055
3052,-0.056
3053,-0.057
3054,-0.058
3055,-0.059
3056,-0.06
3057,-0.061
3058,-0.061
3059,-0.06
3060,-0.059
3061,-0.058
3062,-0.057
3063,-0.056
3064,-0.055
3065,-0.054
3066,-0.052
3067,-0.05
3068,-0.049
3069,-0.048
3070,-0.047
3071,-0.046
3072,-0.044
3073,-0.041
3074,-0.039
3075,-0.037
3076,-0.036
3077,-0.034
3078,-0.032
3079,-0.029
3080,-0.026
3081,-0.024
3082,-0.023
3083,-0.021
3084,-0.018
3085,-0.016
3086,-0.014
3087,-0.013
3088,-0.012
3089,-0.01
3090,-0.009
3091,-0.008
3092,-0.007
3093,-0.007
3094,-0.006
3095,-0.005
3096,-0.003
3097,-0.001
3098,-0.001
3099,-0.001
3100,0
3101,0.002
3102,0.003
3103,0.003
3104,0.004
3105,0.005
3106,0.006
3107,0.006
3108,0.007
3109,0.008
3110,0.01
3111,0.011
3112,0.012
3113,0.013
3114,0.014
3115,0.016
3116,0.016
3117,0.017
3118,0.017
3119,0.016
3120,0.017
3121,0.018
3122,0.019
3123,0.02
3124,0.021
3125,0.024
3126,0.026
3127,0.028
3128,0.03
3129,0.034
3130,0.038
3131,0.041
3132,0.044
3133,0.047
3134,0.05
3135,0.053
3136,0.056
3137,0.058
3138,0.06
3139,0.062
3140,0.063
3141,0.064
3142,0.065
3143,0.067
3144,0.069
3145,0.069
3146,0.07
3147,0.071
3148,0.073
3149,0.074
3150,0.076
3151,0.077
3152,0.078
3153,0.079
3154,0.079
3155,0.08
3156,0.081
3157,0.081
3158,0.081
3159,0.082
3160,0.083
3161,0.084
3162,0.084
3163,0.084
3164,0.084
3165,0.084
3166,0.083
3167,0.081
3168,0.079
3169,0.078
3170,0.077
3171,0.076
3172,0.073
3173,0.07
3174,0.066
3175,0.063
3176,0.059
3177,0.055
3178,0.051
3179,0.046
3180,0.042
3181,0.038
3182,0.033
3183,0.027
3184,0.02
3185,0.013
3186,0.008
3187,0.003
3188,-0.001
3189,-0.006
3190,-0.01
3191,-0.014
3192,-0.017
3193,-0.02
3194,-0.023
3195,-0.026
3196,-0.029
3197,-0.031
3198,-0.033
3199,-0.034
3200,-0.035
3201,-0.036
3202,-0.037
3203,-0.038
3204,-0.039
3205,-0.038
3206,-0.037
3207,-0.035
3208,-0.034
3209,-0.033
3210,-0.031
3211,-0.03
3212,-0.028
3213,-0.026
3214,-0.025
3215,-0.023
3216,-0.021
3217,-0.019
3218,-0.018
3219,-0.017
3220,-0.015
3221,-0.014
3222,-0.012
3223,-0.011
3224,-0.01
3225,-0.01
3226,-0.01
3227,-0.009
3228,-0.009
3229,-0.01
3230,-0.011
3231,-0.012
3232,-0.013
3233,-0.014
3234,-0.015
3235,-0.015
3236,-0.016
3237,-0.016
3238,-0.016
3239,-0.016
3240,-0.016
3241,-0.016
3242,-0.016
3243,-0.017
3244,-0.019
3245,-0.02
3246,-0.021
3247,-0.022
3248,-0.025
3249,-0.027
3250,-0.027
3251,-0.026
3252,-0.026
3253,-0.025
3254,-0.024
3255,-0.022
3256,-0.022
3257,-0.022
3258,-0.022
3259,-0.021
3260,-0.02
3261,-0.02
3262,-0.02
3263,-0.019
3264,-0.019
3265,-0.019
3266,-0.019
3267,-0.019
3268,-0.019
3269,-0.02
3270,-0.02
3271,-0.021
3272,-0.022
3273,-0.023
3274,-0.023
3275,-0.023
3276,-0.023
3277,-0.023
3278,-0.022
3279,-0.021
3280,-0.019
3281,-0.018
3282,-0.017
3283,-0.015
3284,-0.014
3285,-0.012
3286,-0.01
3287,-0.008
3288,-0.005
3289,-0.003
3290,0
3291,0.004
3292,0.007
3293,0.011
3294,0.014
3295,0.018
3296,0.022
3297,0.025
3298,0.027
3299,0.029
3300,0.031
3301,0.033
3302,0.034
3303,0.035
3304,0.037
3305,0.039
3306,0.039
3307,0.039
3308,0.039
3309,0.039
3310,0.039
3311,0.038
3312,0.037
3313,0.035
3314,0.034
3315,0.033
3316,0.032
3317,0.031
3318,0.03
3319,0.029
3320,0.028
3321,0.027
3322,0.026
3323,0.025
3324,0.023
3325,0.021
3326,0.019
3327,0.016
3328,0.014
3329,0.012
3330,0.01
3331,0.008
3332,0.005
3333,0.002
3334,0
3335,-0.002
3336,-0.003
3337,-0.006
3338,-0.008
3339,-0.009
3340,-0.009
3341,-0.01
3342,-0.011
3343,-0.012
3344,-0.013
3345,-0.013
3346,-0.012
3347,-0.01
3348,-0.009
3349,-0.009
3350,-0.01
3351,-0.011
3352,-0.011
3353,-0.01
3354,-0.01
3355,-0.01
3356,-0.011
3357,-0.011
3358,-0.01
3359,-0.011
3360,-0.011
3361,-0.011
3362,-0.011
3363,-0.013
3364,-0.015
3365,-0.016
3366,-0.017
3367,-0.018
3368,-0.018
3369,-0.019
3370,-0.02
3371,-0.021
3372,-0.021
3373,-0.021
3374,-0.022
3375,-0.022
3376,-0.022
3377,-0.021
3378,-0.021
3379,-0.021
3380,-0.022
3381,-0.023
3382,-0.023
3383,-0.024
3384,-0.025
3385,-0.026
3386,-0.027
3387,-0.028
3388,-0.028
3389,-0.029
3390,-0.031
3391,-0.033
3392,-0.034
3393,-0.035
3394,-0.036
3395,-0.037
3396,-0.037
3397,-0.038
3398,-0.038
3399,-0.039
3400,-0.039
3401,-0.039
3402,-0.04
3403,-0.041
3404,-0.042
3405,-0.042
3406,-0.043
3407,-0.044
3408,-0.045
3409,-0.045
3410,-0.046
3411,-0.046
3412,-0.046
3413,-0.046
3414,-0.046
3415,-0.047
3416,-0.048
3417,-0.049
3418,-0.049
3419,-0.05
3420,-0.051
3421,-0.051
3422,-0.051
3423,-0.051
3424,-0.051
3425,-0.05
3426,-0.049
3427,-0.047
3428,-0.046
3429,-0.044
3430,-0.042
3431,-0.039
3432,-0.037
3433,-0.035
3434,-0.031
3435,-0.028
3436,-0.026
3437,-0.024
3438,-0.021
3439,-0.019
3440,-0.016
3441,-0.013
3442,-0.01
3443,-0.008
3444,-0.005
3445,-0.003
3446,-0.001
3447,0.001
3448,0.002
3449,0.004
3450,0.005
3451,0.006
3452,0.006
3453,0.007
3454,0.007
3455,0.008
3456,0.009
3457,0.01
3458,0.012
3459,0.013
3460,0.014
3461,0.015
3462,0.016
3463,0.018
3464,0.02
3465,0.021
3466,0.023
3467,0.025
3468,0.027
3469,0.03
3470,0.033
3471,0.035
3472,0.038
3473,0.04
3474,0.043
3475,0.045
3476,0.047
3477,0.049
3478,0.051
3479,0.052
3480,0.053
3481,0.054
3482,0.055
3483,0.056
3484,0.056
3485,0.057
3486,0.057
3487,0.057
3488,0.057
3489,0.057
3490,0.057
3491,0.058
3492,0.057
3493,0.057
3494,0.058
3495,0.058
3496,0.058
3497,0.058
3498,0.058
3499,0.058
3500,0.058
3501,0.058
3502,0.057
3503,0.055
3504,0.055
3505,0.055
3506,0.055
3507,0.056
3508,0.056
3509,0.056
3510,0.056
3511,0.056
3512,0.055
3513,0.055
3514,0.054
3515,0.053
3516,0.052
3517,0.051
3518,0.05
3519,0.049
3520,0.048
3521,0.048
3522,0.047
3523,0.047
3524,0.046
3525,0.045
3526,0.044
3527,0.043
3528,0.041
3529,0.039
3530,0.038
3531,0.037
3532,0.035
3533,0.034
3534,0.033
3535,0.031
3536,0.029
3537,0.027
3538,0.024
3539,0.02
3540,0.016
3541,0.012
3542,0.008
3543,0.004
3544,-0.001
3545,-0.006
3546,-0.011
3547,-0.016
3548,-0.02
3549,-0.025
3550,-0.029
3551,-0.032
3552,-0.036
3553,-0.04
3554,-0.045
3555,-0.049
3556,-0.053
3557,-0.056
3558,-0.059
3559,-0.063
3560,-0.067
3561,-0.07
3562,-0.073
3563,-0.075
3564,-0.076
3565,-0.077
3566,-0.077
3567,-0.077
3568,-0.077
3569,-0.077
3570,-0.076
3571,-0.076
3572,-0.075
3573,-0.075
3574,-0.074
3575,-0.072
3576,-0.071
3577,-0.069
3578,-0.068
3579,-0.065
3580,-0.063
3581,-0.061
3582,-0.059
3583,-0.057
3584,-0.056
3585,-0.054
3586,-0.051
3587,-0.049
3588,-0.046
3589,-0.044
3590,-0.041
3591,-0.038
3592,-0.035
3593,-0.031
3594,-0.028
3595,-0.025
3596,-0.022
3597,-0.019
3598,-0.016
3599,-0.013
3600,-0.01
3601,-0.008
3602,-0.005
3603,-0.002
3604,0.001
3605,0.003
3606,0.005
3607,0.007
3608,0.009
3609,0.011
3610,0.013
3611,0.015
3612,0.017
3613,0.019
3614,0.022
3615,0.025
3616,0.028
3617,0.031
3618,0.033
3619,0.035
3620,0.037
3621,0.039
3622,0.041
3623,0.044
3624,0.046
3625,0.048
3626,0.051
3627,0.053
3628,0.056
3629,0.059
3630,0.061
3631,0.064
3632,0.066
3633,0.069
3634,0.07
3635,0.072
3636,0.075
3637,0.077
3638,0.08
3639,0.082
3640,0.084
3641,0.086
3642,0.089
3643,0.091
3644,0.093
3645,0.095
3646,0.097
3647,0.099
3648,0.1
3649,0.101
3650,0.103
3651,0.104
3652,0.106
3653,0.108
3654,0.108
3655,0.109
3656,0.111
3657,0.112
3658,0.114
3659,0.115
3660,0.115
3661,0.116
3662,0.117
3663,0.117
3664,0.117
3665,0.117
3666,0.116
3667,0.116
3668,0.115
3669,0.113
3670,0.112
3671,0.11
3672,0.108
3673,0.106
3674,0.104
3675,0.102
3676,0.099
3677,0.095
3678,0.092
3679,0.088
3680,0.084
3681,0.078
3682,0.072
3683,0.067
3684,0.06
3685,0.053
3686,0.045
3687,0.036
3688,0.028
3689,0.02
3690,0.011
3691,0.004
3692,-0.004
3693,-0.012
3694,-0.02
3695,-0.028
3696,-0.035
3697,-0.042
3698,-0.049
3699,-0.055
3700,-0.062
3701,-0.068
3702,-0.073
3703,-0.079
3704,-0.085
3705,-0.091
3706,-0.097
3707,-0.103
3708,-0.109
3709,-0.115
3710,-0.12
3711,-0.125
3712,-0.129
3713,-0.134
3714,-0.138
3715,-0.142
3716,-0.146
3717,-0.148
3718,-0.151
3719,-0.153
3720,-0.155
3721,-0.156
3722,-0.157
3723,-0.157
3724,-0.158
3725,-0.158
3726,-0.157
3727,-0.156
3728,-0.154
3729,-0.153
3730,-0.15
3731,-0.148
3732,-0.145
3733,-0.142
3734,-0.138
3735,-0.134
3736,-0.129
3737,-0.124
3738,-0.119
3739,-0.113
3740,-0.108
3741,-0.103
3742,-0.099
3743,-0.095
3744,-0.092
3745,-0.088
3746,-0.084
3747,-0.081
3748,-0.077
3749,-0.073
3750,-0.069
3751,-0.066
3752,-0.063
3753,-0.059
3754,-0.056
3755,-0.053
3756,-0.05
3757,-0.049
3758,-0.048
3759,-0.047
3760,-0.047
3761,-0.047
3762,-0.047
3763,-0.048
3764,-0.048
3765,-0.049
3766,-0.05
3767,-0.051
3768,-0.051
3769,-0.051
3770,-0.052
3771,-0.053
3772,-0.053
3773,-0.054
3774,-0.054
3775,-0.054
3776,-0.054
3777,-0.054
3778,-0.054
3779,-0.054
3780,-0.054
3781,-0.054
3782,-0.053
3783,-0.053
3784,-0.054
3785,-0.054
3786,-0.053
3787,-0.052
3788,-0.051
3789,-0.05
3790,-0.049
3791,-0.048
3792,-0.047
3793,-0.045
3794,-0.043
3795,-0.042
3796,-0.04
3797,-0.037
3798,-0.034
3799,-0.032
3800,-0.03
3801,-0.027
3802,-0.024
3803,-0.022
3804,-0.02
3805,-0.017
3806,-0.014
3807,-0.011
3808,-0.007
3809,-0.003
3810,0.001
3811,0.004
3812,0.007
3813,0.01
3814,0.014
3815,0.018
3816,0.022
3817,0.026
3818,0.03
3819,0.033
3820,0.037
3821,0.041
3822,0.044
3823,0.048
3824,0.05
3825,0.053
3826,0.055
3827,0.058
3828,0.06
3829,0.062
3830,0.065
3831,0.067
3832,0.07
3833,0.072
3834,0.074
3835,0.075
3836,0.077
3837,0.078
3838,0.079
3839,0.08
3840,0.081
3841,0.082
3842,0.082
3843,0.083
3844,0.084
3845,0.085
3846,0.086
3847,0.087
3848,0.088
3849,0.088
3850,0.088
3851,0.088
3852,0.087
3853,0.087
3854,0.086
3855,0.085
3856,0.084
3857,0.083
3858,0.081
3859,0.079
3860,0.077
3861,0.075
3862,0.073
3863,0.07
3864,0.068
3865,0.066
3866,0.064
3867,0.062
3868,0.06
3869,0.057
3870,0.054
3871,0.05
3872,0.046
3873,0.043
3874,0.039
3875,0.035
3876,0.032
3877,0.028
3878,0.024
3879,0.021
3880,0.018
3881,0.014
3882,0.01
3883,0.007
3884,0.003
3885,0
3886,-0.003
3887,-0.006
3888,-0.009
3889,-0.013
3890,-0.017
3891,-0.021
3892,-0.025
3893,-0.029
3894,-0.032
3895,-0.036
3896,-0.04
3897,-0.044
3898,-0.047
3899,-0.05
3900,-0.053
3901,-0.056
3902,-0.059
3903,-0.061
3904,-0.062
3905,-0.064
3906,-0.065
3907,-0.066
3908,-0.067
3909,-0.067
3910,-0.067
3911,-0.067
3912,-0.067
3913,-0.066
3914,-0.065
3915,-0.063
3916,-0.061
3917,-0.059
3918,-0.057
3919,-0.055
3920,-0.052
3921,-0.05
3922,-0.047
3923,-0.045
3924,-0.042
3925,-0.039
3926,-0.037
3927,-0.034
3928,-0.031
3929,-0.027
3930,-0.024
3931,-0.02
3932,-0.016
3933,-0.012
3934,-0.008
3935,-0.004
3936,0
3937,0.005
3938,0.01
3939,0.014
3940,0.019
3941,0.024
3942,0.029
3943,0.034
3944,0.039
3945,0.044
3946,0.049
3947,0.054
3948,0.059
3949,0.063
3950,0.068
3951,0.072
3952,0.077
3953,0.081
3954,0.084
3955,0.087
3956,0.09
3957,0.093
3958,0.095
3959,0.098
3960,0.099
3961,0.1
3962,0.101
3963,0.102
3964,0.103
3965,0.102
3966,0.102
3967,0.101
3968,0.101
3969,0.101
3970,0.1
3971,0.099
3972,0.098
3973,0.097
3974,0.096
3975,0.094
3976,0.092
3977,0.09
3978,0.088
3979,0.085
3980,0.082
3981,0.079
3982,0.075
3983,0.072
3984,0.068
3985,0.064
3986,0.06
3987,0.056
3988,0.052
3989,0.049
3990,0.044
3991,0.04
3992,0.036
3993,0.031
3994,0.026
3995,0.021
3996,0.016
3997,0.012
3998,0.009
3999,0.005
4000,0.001
4001,-0.003
4002,-0.007
4003,-0.01
4004,-0.014
4005,-0.018
4006,-0.022
4007,-0.025
4008,-0.028
4009,-0.032
4010,-0.035
4011,-0.038
4012,-0.041
4013,-0.043
4014,-0.046
4015,-0.048
4016,-0.05
4017,-0.052
4018,-0.053
4019,-0.054
4020,-0.055
4021,-0.055
4022,-0.056
4023,-0.056
4024,-0.056
4025,-0.056
4026,-0.056
4027,-0.055
4028,-0.054
4029,-0.053
4030,-0.052
4031,-0.05
4032,-0.048
4033,-0.046
4034,-0.044
4035,-0.042
4036,-0.04
4037,-0.038
4038,-0.036
4039,-0.034
4040,-0.032
4041,-0.031
4042,-0.029
4043,-0.028
4044,-0.026
4045,-0.025
4046,-0.024
4047,-0.024
4048,-0.024
4049,-0.024
4050,-0.024
4051,-0.025
4052,-0.025
4053,-0.025
4054,-0.025
4055,-0.025
4056,-0.025
4057,-0.026
4058,-0.026
4059,-0.026
4060,-0.026
4061,-0.027
4062,-0.027
4063,-0.027
4064,-0.028
4065,-0.028
4066,-0.029
4067,-0.029
4068,-0.03
4069,-0.03
4070,-0.03
4071,-0.03
4072,-0.03
4073,-0.029
4074,-0.029
4075,-0.028
4076,-0.027
4077,-0.027
4078,-0.026
4079,-0.025
4080,-0.024
4081,-0.023
4082,-0.022
4083,-0.021
4084,-0.019
4085,-0.019
4086,-0.018
4087,-0.016
4088,-0.015
4089,-0.014
4090,-0.012
4091,-0.011
4092,-0.01
4093,-0.008
4094,-0.007
4095,-0.006
4096,-0.005
4097,-0.003
4098,-0.002
4099,-0.001
4100,0
4101,0
4102,0.001
4103,0.002
4104,0.002
4105,0.002
4106,0.003
4107,0.003
4108,0.003
4109,0.003
4110,0.003
4111,0.003
4112,0.003
4113,0.003
4114,0.003
4115,0.003
4116,0.003
4117,0.003
4118,0.003
4119,0.003
4120,0.002
4121,0.003
4122,0.003
4123,0.003
4124,0.004
4125,0.004
4126,0.005
4127,0.006
4128,0.007
4129,0.007
4130,0.008
4131,0.009
4132,0.01
4133,0.011
4134,0.012
4135,0.013
4136,0.014
4137,0.015
4138,0.017
4139,0.018
4140,0.02
4141,0.022
4142,0.023
4143,0.025
4144,0.027
4145,0.029
4146,0.031
4147,0.033
4148,0.036
4149,0.038
4150,0.04
4151,0.043
4152,0.045
4153,0.047
4154,0.048
4155,0.05
4156,0.05
4157,0.051
4158,0.051
4159,0.051
4160,0.051
4161,0.051
4162,0.05
4163,0.049
4164,0.049
4165,0.049
4166,0.049
4167,0.049
4168,0.048
4169,0.048
4170,0.047
4171,0.046
4172,0.045
4173,0.044
4174,0.042
4175,0.041
4176,0.039
4177,0.038
4178,0.036
4179,0.034
4180,0.032
4181,0.03
4182,0.028
4183,0.026
4184,0.023
4185,0.02
4186,0.017
4187,0.015
4188,0.013
4189,0.01
4190,0.008
4191,0.006
4192,0.004
4193,0.002
4194,0
4195,-0.001
4196,-0.002
4197,-0.003
4198,-0.004
4199,-0.004
4200,-0.005
4201,-0.006
4202,-0.006
4203,-0.006
4204,-0.007
4205,-0.007
4206,-0.007
4207,-0.007
4208,-0.007
4209,-0.008
4210,-0.008
4211,-0.008
4212,-0.008
4213,-0.009
4214,-0.01
4215,-0.011
4216,-0.013
4217,-0.014
4218,-0.016
4219,-0.017
4220,-0.019
4221,-0.021
4222,-0.024
4223,-0.026
4224,-0.028
4225,-0.031
4226,-0.034
4227,-0.036
4228,-0.039
4229,-0.042
4230,-0.044
4231,-0.046
4232,-0.049
4233,-0.051
4234,-0.053
4235,-0.055
4236,-0.057
4237,-0.059
4238,-0.06
4239,-0.062
4240,-0.064
4241,-0.065
4242,-0.066
4243,-0.066
4244,-0.067
4245,-0.067
4246,-0.068
4247,-0.067
4248,-0.066
4249,-0.066
4250,-0.065
4251,-0.064
4252,-0.063
4253,-0.062
4254,-0.061
4255,-0.06
4256,-0.059
4257,-0.057
4258,-0.055
4259,-0.053
4260,-0.051
4261,-0.05
4262,-0.047
4263,-0.045
4264,-0.042
4265,-0.04
4266,-0.037
4267,-0.035
4268,-0.032
4269,-0.03
4270,-0.028
4271,-0.025
4272,-0.022
4273,-0.019
4274,-0.016
4275,-0.013
4276,-0.01
4277,-0.008
4278,-0.005
4279,-0.003
4280,-0.001
4281,0.001
4282,0.002
4283,0.003
4284,0.003
4285,0.004
4286,0.004
4287,0.003
4288,0.003
4289,0.003
4290,0.003
4291,0.003
4292,0.002
4293,0.001
4294,0
4295,-0.001
4296,-0.002
4297,-0.004
4298,-0.006
4299,-0.007
4300,-0.009
4301,-0.01
4302,-0.012
4303,-0.013
4304,-0.015
4305,-0.017
4306,-0.019
4307,-0.021
4308,-0.022
4309,-0.024
4310,-0.025
4311,-0.027
4312,-0.029
4313,-0.031
4314,-0.032
4315,-0.034
4316,-0.035
4317,-0.036
4318,-0.037
4319,-0.039
4320,-0.04
4321,-0.042
4322,-0.043
4323,-0.044
4324,-0.046
4325,-0.047
4326,-0.048
4327,-0.05
4328,-0.05
4329,-0.051
4330,-0.051
4331,-0.051
4332,-0.052
4333,-0.052
4334,-0.053
4335,-0.053
4336,-0.053
4337,-0.052
4338,-0.051
4339,-0.05
4340,-0.048
4341,-0.046
4342,-0.043
4343,-0.04
4344,-0.037
4345,-0.034
4346,-0.032
4347,-0.029
4348,-0.026
4349,-0.022
4350,-0.019
4351,-0.015
4352,-0.011
4353,-0.007
4354,-0.003
4355,0.001
4356,0.005
4357,0.009
4358,0.013
4359,0.017
4360,0.021
4361,0.025
4362,0.029
4363,0.033
4364,0.036
4365,0.04
4366,0.043
4367,0.047
4368,0.049
4369,0.052
4370,0.055
4371,0.057
4372,0.06
4373,0.063
4374,0.065
4375,0.067
4376,0.068
4377,0.069
4378,0.07
4379,0.071
4380,0.071
4381,0.072
4382,0.072
4383,0.073
4384,0.073
4385,0.073
4386,0.074
4387,0.074
4388,0.075
4389,0.075
4390,0.076
4391,0.076
4392,0.076
4393,0.076
4394,0.076
4395,0.076
4396,0.075
4397,0.075
4398,0.075
4399,0.074
4400,0.074
4401,0.073
4402,0.072
4403,0.07
4404,0.069
4405,0.067
4406,0.066
4407,0.065
4408,0.063
4409,0.062
4410,0.06
4411,0.059
4412,0.058
4413,0.057
4414,0.056
4415,0.055
4416,0.054
4417,0.053
4418,0.052
4419,0.051
4420,0.051
4421,0.05
4422,0.05
4423,0.05
4424,0.05
4425,0.049
4426,0.049
4427,0.048
4428,0.047
4429,0.045
4430,0.044
4431,0.042
4432,0.041
4433,0.039
4434,0.037
4435,0.034
4436,0.032
4437,0.029
4438,0.026
4439,0.023
4440,0.02
4441,0.017
4442,0.014
4443,0.011
4444,0.008
4445,0.005
4446,0.002
4447,-0.001
4448,-0.004
4449,-0.007
4450,-0.01
4451,-0.013
4452,-0.015
4453,-0.017
4454,-0.019
4455,-0.021
4456,-0.023
4457,-0.025
4458,-0.027
4459,-0.029
4460,-0.03
4461,-0.032
4462,-0.035
4463,-0.037
4464,-0.038
4465,-0.041
4466,-0.043
4467,-0.045
4468,-0.047
4469,-0.048
4470,-0.05
4471,-0.051
4472,-0.053
4473,-0.054
4474,-0.055
4475,-0.056
4476,-0.056
4477,-0.056
4478,-0.056
4479,-0.056
4480,-0.056
4481,-0.055
4482,-0.055
4483,-0.054
4484,-0.053
4485,-0.052
4486,-0.05
4487,-0.049
4488,-0.047
4489,-0.046
4490,-0.045
4491,-0.043
4492,-0.041
4493,-0.039
4494,-0.037
4495,-0.035
4496,-0.033
4497,-0.031
4498,-0.028
4499,-0.026
4500,-0.023
4501,-0.021
4502,-0.018
4503,-0.016
4504,-0.013
4505,-0.011
4506,-0.008
4507,-0.005
4508,-0.003
4509,0
4510,0.003
4511,0.005
4512,0.007
4513,0.009
4514,0.011
4515,0.012
4516,0.012
4517,0.013
4518,0.013
4519,0.013
4520,0.013
4521,0.013
4522,0.013
4523,0.012
4524,0.012
4525,0.011
4526,0.01
4527,0.01
4528,0.01
4529,0.01
4530,0.01
4531,0.01
4532,0.01
4533,0.011
4534,0.011
4535,0.011
4536,0.011
4537,0.01
4538,0.01
4539,0.01
4540,0.009
4541,0.009
4542,0.008
4543,0.007
4544,0.006
4545,0.006
4546,0.005
4547,0.004
4548,0.003
4549,0.003
4550,0.002
4551,0.001
4552,0.001
4553,0.001
4554,0.001
4555,0.001
4556,0.002
4557,0.002
4558,0.002
4559,0.002
4560,0.002
4561,0.003
4562,0.003
4563,0.003
4564,0.003
4565,0.004
4566,0.005
4567,0.006
4568,0.006
4569,0.007
4570,0.008
4571,0.008
4572,0.009
4573,0.009
4574,0.01
4575,0.01
4576,0.011
4577,0.012
4578,0.012
4579,0.013
4580,0.014
4581,0.015
4582,0.015
4583,0.016
4584,0.016
4585,0.016
4586,0.017
4587,0.017
4588,0.017
4589,0.017
4590,0.017
4591,0.017
4592,0.017
4593,0.017
4594,0.017
4595,0.017
4596,0.016
4597,0.016
4598,0.015
4599,0.015
4600,0.014
4601,0.014
4602,0.013
4603,0.012
4604,0.012
4605,0.011
4606,0.011
4607,0.01
4608,0.01
4609,0.01
4610,0.009
4611,0.009
4612,0.009
4613,0.009
4614,0.008
4615,0.008
4616,0.007
4617,0.007
4618,0.006
4619,0.006
4620,0.006
4621,0.006
4622,0.006
4623,0.005
4624,0.005
4625,0.005
4626,0.005
4627,0.005
4628,0.004
4629,0.005
4630,0.005
4631,0.006
4632,0.006
4633,0.006
4634,0.006
4635,0.006
4636,0.006
4637,0.005
4638,0.005
4639,0.005
4640,0.004
4641,0.003
4642,0.002
4643,0.002
4644,0.002
4645,0.001
4646,0
4647,-0.002
4648,-0.003
4649,-0.005
4650,-0.006
4651,-0.007
4652,-0.008
4653,-0.009
4654,-0.009
4655,-0.01
4656,-0.01
4657,-0.01
4658,-0.01
4659,-0.011
4660,-0.011
4661,-0.01
4662,-0.01
4663,-0.01
4664,-0.01
4665,-0.009
4666,-0.008
4667,-0.007
4668,-0.006
4669,-0.005
4670,-0.004
4671,-0.004
4672,-0.003
4673,-0.003
4674,-0.003
4675,-0.003
4676,-0.003
4677,-0.004
4678,-0.004
4679,-0.004
4680,-0.005
4681,-0.005
4682,-0.006
4683,-0.007
4684,-0.007
4685,-0.008
4686,-0.009
4687,-0.01
4688,-0.01
4689,-0.011
4690,-0.012
4691,-0.013
4692,-0.013
4693,-0.014
4694,-0.014
4695,-0.015
4696,-0.015
4697,-0.015
4698,-0.015
4699,-0.015
4700,-0.014
4701,-0.014
4702,-0.013
4703,-0.013
4704,-0.012
4705,-0.012
4706,-0.011
4707,-0.01
4708,-0.009
4709,-0.009
4710,-0.008
4711,-0.008
4712,-0.008
4713,-0.008
4714,-0.008
4715,-0.008
4716,-0.009
4717,-0.009
4718,-0.009
4719,-0.01
4720,-0.011
4721,-0.011
4722,-0.012
4723,-0.012
4724,-0.013
4725,-0.013
4726,-0.014
4727,-0.014
4728,-0.015
4729,-0.015
4730,-0.016
4731,-0.016
4732,-0.017
4733,-0.018
4734,-0.019
4735,-0.019
4736,-0.02
4737,-0.021
4738,-0.021
4739,-0.021
4740,-0.022
4741,-0.022
4742,-0.022
4743,-0.022
4744,-0.022
4745,-0.022
4746,-0.022
4747,-0.021
4748,-0.021
4749,-0.021
4750,-0.02
4751,-0.02
4752,-0.02
4753,-0.02
4754,-0.019
4755,-0.019
4756,-0.019
4757,-0.019
4758,-0.019
4759,-0.019
4760,-0.019
4761,-0.019
4762,-0.018
4763,-0.018
4764,-0.017
4765,-0.016
4766,-0.015
4767,-0.015
4768,-0.014
4769,-0.013
4770,-0.012
4771,-0.01
4772,-0.009
4773,-0.008
4774,-0.007
4775,-0.006
4776,-0.005
4777,-0.004
4778,-0.003
4779,-0.002
4780,-0.001
4781,0
4782,0
4783,0.001
4784,0.002
4785,0.003
4786,0.003
4787,0.004
4788,0.004
4789,0.005
4790,0.005
4791,0.005
4792,0.004
4793,0.004
4794,0.003
4795,0.003
4796,0.002
4797,0.001
4798,0
4799,-0.001
4800,-0.002
4801,-0.003
4802,-0.004
4803,-0.005
4804,-0.006
4805,-0.007
4806,-0.009
4807,-0.011
4808,-0.012
4809,-0.013
4810,-0.015
4811,-0.016
4812,-0.017
4813,-0.018
4814,-0.019
4815,-0.019
4816,-0.02
4817,-0.02
4818,-0.021
4819,-0.022
4820,-0.023
4821,-0.023
4822,-0.024
4823,-0.025
4824,-0.026
4825,-0.026
4826,-0.027
4827,-0.027
4828,-0.027
4829,-0.028
4830,-0.028
4831,-0.028
4832,-0.028
4833,-0.028
4834,-0.028
4835,-0.029
4836,-0.029
4837,-0.029
4838,-0.029
4839,-0.029
4840,-0.028
4841,-0.028
4842,-0.027
4843,-0.027
4844,-0.027
4845,-0.026
4846,-0.026
4847,-0.026
4848,-0.026
4849,-0.026
4850,-0.025
4851,-0.025
4852,-0.024
4853,-0.023
4854,-0.022
4855,-0.022
4856,-0.021
4857,-0.021
4858,-0.021
4859,-0.02
4860,-0.02
4861,-0.02
4862,-0.019
4863,-0.018
4864,-0.018
4865,-0.018
4866,-0.017
4867,-0.017
4868,-0.016
4869,-0.015
4870,-0.015
4871,-0.015
4872,-0.015
4873,-0.016
4874,-0.016
4875,-0.016
4876,-0.016
4877,-0.017
4878,-0.017
4879,-0.018
4880,-0.018
4881,-0.018
4882,-0.019
4883,-0.019
4884,-0.018
4885,-0.018
4886,-0.018
4887,-0.018
4888,-0.018
4889,-0.018
4890,-0.018
4891,-0.017
4892,-0.017
4893,-0.017
4894,-0.017
4895,-0.017
4896,-0.016
4897,-0.016
4898,-0.015
4899,-0.015
4900,-0.014
4901,-0.014
4902,-0.013
4903,-0.013
4904,-0.013
4905,-0.013
4906,-0.012
4907,-0.012
4908,-0.012
4909,-0.011
4910,-0.011
4911,-0.011
4912,-0.01
4913,-0.01
4914,-0.01
4915,-0.009
4916,-0.009
4917,-0.008
4918,-0.008
4919,-0.007
4920,-0.007
4921,-0.006
4922,-0.005
4923,-0.003
4924,-0.002
4925,-0.001
4926,0.001
4927,0.002
4928,0.004
4929,0.006
4930,0.007
4931,0.009
4932,0.01
4933,0.012
4934,0.013
4935,0.015
4936,0.016
4937,0.018
4938,0.019
4939,0.02
4940,0.022
4941,0.023
4942,0.024
4943,0.026
4944,0.027
4945,0.028
4946,0.028
4947,0.029
4948,0.03
4949,0.032
4950,0.033
4951,0.034
4952,0.035
4953,0.036
4954,0.038
4955,0.039
4956,0.04
4957,0.042
4958,0.043
4959,0.044
4960,0.046
4961,0.047
4962,0.048
4963,0.049
4964,0.05
4965,0.051
4966,0.052
4967,0.052
4968,0.052
4969,0.052
4970,0.052
4971,0.052
4972,0.052
4973,0.053
4974,0.053
4975,0.053
4976,0.053
4977,0.053
4978,0.053
4979,0.053
4980,0.053
4981,0.054
4982,0.054
4983,0.054
4984,0.055
4985,0.055
4986,0.056
4987,0.057
4988,0.058
4989,0.059
4990,0.06
4991,0.061
4992,0.062
4993,0.063
4994,0.064
4995,0.066
4996,0.067
4997,0.068
4998,0.069
4999,0.07
5000,
5001,
5002,
5003,
