0,0.002
1,0.001
2,0.001
3,0.001
4,0.001
5,0.001
6,0
7,0
8,0
9,0
10,0
11,0
12,0
13,0
14,-0.001
15,-0.001
16,-0.001
17,-0.001
18,-0.001
19,-0.001
20,-0.001
21,-0.002
22,-0.002
23,-0.002
24,-0.002
25,-0.002
26,-0.002
27,-0.002
28,-0.003
29,-0.003
30,-0.003
31,-0.003
32,-0.003
33,-0.003
34,-0.003
35,-0.004
36,-0.004
37,-0.004
38,-0.004
39,-0.004
40,-0.004
41,-0.004
42,-0.005
43,-0.005
44,-0.005
45,-0.005
46,-0.005
47,-0.005
48,-0.005
49,-0.006
50,-0.006
51,-0.006
52,-0.006
53,-0.006
54,-0.006
55,-0.007
56,-0.007
57,-0.007
58,-0.007
59,-0.007
60,-0.008
61,-0.008
62,-0.008
63,-0.008
64,-0.008
65,-0.009
66,-0.009
67,-0.009
68,-0.009
69,-0.01
70,-0.01
71,-0.01
72,-0.01
73,-0.01
74,-0.011
75,-0.011
76,-0.011
77,-0.011
78,-0.011
79,-0.012
80,-0.012
81,-0.012
82,-0.012
83,-0.012
84,-0.013
85,-0.013
86,-0.013
87,-0.013
88,-0.014
89,-0.014
90,-0.014
91,-0.014
92,-0.015
93,-0.015
94,-0.015
95,-0.016
96,-0.016
97,-0.016
98,-0.016
99,-0.017
100,-0.017
101,-0.017
102,-0.018
103,-0.018
104,-0.018
105,-0.019
106,-0.019
107,-0.019
108,-0.02
109,-0.02
110,-0.02
111,-0.021
112,-0.021
113,-0.021
114,-0.022
115,-0.022
116,-0.022
117,-0.023
118,-0.023
119,-0.023
120,-0.024
121,-0.024
122,-0.024
123,-0.025
124,-0.025
125,-0.025
126,-0.026
127,-0.026
128,-0.027
129,-0.027
130,-0.027
131,-0.028
132,-0.028
133,-0.028
134,-0.029
135,-0.029
136,-0.029
137,-0.03
138,-0.03
139,-0.031
140,-0.031
141,-0.031
142,-0.032
143,-0.032
144,-0.032
145,-0.033
146,-0.033
147,-0.033
148,-0.034
149,-0.034
150,-0.035
151,-0.035
152,-0.035
153,-0.035
154,-0.036
155,-0.036
156,-0.036
157,-0.036
158,-0.036
159,-0.036
160,-0.036
161,-0.036
162,-0.036
163,-0.036
164,-0.035
165,-0.034
166,-0.034
167,-0.033
168,-0.032
169,-0.03
170,-0.028
171,-0.027
172,-0.025
173,-0.023
174,-0.021
175,-0.019
176,-0.017
177,-0.015
178,-0.014
179,-0.012
180,-0.011
181,-0.01
182,-0.009
183,-0.008
184,-0.007
185,-0.006
186,-0.005
187,-0.003
188,-0.002
189,0
190,0.002
191,0.003
192,0.004
193,0.003
194,0.003
195,0.002
196,0.002
197,0.001
198,-0.001
199,-0.004
200,-0.007
201,-0.009
202,-0.012
203,-0.013
204,-0.015
205,-0.016
206,-0.016
207,-0.015
208,-0.013
209,-0.012
210,-0.013
211,-0.013
212,-0.012
213,-0.009
214,-0.006
215,-0.003
216,0
217,0.003
218,0.007
219,0.009
220,0.012
221,0.014
222,0.014
223,0.014
224,0.012
225,0.012
226,0.011
227,0.01
228,0.01
229,0.011
230,0.012
231,0.012
232,0.012
233,0.013
234,0.013
235,0.01
236,0.007
237,0.005
238,0.003
239,0.001
240,-0.001
241,-0.003
242,-0.003
243,-0.004
244,-0.004
245,-0.004
246,-0.004
247,-0.003
248,-0.003
249,-0.003
250,-0.004
251,-0.006
252,-0.01
253,-0.013
254,-0.016
255,-0.015
256,-0.015
257,-0.016
258,-0.017
259,-0.019
260,-0.019
261,-0.018
262,-0.014
263,-0.012
264,-0.012
265,-0.011
266,-0.011
267,-0.011
268,-0.01
269,-0.012
270,-0.015
271,-0.015
272,-0.013
273,-0.009
274,-0.005
275,-0.003
276,-0.001
277,0
278,0.001
279,0.002
280,0.004
281,0.004
282,0.003
283,0.005
284,0.01
285,0.014
286,0.017
287,0.022
288,0.026
289,0.029
290,0.032
291,0.036
292,0.04
293,0.045
294,0.048
295,0.049
296,0.049
297,0.05
298,0.052
299,0.055
300,0.06
301,0.063
302,0.062
303,0.06
304,0.058
305,0.057
306,0.057
307,0.057
308,0.055
309,0.053
310,0.051
311,0.05
312,0.048
313,0.048
314,0.048
315,0.049
316,0.052
317,0.053
318,0.055
319,0.057
320,0.059
321,0.057
322,0.054
323,0.049
324,0.045
325,0.042
326,0.04
327,0.039
328,0.04
329,0.04
330,0.037
331,0.032
332,0.029
333,0.027
334,0.026
335,0.024
336,0.024
337,0.026
338,0.028
339,0.027
340,0.023
341,0.019
342,0.018
343,0.022
344,0.028
345,0.031
346,0.028
347,0.022
348,0.016
349,0.009
350,0.002
351,-0.006
352,-0.011
353,-0.012
354,-0.01
355,-0.01
356,-0.013
357,-0.017
358,-0.021
359,-0.024
360,-0.029
361,-0.034
362,-0.037
363,-0.035
364,-0.028
365,-0.021
366,-0.018
367,-0.019
368,-0.018
369,-0.013
370,-0.008
371,-0.006
372,-0.006
373,-0.009
374,-0.013
375,-0.017
376,-0.021
377,-0.023
378,-0.023
379,-0.022
380,-0.024
381,-0.025
382,-0.022
383,-0.018
384,-0.018
385,-0.017
386,-0.015
387,-0.012
388,-0.009
389,-0.006
390,-0.003
391,-0.001
392,0.002
393,0.004
394,0.003
395,-0.003
396,-0.009
397,-0.012
398,-0.012
399,-0.011
400,-0.013
401,-0.014
402,-0.012
403,-0.007
404,-0.003
405,-0.002
406,-0.003
407,-0.007
408,-0.014
409,-0.022
410,-0.028
411,-0.029
412,-0.027
413,-0.024
414,-0.021
415,-0.017
416,-0.013
417,-0.01
418,-0.009
419,-0.01
420,-0.01
421,-0.013
422,-0.021
423,-0.031
424,-0.037
425,-0.037
426,-0.035
427,-0.035
428,-0.04
429,-0.045
430,-0.044
431,-0.038
432,-0.036
433,-0.039
434,-0.046
435,-0.054
436,-0.065
437,-0.076
438,-0.084
439,-0.088
440,-0.088
441,-0.087
442,-0.084
443,-0.08
444,-0.073
445,-0.063
446,-0.054
447,-0.051
448,-0.05
449,-0.046
450,-0.038
451,-0.03
452,-0.03
453,-0.036
454,-0.043
455,-0.042
456,-0.037
457,-0.035
458,-0.042
459,-0.046
460,-0.042
461,-0.035
462,-0.033
463,-0.035
464,-0.039
465,-0.044
466,-0.049
467,-0.057
468,-0.065
469,-0.074
470,-0.079
471,-0.077
472,-0.071
473,-0.065
474,-0.062
475,-0.059
476,-0.055
477,-0.046
478,-0.037
479,-0.033
480,-0.028
481,-0.02
482,-0.011
483,-0.004
484,0.001
485,0.005
486,0.006
487,0.004
488,0.001
489,-0.002
490,-0.006
491,-0.006
492,-0.007
493,-0.013
494,-0.021
495,-0.025
496,-0.028
497,-0.032
498,-0.034
499,-0.032
500,-0.026
501,-0.015
502,-0.004
503,0.004
504,0.011
505,0.018
506,0.024
507,0.03
508,0.036
509,0.042
510,0.047
511,0.053
512,0.059
513,0.067
514,0.069
515,0.064
516,0.052
517,0.038
518,0.031
519,0.03
520,0.029
521,0.028
522,0.031
523,0.04
524,0.052
525,0.065
526,0.075
527,0.08
528,0.081
529,0.076
530,0.07
531,0.066
532,0.064
533,0.061
534,0.057
535,0.054
536,0.049
537,0.042
538,0.035
539,0.032
540,0.032
541,0.037
542,0.049
543,0.063
544,0.073
545,0.078
546,0.077
547,0.069
548,0.057
549,0.05
550,0.044
551,0.035
552,0.024
553,0.015
554,0.006
555,-0.001
556,-0.007
557,-0.009
558,-0.008
559,-0.004
560,-0.003
561,-0.01
562,-0.019
563,-0.022
564,-0.02
565,-0.016
566,-0.012
567,-0.009
568,-0.003
569,0.01
570,0.024
571,0.03
572,0.029
573,0.027
574,0.028
575,0.03
576,0.033
577,0.035
578,0.036
579,0.035
580,0.035
581,0.039
582,0.044
583,0.038
584,0.024
585,0.011
586,0.001
587,-0.005
588,-0.009
589,-0.012
590,-0.018
591,-0.027
592,-0.034
593,-0.038
594,-0.04
595,-0.042
596,-0.048
597,-0.059
598,-0.068
599,-0.07
600,-0.067
601,-0.063
602,-0.059
603,-0.058
604,-0.057
605,-0.052
606,-0.045
607,-0.04
608,-0.038
609,-0.037
610,-0.036
611,-0.035
612,-0.029
613,-0.021
614,-0.019
615,-0.027
616,-0.036
617,-0.04
618,-0.038
619,-0.036
620,-0.033
621,-0.03
622,-0.025
623,-0.017
624,-0.01
625,-0.011
626,-0.017
627,-0.024
628,-0.029
629,-0.031
630,-0.029
631,-0.025
632,-0.024
633,-0.023
634,-0.024
635,-0.025
636,-0.025
637,-0.021
638,-0.014
639,-0.004
640,0.003
641,0.006
642,0.008
643,0.01
644,0.01
645,0.008
646,0.009
647,0.017
648,0.03
649,0.043
650,0.053
651,0.063
652,0.073
653,0.079
654,0.076
655,0.069
656,0.064
657,0.063
658,0.068
659,0.072
660,0.07
661,0.065
662,0.06
663,0.056
664,0.05
665,0.042
666,0.032
667,0.025
668,0.028
669,0.034
670,0.036
671,0.028
672,0.016
673,0.009
674,0.009
675,0.007
676,0.001
677,-0.009
678,-0.015
679,-0.018
680,-0.021
681,-0.026
682,-0.032
683,-0.032
684,-0.026
685,-0.02
686,-0.02
687,-0.025
688,-0.03
689,-0.029
690,-0.027
691,-0.031
692,-0.039
693,-0.044
694,-0.042
695,-0.035
696,-0.028
697,-0.02
698,-0.013
699,-0.008
700,-0.003
701,0.001
702,0.002
703,0.004
704,0.009
705,0.018
706,0.027
707,0.033
708,0.037
709,0.044
710,0.054
711,0.06
712,0.06
713,0.058
714,0.057
715,0.058
716,0.063
717,0.073
718,0.083
719,0.088
720,0.09
721,0.091
722,0.094
723,0.097
724,0.101
725,0.102
726,0.105
727,0.109
728,0.11
729,0.106
730,0.099
731,0.09
732,0.085
733,0.088
734,0.1
735,0.112
736,0.118
737,0.121
738,0.125
739,0.131
740,0.138
741,0.144
742,0.15
743,0.158
744,0.166
745,0.168
746,0.167
747,0.167
748,0.166
749,0.165
750,0.166
751,0.17
752,0.171
753,0.168
754,0.164
755,0.161
756,0.157
757,0.151
758,0.145
759,0.141
760,0.142
761,0.145
762,0.148
763,0.153
764,0.159
765,0.166
766,0.171
767,0.179
768,0.187
769,0.194
770,0.197
771,0.195
772,0.188
773,0.18
774,0.172
775,0.161
776,0.147
777,0.135
778,0.123
779,0.11
780,0.097
781,0.085
782,0.075
783,0.063
784,0.048
785,0.032
786,0.018
787,0.01
788,0.006
789,0.003
790,0
791,-0.005
792,-0.013
793,-0.024
794,-0.034
795,-0.038
796,-0.038
797,-0.036
798,-0.033
799,-0.034
800,-0.035
801,-0.029
802,-0.02
803,-0.01
804,-0.003
805,0
806,0.003
807,0.005
808,0.005
809,-0.003
810,-0.017
811,-0.032
812,-0.045
813,-0.052
814,-0.056
815,-0.059
816,-0.062
817,-0.064
818,-0.061
819,-0.055
820,-0.045
821,-0.035
822,-0.03
823,-0.03
824,-0.03
825,-0.027
826,-0.023
827,-0.017
828,-0.014
829,-0.018
830,-0.028
831,-0.036
832,-0.035
833,-0.031
834,-0.027
835,-0.026
836,-0.029
837,-0.036
838,-0.047
839,-0.057
840,-0.066
841,-0.074
842,-0.079
843,-0.08
844,-0.078
845,-0.08
846,-0.086
847,-0.094
848,-0.1
849,-0.108
850,-0.121
851,-0.133
852,-0.138
853,-0.134
854,-0.127
855,-0.124
856,-0.128
857,-0.135
858,-0.142
859,-0.145
860,-0.147
861,-0.143
862,-0.14
863,-0.142
864,-0.147
865,-0.146
866,-0.143
867,-0.144
868,-0.148
869,-0.151
870,-0.153
871,-0.156
872,-0.157
873,-0.153
874,-0.148
875,-0.146
876,-0.149
877,-0.152
878,-0.153
879,-0.153
880,-0.156
881,-0.159
882,-0.155
883,-0.145
884,-0.135
885,-0.13
886,-0.126
887,-0.12
888,-0.116
889,-0.115
890,-0.114
891,-0.112
892,-0.113
893,-0.115
894,-0.116
895,-0.115
896,-0.111
897,-0.108
898,-0.105
899,-0.1
900,-0.091
901,-0.082
902,-0.073
903,-0.065
904,-0.056
905,-0.049
906,-0.051
907,-0.056
908,-0.056
909,-0.051
910,-0.046
911,-0.045
912,-0.046
913,-0.048
914,-0.049
915,-0.052
916,-0.056
917,-0.059
918,-0.054
919,-0.038
920,-0.021
921,-0.015
922,-0.017
923,-0.019
924,-0.015
925,-0.007
926,0.003
927,0.013
928,0.023
929,0.032
930,0.045
931,0.06
932,0.072
933,0.083
934,0.098
935,0.115
936,0.131
937,0.145
938,0.153
939,0.155
940,0.153
941,0.148
942,0.143
943,0.139
944,0.138
945,0.143
946,0.15
947,0.155
948,0.153
949,0.149
950,0.142
951,0.129
952,0.11
953,0.093
954,0.081
955,0.07
956,0.062
957,0.054
958,0.039
959,0.014
960,-0.015
961,-0.036
962,-0.048
963,-0.06
964,-0.075
965,-0.091
966,-0.101
967,-0.109
968,-0.121
969,-0.138
970,-0.15
971,-0.152
972,-0.145
973,-0.134
974,-0.129
975,-0.131
976,-0.137
977,-0.144
978,-0.155
979,-0.167
980,-0.178
981,-0.185
982,-0.184
983,-0.176
984,-0.169
985,-0.167
986,-0.168
987,-0.167
988,-0.167
989,-0.174
990,-0.19
991,-0.21
992,-0.225
993,-0.233
994,-0.234
995,-0.233
996,-0.232
997,-0.234
998,-0.239
999,-0.247
1000,-0.252
1001,-0.255
1002,-0.248
1003,-0.234
1004,-0.222
1005,-0.22
1006,-0.223
1007,-0.229
1008,-0.24
1009,-0.256
1010,-0.267
1011,-0.273
1012,-0.285
1013,-0.304
1014,-0.323
1015,-0.338
1016,-0.349
1017,-0.36
1018,-0.369
1019,-0.377
1020,-0.384
1021,-0.389
1022,-0.392
1023,-0.393
1024,-0.393
1025,-0.395
1026,-0.396
1027,-0.398
1028,-0.4
1029,-0.404
1030,-0.407
1031,-0.409
1032,-0.412
1033,-0.415
1034,-0.415
1035,-0.413
1036,-0.411
1037,-0.412
1038,-0.418
1039,-0.425
1040,-0.426
1041,-0.423
1042,-0.419
1043,-0.415
1044,-0.413
1045,-0.414
1046,-0.414
1047,-0.405
1048,-0.384
1049,-0.359
1050,-0.339
1051,-0.324
1052,-0.308
1053,-0.286
1054,-0.258
1055,-0.228
1056,-0.198
1057,-0.171
1058,-0.147
1059,-0.125
1060,-0.105
1061,-0.082
1062,-0.051
1063,-0.014
1064,0.02
1065,0.049
1066,0.074
1067,0.098
1068,0.121
1069,0.142
1070,0.155
1071,0.159
1072,0.156
1073,0.153
1074,0.15
1075,0.149
1076,0.151
1077,0.156
1078,0.156
1079,0.148
1080,0.136
1081,0.133
1082,0.139
1083,0.15
1084,0.165
1085,0.177
1086,0.181
1087,0.18
1088,0.181
1089,0.186
1090,0.191
1091,0.193
1092,0.189
1093,0.19
1094,0.197
1095,0.207
1096,0.216
1097,0.223
1098,0.224
1099,0.218
1100,0.205
1101,0.186
1102,0.167
1103,0.153
1104,0.141
1105,0.127
1106,0.109
1107,0.09
1108,0.074
1109,0.055
1110,0.03
1111,0.002
1112,-0.026
1113,-0.056
1114,-0.087
1115,-0.115
1116,-0.135
1117,-0.144
1118,-0.142
1119,-0.142
1120,-0.151
1121,-0.168
1122,-0.187
1123,-0.2
1124,-0.205
1125,-0.201
1126,-0.188
1127,-0.165
1128,-0.137
1129,-0.101
1130,-0.061
1131,-0.022
1132,0.017
1133,0.058
1134,0.1
1135,0.137
1136,0.17
1137,0.205
1138,0.244
1139,0.29
1140,0.341
1141,0.389
1142,0.426
1143,0.451
1144,0.471
1145,0.488
1146,0.496
1147,0.492
1148,0.478
1149,0.46
1150,0.443
1151,0.426
1152,0.403
1153,0.375
1154,0.35
1155,0.336
1156,0.335
1157,0.337
1158,0.331
1159,0.314
1160,0.292
1161,0.272
1162,0.26
1163,0.252
1164,0.237
1165,0.212
1166,0.182
1167,0.155
1168,0.128
1169,0.097
1170,0.063
1171,0.032
1172,0.007
1173,-0.007
1174,-0.011
1175,-0.007
1176,-0.002
1177,-0.002
1178,-0.01
1179,-0.017
1180,-0.01
1181,0.013
1182,0.042
1183,0.067
1184,0.085
1185,0.097
1186,0.103
1187,0.101
1188,0.095
1189,0.092
1190,0.098
1191,0.11
1192,0.119
1193,0.121
1194,0.123
1195,0.132
1196,0.149
1197,0.168
1198,0.183
1199,0.194
1200,0.205
1201,0.222
1202,0.242
1203,0.257
1204,0.261
1205,0.254
1206,0.245
1207,0.241
1208,0.241
1209,0.24
1210,0.242
1211,0.245
1212,0.247
1213,0.251
1214,0.261
1215,0.277
1216,0.3
1217,0.334
1218,0.385
1219,0.448
1220,0.513
1221,0.568
1222,0.606
1223,0.625
1224,0.622
1225,0.596
1226,0.55
1227,0.496
1228,0.447
1229,0.41
1230,0.381
1231,0.354
1232,0.324
1233,0.292
1234,0.266
1235,0.253
1236,0.246
1237,0.236
1238,0.214
1239,0.185
1240,0.161
1241,0.154
1242,0.161
1243,0.165
1244,0.158
1245,0.139
1246,0.109
1247,0.076
1248,0.047
1249,0.027
1250,0.016
1251,0.009
1252,0.005
1253,-0.001
1254,-0.011
1255,-0.025
1256,-0.043
1257,-0.07
1258,-0.1
1259,-0.123
1260,-0.137
1261,-0.144
1262,-0.145
1263,-0.14
1264,-0.128
1265,-0.114
1266,-0.102
1267,-0.089
1268,-0.074
1269,-0.06
1270,-0.055
1271,-0.063
1272,-0.082
1273,-0.102
1274,-0.117
1275,-0.128
1276,-0.131
1277,-0.128
1278,-0.122
1279,-0.114
1280,-0.106
1281,-0.098
1282,-0.091
1283,-0.09
1284,-0.096
1285,-0.103
1286,-0.103
1287,-0.098
1288,-0.097
1289,-0.103
1290,-0.108
1291,-0.108
1292,-0.104
1293,-0.101
1294,-0.098
1295,-0.094
1296,-0.088
1297,-0.076
1298,-0.056
1299,-0.03
1300,-0.011
1301,-0.008
1302,-0.022
1303,-0.046
1304,-0.069
1305,-0.077
1306,-0.066
1307,-0.032
1308,0.017
1309,0.065
1310,0.096
1311,0.106
1312,0.112
1313,0.125
1314,0.147
1315,0.168
1316,0.182
1317,0.19
1318,0.201
1319,0.216
1320,0.234
1321,0.249
1322,0.257
1323,0.256
1324,0.252
1325,0.257
1326,0.273
1327,0.304
1328,0.345
1329,0.388
1330,0.429
1331,0.47
1332,0.519
1333,0.575
1334,0.62
1335,0.644
1336,0.659
1337,0.68
1338,0.717
1339,0.758
1340,0.785
1341,0.795
1342,0.794
1343,0.781
1344,0.75
1345,0.696
1346,0.626
1347,0.561
1348,0.508
1349,0.465
1350,0.428
1351,0.401
1352,0.383
1353,0.37
1354,0.359
1355,0.346
1356,0.329
1357,0.31
1358,0.285
1359,0.251
1360,0.21
1361,0.163
1362,0.114
1363,0.068
1364,0.032
1365,0.013
1366,0.008
1367,0.019
1368,0.032
1369,0.042
1370,0.048
1371,0.042
1372,0.022
1373,-0.012
1374,-0.054
1375,-0.086
1376,-0.094
1377,-0.071
1378,-0.016
1379,0.055
1380,0.127
1381,0.179
1382,0.191
1383,0.175
1384,0.154
1385,0.134
1386,0.103
1387,0.071
1388,0.049
1389,0.03
1390,0.006
1391,-0.038
1392,-0.1
1393,-0.167
1394,-0.234
1395,-0.3
1396,-0.357
1397,-0.399
1398,-0.421
1399,-0.434
1400,-0.443
1401,-0.446
1402,-0.437
1403,-0.425
1404,-0.423
1405,-0.444
1406,-0.483
1407,-0.529
1408,-0.57
1409,-0.591
1410,-0.592
1411,-0.577
1412,-0.557
1413,-0.538
1414,-0.518
1415,-0.489
1416,-0.454
1417,-0.425
1418,-0.412
1419,-0.409
1420,-0.409
1421,-0.404
1422,-0.389
1423,-0.371
1424,-0.359
1425,-0.363
1426,-0.373
1427,-0.371
1428,-0.35
1429,-0.315
1430,-0.282
1431,-0.256
1432,-0.242
1433,-0.236
1434,-0.232
1435,-0.227
1436,-0.228
1437,-0.238
1438,-0.257
1439,-0.28
1440,-0.3
1441,-0.318
1442,-0.336
1443,-0.35
1444,-0.354
1445,-0.342
1446,-0.316
1447,-0.281
1448,-0.246
1449,-0.217
1450,-0.198
1451,-0.187
1452,-0.184
1453,-0.181
1454,-0.175
1455,-0.164
1456,-0.149
1457,-0.132
1458,-0.111
1459,-0.092
1460,-0.08
1461,-0.078
1462,-0.086
1463,-0.103
1464,-0.129
1465,-0.154
1466,-0.17
1467,-0.168
1468,-0.149
1469,-0.132
1470,-0.137
1471,-0.17
1472,-0.213
1473,-0.254
1474,-0.292
1475,-0.328
1476,-0.355
1477,-0.365
1478,-0.363
1479,-0.359
1480,-0.369
1481,-0.402
1482,-0.462
1483,-0.544
1484,-0.628
1485,-0.696
1486,-0.738
1487,-0.758
1488,-0.761
1489,-0.755
1490,-0.739
1491,-0.711
1492,-0.681
1493,-0.662
1494,-0.66
1495,-0.669
1496,-0.677
1497,-0.68
1498,-0.674
1499,-0.656
1500,-0.63
1501,-0.594
1502,-0.541
1503,-0.474
1504,-0.402
1505,-0.342
1506,-0.307
1507,-0.293
1508,-0.283
1509,-0.262
1510,-0.23
1511,-0.196
1512,-0.173
1513,-0.156
1514,-0.136
1515,-0.118
1516,-0.107
1517,-0.11
1518,-0.119
1519,-0.117
1520,-0.094
1521,-0.06
1522,-0.034
1523,-0.022
1524,-0.02
1525,-0.016
1526,-0.006
1527,0.009
1528,0.017
1529,0.011
1530,-0.003
1531,-0.016
1532,-0.022
1533,-0.024
1534,-0.028
1535,-0.034
1536,-0.047
1537,-0.066
1538,-0.081
1539,-0.081
1540,-0.06
1541,-0.03
1542,-0.007
1543,0.008
1544,0.014
1545,0.017
1546,0.021
1547,0.026
1548,0.034
1549,0.049
1550,0.072
1551,0.092
1552,0.099
1553,0.097
1554,0.1
1555,0.108
1556,0.114
1557,0.111
1558,0.1
1559,0.091
1560,0.089
1561,0.089
1562,0.089
1563,0.095
1564,0.111
1565,0.135
1566,0.159
1567,0.181
1568,0.193
1569,0.195
1570,0.193
1571,0.195
1572,0.204
1573,0.216
1574,0.233
1575,0.253
1576,0.27
1577,0.274
1578,0.265
1579,0.244
1580,0.219
1581,0.193
1582,0.169
1583,0.145
1584,0.116
1585,0.082
1586,0.049
1587,0.021
1588,-0.003
1589,-0.027
1590,-0.051
1591,-0.072
1592,-0.086
1593,-0.092
1594,-0.09
1595,-0.081
1596,-0.063
1597,-0.041
1598,-0.018
1599,0.002
1600,0.015
1601,0.026
1602,0.04
1603,0.056
1604,0.071
1605,0.077
1606,0.072
1607,0.061
1608,0.045
1609,0.03
1610,0.023
1611,0.035
1612,0.07
1613,0.12
1614,0.171
1615,0.197
1616,0.189
1617,0.16
1618,0.127
1619,0.106
1620,0.105
1621,0.117
1622,0.131
1623,0.141
1624,0.148
1625,0.155
1626,0.166
1627,0.175
1628,0.179
1629,0.179
1630,0.185
1631,0.198
1632,0.21
1633,0.211
1634,0.2
1635,0.185
1636,0.178
1637,0.181
1638,0.184
1639,0.176
1640,0.154
1641,0.126
1642,0.106
1643,0.1
1644,0.112
1645,0.133
1646,0.148
1647,0.147
1648,0.128
1649,0.099
1650,0.068
1651,0.035
1652,0.003
1653,-0.017
1654,-0.017
1655,0.001
1656,0.027
1657,0.047
1658,0.049
1659,0.034
1660,0.005
1661,-0.032
1662,-0.071
1663,-0.099
1664,-0.107
1665,-0.099
1666,-0.077
1667,-0.05
1668,-0.027
1669,-0.028
1670,-0.057
1671,-0.1
1672,-0.142
1673,-0.183
1674,-0.229
1675,-0.276
1676,-0.311
1677,-0.313
1678,-0.285
1679,-0.245
1680,-0.219
1681,-0.214
1682,-0.224
1683,-0.239
1684,-0.255
1685,-0.265
1686,-0.267
1687,-0.267
1688,-0.269
1689,-0.275
1690,-0.278
1691,-0.279
1692,-0.282
1693,-0.285
1694,-0.279
1695,-0.26
1696,-0.23
1697,-0.203
1698,-0.191
1699,-0.202
1700,-0.23
1701,-0.26
1702,-0.28
1703,-0.293
1704,-0.308
1705,-0.331
1706,-0.356
1707,-0.373
1708,-0.376
1709,-0.365
1710,-0.346
1711,-0.327
1712,-0.313
1713,-0.307
1714,-0.312
1715,-0.33
1716,-0.359
1717,-0.395
1718,-0.431
1719,-0.454
1720,-0.454
1721,-0.432
1722,-0.399
1723,-0.373
1724,-0.373
1725,-0.408
1726,-0.463
1727,-0.511
1728,-0.527
1729,-0.508
1730,-0.47
1731,-0.422
1732,-0.368
1733,-0.314
1734,-0.272
1735,-0.243
1736,-0.225
1737,-0.219
1738,-0.223
1739,-0.233
1740,-0.234
1741,-0.216
1742,-0.172
1743,-0.105
1744,-0.032
1745,0.033
1746,0.075
1747,0.09
1748,0.091
1749,0.092
1750,0.1
1751,0.122
1752,0.159
1753,0.209
1754,0.264
1755,0.306
1756,0.321
1757,0.309
1758,0.29
1759,0.271
1760,0.247
1761,0.215
1762,0.182
1763,0.159
1764,0.144
1765,0.135
1766,0.13
1767,0.128
1768,0.125
1769,0.121
1770,0.123
1771,0.144
1772,0.176
1773,0.203
1774,0.219
1775,0.233
1776,0.251
1777,0.28
1778,0.321
1779,0.363
1780,0.394
1781,0.404
1782,0.402
1783,0.414
1784,0.452
1785,0.496
1786,0.524
1787,0.539
1788,0.558
1789,0.586
1790,0.612
1791,0.627
1792,0.631
1793,0.636
1794,0.651
1795,0.677
1796,0.71
1797,0.738
1798,0.754
1799,0.757
1800,0.752
1801,0.747
1802,0.746
1803,0.751
1804,0.764
1805,0.781
1806,0.792
1807,0.813
1808,0.849
1809,0.89
1810,0.913
1811,0.899
1812,0.873
1813,0.856
1814,0.853
1815,0.856
1816,0.858
1817,0.863
1818,0.877
1819,0.896
1820,0.917
1821,0.94
1822,0.961
1823,0.977
1824,0.99
1825,1.004
1826,1.011
1827,1
1828,0.973
1829,0.946
1830,0.932
1831,0.926
1832,0.907
1833,0.864
1834,0.804
1835,0.741
1836,0.68
1837,0.621
1838,0.566
1839,0.521
1840,0.492
1841,0.482
1842,0.482
1843,0.481
1844,0.474
1845,0.463
1846,0.453
1847,0.442
1848,0.42
1849,0.379
1850,0.328
1851,0.279
1852,0.241
1853,0.214
1854,0.199
1855,0.198
1856,0.211
1857,0.231
1858,0.248
1859,0.254
1860,0.238
1861,0.2
1862,0.154
1863,0.115
1864,0.094
1865,0.094
1866,0.11
1867,0.131
1868,0.149
1869,0.155
1870,0.153
1871,0.142
1872,0.121
1873,0.089
1874,0.05
1875,0.014
1876,-0.013
1877,-0.029
1878,-0.043
1879,-0.069
1880,-0.119
1881,-0.199
1882,-0.297
1883,-0.392
1884,-0.469
1885,-0.519
1886,-0.543
1887,-0.544
1888,-0.532
1889,-0.518
1890,-0.511
1891,-0.517
1892,-0.526
1893,-0.524
1894,-0.495
1895,-0.455
1896,-0.435
1897,-0.45
1898,-0.492
1899,-0.545
1900,-0.597
1901,-0.639
1902,-0.663
1903,-0.656
1904,-0.61
1905,-0.537
1906,-0.455
1907,-0.392
1908,-0.362
1909,-0.352
1910,-0.335
1911,-0.303
1912,-0.271
1913,-0.243
1914,-0.217
1915,-0.204
1916,-0.214
1917,-0.262
1918,-0.348
1919,-0.451
1920,-0.547
1921,-0.612
1922,-0.639
1923,-0.649
1924,-0.652
1925,-0.65
1926,-0.64
1927,-0.618
1928,-0.587
1929,-0.564
1930,-0.566
1931,-0.595
1932,-0.627
1933,-0.639
1934,-0.619
1935,-0.575
1936,-0.534
1937,-0.515
1938,-0.517
1939,-0.525
1940,-0.535
1941,-0.557
1942,-0.59
1943,-0.615
1944,-0.617
1945,-0.591
1946,-0.554
1947,-0.521
1948,-0.496
1949,-0.477
1950,-0.463
1951,-0.463
1952,-0.476
1953,-0.496
1954,-0.516
1955,-0.534
1956,-0.551
1957,-0.566
1958,-0.574
1959,-0.57
1960,-0.555
1961,-0.534
1962,-0.51
1963,-0.476
1964,-0.429
1965,-0.369
1966,-0.305
1967,-0.242
1968,-0.185
1969,-0.124
1970,-0.059
1971,0.004
1972,0.06
1973,0.11
1974,0.154
1975,0.191
1976,0.214
1977,0.215
1978,0.195
1979,0.16
1980,0.122
1981,0.083
1982,0.031
1983,-0.028
1984,-0.076
1985,-0.098
1986,-0.084
1987,-0.036
1988,0.03
1989,0.102
1990,0.168
1991,0.224
1992,0.276
1993,0.32
1994,0.341
1995,0.33
1996,0.3
1997,0.276
1998,0.271
1999,0.289
2000,0.319
2001,0.351
2002,0.385
2003,0.423
2004,0.454
2005,0.471
2006,0.46
2007,0.414
2008,0.345
2009,0.275
2010,0.232
2011,0.221
2012,0.229
2013,0.255
2014,0.294
2015,0.333
2016,0.356
2017,0.349
2018,0.299
2019,0.231
2020,0.166
2021,0.11
2022,0.082
2023,0.074
2024,0.06
2025,0.036
2026,0.019
2027,0.006
2028,-0.007
2029,-0.018
2030,-0.029
2031,-0.046
2032,-0.067
2033,-0.093
2034,-0.129
2035,-0.166
2036,-0.187
2037,-0.179
2038,-0.15
2039,-0.125
2040,-0.119
2041,-0.129
2042,-0.135
2043,-0.12
2044,-0.087
2045,-0.049
2046,-0.018
2047,-0.001
2048,0.006
2049,0.016
2050,0.037
2051,0.064
2052,0.093
2053,0.115
2054,0.13
2055,0.138
2056,0.144
2057,0.152
2058,0.167
2059,0.177
2060,0.173
2061,0.157
2062,0.137
2063,0.121
2064,0.109
2065,0.093
2066,0.064
2067,0.03
2068,0
2069,-0.023
2070,-0.044
2071,-0.07
2072,-0.096
2073,-0.112
2074,-0.114
2075,-0.109
2076,-0.105
2077,-0.107
2078,-0.113
2079,-0.121
2080,-0.128
2081,-0.132
2082,-0.134
2083,-0.132
2084,-0.12
2085,-0.096
2086,-0.068
2087,-0.046
2088,-0.036
2089,-0.04
2090,-0.05
2091,-0.056
2092,-0.058
2093,-0.063
2094,-0.076
2095,-0.094
2096,-0.107
2097,-0.107
2098,-0.098
2099,-0.096
2100,-0.11
2101,-0.133
2102,-0.155
2103,-0.171
2104,-0.188
2105,-0.211
2106,-0.234
2107,-0.246
2108,-0.24
2109,-0.22
2110,-0.195
2111,-0.173
2112,-0.153
2113,-0.134
2114,-0.121
2115,-0.112
2116,-0.102
2117,-0.094
2118,-0.087
2119,-0.081
2120,-0.074
2121,-0.066
2122,-0.061
2123,-0.063
2124,-0.068
2125,-0.07
2126,-0.07
2127,-0.074
2128,-0.085
2129,-0.097
2130,-0.104
2131,-0.106
2132,-0.106
2133,-0.107
2134,-0.106
2135,-0.099
2136,-0.081
2137,-0.052
2138,-0.025
2139,-0.012
2140,-0.011
2141,-0.016
2142,-0.023
2143,-0.03
2144,-0.04
2145,-0.052
2146,-0.066
2147,-0.081
2148,-0.092
2149,-0.095
2150,-0.094
2151,-0.1
2152,-0.111
2153,-0.114
2154,-0.102
2155,-0.082
2156,-0.067
2157,-0.059
2158,-0.045
2159,-0.014
2160,0.028
2161,0.066
2162,0.086
2163,0.085
2164,0.075
2165,0.062
2166,0.041
2167,0.015
2168,-0.009
2169,-0.023
2170,-0.023
2171,-0.019
2172,-0.015
2173,-0.011
2174,-0.005
2175,0.004
2176,0.017
2177,0.03
2178,0.042
2179,0.05
2180,0.052
2181,0.044
2182,0.028
2183,0.003
2184,-0.026
2185,-0.049
2186,-0.063
2187,-0.065
2188,-0.067
2189,-0.073
2190,-0.082
2191,-0.09
2192,-0.088
2193,-0.083
2194,-0.081
2195,-0.085
2196,-0.085
2197,-0.079
2198,-0.068
2199,-0.055
2200,-0.039
2201,-0.016
2202,0.014
2203,0.041
2204,0.065
2205,0.089
2206,0.109
2207,0.129
2208,0.149
2209,0.168
2210,0.18
2211,0.188
2212,0.196
2213,0.197
2214,0.19
2215,0.177
2216,0.162
2217,0.144
2218,0.124
2219,0.102
2220,0.08
2221,0.057
2222,0.035
2223,0.014
2224,-0.006
2225,-0.026
2226,-0.045
2227,-0.06
2228,-0.07
2229,-0.076
2230,-0.087
2231,-0.106
2232,-0.124
2233,-0.131
2234,-0.127
2235,-0.12
2236,-0.111
2237,-0.099
2238,-0.086
2239,-0.071
2240,-0.05
2241,-0.025
2242,-0.008
2243,-0.007
2244,-0.018
2245,-0.029
2246,-0.033
2247,-0.033
2248,-0.038
2249,-0.049
2250,-0.056
2251,-0.055
2252,-0.046
2253,-0.033
2254,-0.022
2255,-0.016
2256,-0.014
2257,-0.011
2258,-0.006
2259,-0.001
2260,0.002
2261,0.002
2262,0
2263,-0.002
2264,-0.005
2265,-0.008
2266,-0.01
2267,-0.017
2268,-0.029
2269,-0.044
2270,-0.057
2271,-0.063
2272,-0.061
2273,-0.054
2274,-0.045
2275,-0.034
2276,-0.019
2277,-0.003
2278,0.016
2279,0.035
2280,0.049
2281,0.056
2282,0.062
2283,0.075
2284,0.095
2285,0.117
2286,0.135
2287,0.151
2288,0.168
2289,0.186
2290,0.203
2291,0.219
2292,0.231
2293,0.242
2294,0.25
2295,0.257
2296,0.263
2297,0.27
2298,0.276
2299,0.281
2300,0.281
2301,0.28
2302,0.281
2303,0.287
2304,0.292
2305,0.293
2306,0.291
2307,0.291
2308,0.293
2309,0.296
2310,0.296
2311,0.294
2312,0.29
2313,0.287
2314,0.287
2315,0.29
2316,0.291
2317,0.289
2318,0.284
2319,0.277
2320,0.268
2321,0.259
2322,0.252
2323,0.246
2324,0.235
2325,0.218
2326,0.196
2327,0.176
2328,0.16
2329,0.151
2330,0.146
2331,0.142
2332,0.136
2333,0.129
2334,0.122
2335,0.114
2336,0.103
2337,0.092
2338,0.084
2339,0.079
2340,0.076
2341,0.074
2342,0.073
2343,0.072
2344,0.066
2345,0.053
2346,0.035
2347,0.017
2348,0.004
2349,-0.002
2350,-0.005
2351,-0.011
2352,-0.026
2353,-0.047
2354,-0.067
2355,-0.082
2356,-0.093
2357,-0.102
2358,-0.108
2359,-0.112
2360,-0.116
2361,-0.119
2362,-0.125
2363,-0.132
2364,-0.138
2365,-0.142
2366,-0.148
2367,-0.158
2368,-0.167
2369,-0.173
2370,-0.174
2371,-0.175
2372,-0.175
2373,-0.177
2374,-0.177
2375,-0.178
2376,-0.181
2377,-0.185
2378,-0.187
2379,-0.185
2380,-0.18
2381,-0.175
2382,-0.17
2383,-0.166
2384,-0.165
2385,-0.166
2386,-0.165
2387,-0.161
2388,-0.153
2389,-0.144
2390,-0.14
2391,-0.142
2392,-0.145
2393,-0.147
2394,-0.147
2395,-0.149
2396,-0.155
2397,-0.161
2398,-0.164
2399,-0.164
2400,-0.163
2401,-0.163
2402,-0.162
2403,-0.157
2404,-0.151
2405,-0.146
2406,-0.143
2407,-0.14
2408,-0.136
2409,-0.131
2410,-0.127
2411,-0.124
2412,-0.122
2413,-0.119
2414,-0.114
2415,-0.111
2416,-0.111
2417,-0.112
2418,-0.113
2419,-0.112
2420,-0.109
2421,-0.106
2422,-0.105
2423,-0.109
2424,-0.113
2425,-0.111
2426,-0.103
2427,-0.089
2428,-0.076
2429,-0.067
2430,-0.06
2431,-0.054
2432,-0.046
2433,-0.035
2434,-0.022
2435,-0.006
2436,0.009
2437,0.018
2438,0.025
2439,0.034
2440,0.046
2441,0.058
2442,0.065
2443,0.07
2444,0.073
2445,0.077
2446,0.083
2447,0.089
2448,0.093
2449,0.093
2450,0.092
2451,0.09
2452,0.091
2453,0.093
2454,0.097
2455,0.1
2456,0.102
2457,0.101
2458,0.1
2459,0.102
2460,0.107
2461,0.113
2462,0.117
2463,0.12
2464,0.124
2465,0.13
2466,0.138
2467,0.143
2468,0.144
2469,0.143
2470,0.142
2471,0.143
2472,0.144
2473,0.143
2474,0.138
2475,0.13
2476,0.121
2477,0.114
2478,0.108
2479,0.104
2480,0.098
2481,0.09
2482,0.079
2483,0.068
2484,0.058
2485,0.051
2486,0.044
2487,0.034
2488,0.022
2489,0.011
2490,0.004
2491,0.001
2492,-0.005
2493,-0.015
2494,-0.028
2495,-0.041
2496,-0.051
2497,-0.057
2498,-0.06
2499,-0.064
2500,-0.067
2501,-0.068
2502,-0.068
2503,-0.066
2504,-0.063
2505,-0.061
2506,-0.06
2507,-0.06
2508,-0.059
2509,-0.058
2510,-0.057
2511,-0.056
2512,-0.053
2513,-0.048
2514,-0.04
2515,-0.03
2516,-0.02
2517,-0.011
2518,-0.003
2519,0.006
2520,0.016
2521,0.024
2522,0.031
2523,0.038
2524,0.046
2525,0.055
2526,0.063
2527,0.069
2528,0.074
2529,0.08
2530,0.089
2531,0.1
2532,0.109
2533,0.114
2534,0.115
2535,0.117
2536,0.123
2537,0.131
2538,0.138
2539,0.142
2540,0.145
2541,0.146
2542,0.146
2543,0.145
2544,0.143
2545,0.142
2546,0.142
2547,0.144
2548,0.145
2549,0.143
2550,0.137
2551,0.13
2552,0.123
2553,0.119
2554,0.119
2555,0.122
2556,0.123
2557,0.119
2558,0.111
2559,0.1
2560,0.088
2561,0.078
2562,0.068
2563,0.058
2564,0.048
2565,0.036
2566,0.021
2567,0.007
2568,-0.005
2569,-0.016
2570,-0.03
2571,-0.045
2572,-0.057
2573,-0.063
2574,-0.066
2575,-0.069
2576,-0.076
2577,-0.086
2578,-0.096
2579,-0.104
2580,-0.108
2581,-0.111
2582,-0.115
2583,-0.119
2584,-0.121
2585,-0.123
2586,-0.125
2587,-0.129
2588,-0.132
2589,-0.134
2590,-0.134
2591,-0.132
2592,-0.13
2593,-0.13
2594,-0.13
2595,-0.128
2596,-0.125
2597,-0.121
2598,-0.117
2599,-0.114
2600,-0.113
2601,-0.113
2602,-0.112
2603,-0.112
2604,-0.112
2605,-0.114
2606,-0.115
2607,-0.117
2608,-0.119
2609,-0.12
2610,-0.12
2611,-0.121
2612,-0.123
2613,-0.125
2614,-0.127
2615,-0.13
2616,-0.133
2617,-0.137
2618,-0.14
2619,-0.141
2620,-0.141
2621,-0.141
2622,-0.142
2623,-0.141
2624,-0.138
2625,-0.133
2626,-0.13
2627,-0.128
2628,-0.125
2629,-0.12
2630,-0.113
2631,-0.105
2632,-0.095
2633,-0.082
2634,-0.07
2635,-0.058
2636,-0.047
2637,-0.035
2638,-0.022
2639,-0.01
2640,0.001
2641,0.01
2642,0.021
2643,0.031
2644,0.042
2645,0.053
2646,0.064
2647,0.075
2648,0.085
2649,0.097
2650,0.107
2651,0.115
2652,0.121
2653,0.128
2654,0.136
2655,0.143
2656,0.15
2657,0.156
2658,0.161
2659,0.164
2660,0.165
2661,0.164
2662,0.161
2663,0.16
2664,0.162
2665,0.164
2666,0.166
2667,0.17
2668,0.173
2669,0.175
2670,0.176
2671,0.178
2672,0.18
2673,0.179
2674,0.177
2675,0.176
2676,0.175
2677,0.175
2678,0.174
2679,0.174
2680,0.175
2681,0.176
2682,0.174
2683,0.167
2684,0.158
2685,0.148
2686,0.141
2687,0.135
2688,0.129
2689,0.122
2690,0.115
2691,0.107
2692,0.1
2693,0.094
2694,0.091
2695,0.089
2696,0.085
2697,0.078
2698,0.069
2699,0.061
2700,0.054
2701,0.047
2702,0.037
2703,0.025
2704,0.012
2705,0
2706,-0.012
2707,-0.024
2708,-0.034
2709,-0.043
2710,-0.054
2711,-0.069
2712,-0.085
2713,-0.1
2714,-0.112
2715,-0.121
2716,-0.128
2717,-0.134
2718,-0.144
2719,-0.156
2720,-0.167
2721,-0.176
2722,-0.183
2723,-0.191
2724,-0.199
2725,-0.204
2726,-0.208
2727,-0.212
2728,-0.216
2729,-0.219
2730,-0.22
2731,-0.219
2732,-0.218
2733,-0.216
2734,-0.214
2735,-0.209
2736,-0.201
2737,-0.191
2738,-0.181
2739,-0.173
2740,-0.165
2741,-0.156
2742,-0.147
2743,-0.138
2744,-0.13
2745,-0.122
2746,-0.115
2747,-0.107
2748,-0.099
2749,-0.092
2750,-0.085
2751,-0.075
2752,-0.063
2753,-0.051
2754,-0.041
2755,-0.035
2756,-0.031
2757,-0.026
2758,-0.022
2759,-0.017
2760,-0.014
2761,-0.009
2762,-0.003
2763,0.001
2764,0.003
2765,0.004
2766,0.007
2767,0.012
2768,0.014
2769,0.016
2770,0.018
2771,0.02
2772,0.022
2773,0.023
2774,0.024
2775,0.028
2776,0.034
2777,0.04
2778,0.045
2779,0.047
2780,0.05
2781,0.051
2782,0.051
2783,0.051
2784,0.052
2785,0.053
2786,0.053
2787,0.052
2788,0.051
2789,0.05
2790,0.05
2791,0.049
2792,0.049
2793,0.048
2794,0.047
2795,0.046
2796,0.046
2797,0.046
2798,0.047
2799,0.046
2800,0.046
2801,0.046
2802,0.044
2803,0.039
2804,0.034
2805,0.031
2806,0.029
2807,0.027
2808,0.022
2809,0.016
2810,0.01
2811,0.006
2812,0.002
2813,0
2814,-0.001
2815,0
2816,-0.001
2817,-0.005
2818,-0.009
2819,-0.011
2820,-0.014
2821,-0.016
2822,-0.017
2823,-0.017
2824,-0.017
2825,-0.017
2826,-0.016
2827,-0.016
2828,-0.018
2829,-0.021
2830,-0.025
2831,-0.027
2832,-0.029
2833,-0.029
2834,-0.026
2835,-0.023
2836,-0.02
2837,-0.019
2838,-0.019
2839,-0.018
2840,-0.015
2841,-0.013
2842,-0.011
2843,-0.01
2844,-0.01
2845,-0.01
2846,-0.008
2847,-0.004
2848,-0.001
2849,0.003
2850,0.009
2851,0.017
2852,0.026
2853,0.035
2854,0.042
2855,0.046
2856,0.049
2857,0.053
2858,0.058
2859,0.064
2860,0.07
2861,0.074
2862,0.079
2863,0.082
2864,0.083
2865,0.083
2866,0.083
2867,0.085
2868,0.088
2869,0.091
2870,0.092
2871,0.093
2872,0.094
2873,0.096
2874,0.098
2875,0.101
2876,0.106
2877,0.112
2878,0.117
2879,0.123
2880,0.126
2881,0.127
2882,0.127
2883,0.128
2884,0.13
2885,0.132
2886,0.133
2887,0.135
2888,0.137
2889,0.139
2890,0.141
2891,0.143
2892,0.145
2893,0.147
2894,0.149
2895,0.15
2896,0.151
2897,0.151
2898,0.149
2899,0.149
2900,0.148
2901,0.145
2902,0.142
2903,0.139
2904,0.137
2905,0.134
2906,0.13
2907,0.124
2908,0.119
2909,0.112
2910,0.106
2911,0.099
2912,0.093
2913,0.087
2914,0.082
2915,0.077
2916,0.071
2917,0.065
2918,0.058
2919,0.051
2920,0.046
2921,0.041
2922,0.036
2923,0.031
2924,0.024
2925,0.019
2926,0.015
2927,0.011
2928,0.006
2929,0
2930,-0.005
2931,-0.007
2932,-0.009
2933,-0.013
2934,-0.019
2935,-0.024
2936,-0.028
2937,-0.033
2938,-0.039
2939,-0.046
2940,-0.051
2941,-0.054
2942,-0.056
2943,-0.058
2944,-0.059
2945,-0.06
2946,-0.064
2947,-0.07
2948,-0.077
2949,-0.084
2950,-0.089
2951,-0.092
2952,-0.093
2953,-0.095
2954,-0.098
2955,-0.101
2956,-0.101
2957,-0.101
2958,-0.101
2959,-0.102
2960,-0.104
2961,-0.106
2962,-0.107
2963,-0.106
2964,-0.106
2965,-0.109
2966,-0.113
2967,-0.116
2968,-0.118
2969,-0.12
2970,-0.122
2971,-0.125
2972,-0.129
2973,-0.133
2974,-0.136
2975,-0.136
2976,-0.135
2977,-0.135
2978,-0.135
2979,-0.137
2980,-0.139
2981,-0.141
2982,-0.142
2983,-0.143
2984,-0.142
2985,-0.141
2986,-0.139
2987,-0.139
2988,-0.139
2989,-0.138
2990,-0.135
2991,-0.132
2992,-0.13
2993,-0.129
2994,-0.13
2995,-0.131
2996,-0.131
2997,-0.13
2998,-0.129
2999,-0.129
3000,-0.131
3001,-0.132
3002,-0.132
3003,-0.129
3004,-0.124
3005,-0.118
3006,-0.112
3007,-0.107
3008,-0.102
3009,-0.095
3010,-0.088
3011,-0.08
3012,-0.074
3013,-0.068
3014,-0.061
3015,-0.054
3016,-0.048
3017,-0.043
3018,-0.038
3019,-0.03
3020,-0.024
3021,-0.019
3022,-0.014
3023,-0.008
3024,-0.002
3025,0.002
3026,0.006
3027,0.012
3028,0.018
3029,0.023
3030,0.027
3031,0.031
3032,0.034
3033,0.038
3034,0.042
3035,0.045
3036,0.048
3037,0.052
3038,0.055
3039,0.059
3040,0.064
3041,0.07
3042,0.073
3043,0.074
3044,0.075
3045,0.076
3046,0.079
3047,0.08
3048,0.078
3049,0.074
3050,0.072
3051,0.072
3052,0.073
3053,0.074
3054,0.076
3055,0.076
3056,0.076
3057,0.075
3058,0.075
3059,0.074
3060,0.073
3061,0.069
3062,0.065
3063,0.06
3064,0.054
3065,0.046
3066,0.038
3067,0.032
3068,0.028
3069,0.023
3070,0.017
3071,0.012
3072,0.006
3073,0.002
3074,-0.002
3075,-0.005
3076,-0.009
3077,-0.013
3078,-0.017
3079,-0.021
3080,-0.024
3081,-0.027
3082,-0.032
3083,-0.036
3084,-0.04
3085,-0.043
3086,-0.047
3087,-0.051
3088,-0.053
3089,-0.054
3090,-0.055
3091,-0.057
3092,-0.058
3093,-0.058
3094,-0.056
3095,-0.053
3096,-0.05
3097,-0.048
3098,-0.047
3099,-0.043
3100,-0.038
3101,-0.03
3102,-0.024
3103,-0.019
3104,-0.016
3105,-0.012
3106,-0.004
3107,0.005
3108,0.014
3109,0.023
3110,0.032
3111,0.04
3112,0.049
3113,0.058
3114,0.066
3115,0.074
3116,0.081
3117,0.087
3118,0.094
3119,0.101
3120,0.111
3121,0.122
3122,0.133
3123,0.142
3124,0.147
3125,0.152
3126,0.158
3127,0.166
3128,0.173
3129,0.181
3130,0.187
3131,0.192
3132,0.196
3133,0.199
3134,0.201
3135,0.203
3136,0.205
3137,0.205
3138,0.204
3139,0.202
3140,0.201
3141,0.201
3142,0.201
3143,0.201
3144,0.2
3145,0.197
3146,0.194
3147,0.193
3148,0.193
3149,0.192
3150,0.189
3151,0.185
3152,0.181
3153,0.178
3154,0.173
3155,0.168
3156,0.162
3157,0.157
3158,0.153
3159,0.15
3160,0.146
3161,0.14
3162,0.133
3163,0.125
3164,0.118
3165,0.113
3166,0.108
3167,0.102
3168,0.097
3169,0.092
3170,0.088
3171,0.081
3172,0.071
3173,0.062
3174,0.054
3175,0.05
3176,0.045
3177,0.039
3178,0.033
3179,0.026
3180,0.021
3181,0.015
3182,0.009
3183,0.003
3184,-0.002
3185,-0.004
3186,-0.004
3187,-0.004
3188,-0.003
3189,-0.003
3190,-0.005
3191,-0.009
3192,-0.012
3193,-0.014
3194,-0.015
3195,-0.016
3196,-0.017
3197,-0.018
3198,-0.018
3199,-0.019
3200,-0.02
3201,-0.023
3202,-0.025
3203,-0.025
3204,-0.023
3205,-0.021
3206,-0.018
3207,-0.016
3208,-0.016
3209,-0.016
3210,-0.016
3211,-0.016
3212,-0.014
3213,-0.013
3214,-0.014
3215,-0.015
3216,-0.016
3217,-0.016
3218,-0.014
3219,-0.015
3220,-0.016
3221,-0.019
3222,-0.021
3223,-0.022
3224,-0.024
3225,-0.026
3226,-0.03
3227,-0.034
3228,-0.037
3229,-0.038
3230,-0.039
3231,-0.04
3232,-0.041
3233,-0.043
3234,-0.043
3235,-0.041
3236,-0.04
3237,-0.04
3238,-0.04
3239,-0.039
3240,-0.038
3241,-0.038
3242,-0.039
3243,-0.04
3244,-0.041
3245,-0.042
3246,-0.042
3247,-0.043
3248,-0.044
3249,-0.045
3250,-0.044
3251,-0.04
3252,-0.037
3253,-0.035
3254,-0.035
3255,-0.035
3256,-0.035
3257,-0.034
3258,-0.033
3259,-0.032
3260,-0.03
3261,-0.028
3262,-0.028
3263,-0.029
3264,-0.032
3265,-0.035
3266,-0.037
3267,-0.039
3268,-0.04
3269,-0.04
3270,-0.04
3271,-0.04
3272,-0.039
3273,-0.04
3274,-0.041
3275,-0.042
3276,-0.043
3277,-0.043
3278,-0.042
3279,-0.042
3280,-0.042
3281,-0.044
3282,-0.044
3283,-0.045
3284,-0.045
3285,-0.045
3286,-0.047
3287,-0.049
3288,-0.05
3289,-0.051
3290,-0.052
3291,-0.052
3292,-0.054
3293,-0.055
3294,-0.057
3295,-0.059
3296,-0.062
3297,-0.066
3298,-0.071
3299,-0.075
3300,-0.078
3301,-0.08
3302,-0.081
3303,-0.084
3304,-0.087
3305,-0.09
3306,-0.093
3307,-0.096
3308,-0.1
3309,-0.103
3310,-0.105
3311,-0.107
3312,-0.109
3313,-0.111
3314,-0.112
3315,-0.113
3316,-0.114
3317,-0.114
3318,-0.114
3319,-0.114
3320,-0.114
3321,-0.116
3322,-0.12
3323,-0.123
3324,-0.125
3325,-0.125
3326,-0.124
3327,-0.124
3328,-0.126
3329,-0.129
3330,-0.131
3331,-0.132
3332,-0.132
3333,-0.131
3334,-0.131
3335,-0.131
3336,-0.131
3337,-0.13
3338,-0.13
3339,-0.129
3340,-0.128
3341,-0.127
3342,-0.127
3343,-0.127
3344,-0.126
3345,-0.124
3346,-0.12
3347,-0.115
3348,-0.112
3349,-0.111
3350,-0.11
3351,-0.108
3352,-0.106
3353,-0.104
3354,-0.102
3355,-0.1
3356,-0.098
3357,-0.093
3358,-0.088
3359,-0.083
3360,-0.079
3361,-0.076
3362,-0.073
3363,-0.069
3364,-0.065
3365,-0.06
3366,-0.057
3367,-0.052
3368,-0.048
3369,-0.045
3370,-0.041
3371,-0.036
3372,-0.032
3373,-0.028
3374,-0.023
3375,-0.019
3376,-0.015
3377,-0.01
3378,-0.007
3379,-0.005
3380,-0.003
3381,-0.002
3382,-0.001
3383,-0.001
3384,-0.002
3385,-0.002
3386,0
3387,0.003
3388,0.006
3389,0.008
3390,0.01
3391,0.014
3392,0.018
3393,0.021
3394,0.023
3395,0.024
3396,0.024
3397,0.023
3398,0.021
3399,0.018
3400,0.015
3401,0.015
3402,0.015
3403,0.016
3404,0.016
3405,0.015
3406,0.013
3407,0.012
3408,0.012
3409,0.013
3410,0.014
3411,0.015
3412,0.017
3413,0.02
3414,0.023
3415,0.025
3416,0.025
3417,0.025
3418,0.025
3419,0.027
3420,0.028
3421,0.03
3422,0.032
3423,0.034
3424,0.035
3425,0.037
3426,0.04
3427,0.043
3428,0.046
3429,0.049
3430,0.051
3431,0.053
3432,0.055
3433,0.057
3434,0.057
3435,0.057
3436,0.056
3437,0.057
3438,0.058
3439,0.06
3440,0.061
3441,0.061
3442,0.062
3443,0.063
3444,0.065
3445,0.068
3446,0.07
3447,0.071
3448,0.07
3449,0.068
3450,0.066
3451,0.064
3452,0.062
3453,0.062
3454,0.061
3455,0.061
3456,0.062
3457,0.064
3458,0.066
3459,0.068
3460,0.07
3461,0.073
3462,0.074
3463,0.075
3464,0.075
3465,0.075
3466,0.076
3467,0.076
3468,0.076
3469,0.076
3470,0.077
3471,0.078
3472,0.079
3473,0.079
3474,0.08
3475,0.08
3476,0.08
3477,0.079
3478,0.077
3479,0.076
3480,0.075
3481,0.075
3482,0.077
3483,0.079
3484,0.08
3485,0.08
3486,0.08
3487,0.08
3488,0.08
3489,0.08
3490,0.081
3491,0.082
3492,0.082
3493,0.082
3494,0.083
3495,0.082
3496,0.082
3497,0.081
3498,0.079
3499,0.077
3500,0.077
3501,0.077
3502,0.078
3503,0.08
3504,0.081
3505,0.082
3506,0.083
3507,0.083
3508,0.082
3509,0.082
3510,0.082
3511,0.083
3512,0.084
3513,0.085
3514,0.087
3515,0.089
3516,0.091
3517,0.093
3518,0.094
3519,0.095
3520,0.097
3521,0.099
3522,0.1
3523,0.1
3524,0.098
3525,0.097
3526,0.097
3527,0.096
3528,0.096
3529,0.095
3530,0.095
3531,0.095
3532,0.095
3533,0.095
3534,0.094
3535,0.092
3536,0.091
3537,0.09
3538,0.088
3539,0.085
3540,0.083
3541,0.081
3542,0.08
3543,0.078
3544,0.074
3545,0.07
3546,0.068
3547,0.068
3548,0.067
3549,0.067
3550,0.065
3551,0.063
3552,0.062
3553,0.061
3554,0.06
3555,0.059
3556,0.058
3557,0.057
3558,0.055
3559,0.053
3560,0.05
3561,0.047
3562,0.046
3563,0.046
3564,0.047
3565,0.047
3566,0.046
3567,0.046
3568,0.046
3569,0.047
3570,0.047
3571,0.047
3572,0.047
3573,0.047
3574,0.048
3575,0.048
3576,0.048
3577,0.047
3578,0.045
3579,0.044
3580,0.043
3581,0.044
3582,0.046
3583,0.047
3584,0.048
3585,0.05
3586,0.051
3587,0.052
3588,0.053
3589,0.053
3590,0.053
3591,0.053
3592,0.052
3593,0.051
3594,0.049
3595,0.046
3596,0.042
3597,0.039
3598,0.037
3599,0.035
3600,0.033
3601,0.03
3602,0.028
3603,0.026
3604,0.024
3605,0.021
3606,0.019
3607,0.016
3608,0.015
3609,0.014
3610,0.012
3611,0.011
3612,0.009
3613,0.007
3614,0.005
3615,0.001
3616,-0.002
3617,-0.005
3618,-0.006
3619,-0.007
3620,-0.007
3621,-0.007
3622,-0.007
3623,-0.008
3624,-0.008
3625,-0.009
3626,-0.009
3627,-0.01
3628,-0.011
3629,-0.012
3630,-0.012
3631,-0.013
3632,-0.014
3633,-0.016
3634,-0.019
3635,-0.022
3636,-0.026
3637,-0.028
3638,-0.03
3639,-0.033
3640,-0.035
3641,-0.036
3642,-0.036
3643,-0.037
3644,-0.037
3645,-0.038
3646,-0.039
3647,-0.041
3648,-0.043
3649,-0.045
3650,-0.047
3651,-0.049
3652,-0.051
3653,-0.052
3654,-0.053
3655,-0.053
3656,-0.054
3657,-0.055
3658,-0.055
3659,-0.054
3660,-0.054
3661,-0.052
3662,-0.051
3663,-0.049
3664,-0.048
3665,-0.047
3666,-0.048
3667,-0.048
3668,-0.049
3669,-0.05
3670,-0.052
3671,-0.053
3672,-0.053
3673,-0.054
3674,-0.054
3675,-0.055
3676,-0.056
3677,-0.056
3678,-0.055
3679,-0.054
3680,-0.052
3681,-0.051
3682,-0.05
3683,-0.049
3684,-0.048
3685,-0.049
3686,-0.049
3687,-0.05
3688,-0.051
3689,-0.052
3690,-0.052
3691,-0.053
3692,-0.054
3693,-0.055
3694,-0.056
3695,-0.056
3696,-0.056
3697,-0.055
3698,-0.056
3699,-0.057
3700,-0.058
3701,-0.058
3702,-0.058
3703,-0.059
3704,-0.059
3705,-0.06
3706,-0.06
3707,-0.059
3708,-0.059
3709,-0.058
3710,-0.057
3711,-0.056
3712,-0.055
3713,-0.054
3714,-0.053
3715,-0.051
3716,-0.049
3717,-0.046
3718,-0.042
3719,-0.037
3720,-0.033
3721,-0.029
3722,-0.025
3723,-0.02
3724,-0.016
3725,-0.012
3726,-0.008
3727,-0.003
3728,0.002
3729,0.005
3730,0.008
3731,0.012
3732,0.015
3733,0.019
3734,0.022
3735,0.025
3736,0.028
3737,0.031
3738,0.033
3739,0.035
3740,0.036
3741,0.036
3742,0.037
3743,0.037
3744,0.037
3745,0.037
3746,0.037
3747,0.037
3748,0.037
3749,0.036
3750,0.035
3751,0.033
3752,0.03
3753,0.028
3754,0.026
3755,0.024
3756,0.021
3757,0.017
3758,0.014
3759,0.011
3760,0.009
3761,0.007
3762,0.005
3763,0.002
3764,0
3765,-0.002
3766,-0.005
3767,-0.007
3768,-0.008
3769,-0.01
3770,-0.012
3771,-0.014
3772,-0.017
3773,-0.019
3774,-0.022
3775,-0.023
3776,-0.025
3777,-0.027
3778,-0.03
3779,-0.034
3780,-0.037
3781,-0.039
3782,-0.041
3783,-0.042
3784,-0.042
3785,-0.042
3786,-0.041
3787,-0.04
3788,-0.039
3789,-0.038
3790,-0.037
3791,-0.037
3792,-0.035
3793,-0.034
3794,-0.032
3795,-0.031
3796,-0.029
3797,-0.028
3798,-0.026
3799,-0.025
3800,-0.023
3801,-0.021
3802,-0.018
3803,-0.016
3804,-0.015
3805,-0.014
3806,-0.013
3807,-0.011
3808,-0.009
3809,-0.007
3810,-0.006
3811,-0.005
3812,-0.004
3813,-0.003
3814,-0.002
3815,-0.001
3816,0.001
3817,0.003
3818,0.004
3819,0.004
3820,0.005
3821,0.005
3822,0.004
3823,0.005
3824,0.007
3825,0.008
3826,0.009
3827,0.01
3828,0.012
3829,0.015
3830,0.017
3831,0.017
3832,0.017
3833,0.018
3834,0.019
3835,0.019
3836,0.02
3837,0.019
3838,0.019
3839,0.018
3840,0.018
3841,0.017
3842,0.017
3843,0.016
3844,0.015
3845,0.014
3846,0.013
3847,0.011
3848,0.009
3849,0.007
3850,0.005
3851,0.005
3852,0.004
3853,0.002
3854,0.001
3855,-0.001
3856,-0.002
3857,-0.004
3858,-0.005
3859,-0.006
3860,-0.007
3861,-0.007
3862,-0.006
3863,-0.005
3864,-0.005
3865,-0.005
3866,-0.007
3867,-0.009
3868,-0.01
3869,-0.011
3870,-0.013
3871,-0.016
3872,-0.02
3873,-0.024
3874,-0.027
3875,-0.031
3876,-0.035
3877,-0.039
3878,-0.041
3879,-0.042
3880,-0.044
3881,-0.046
3882,-0.048
3883,-0.051
3884,-0.053
3885,-0.056
3886,-0.059
3887,-0.062
3888,-0.066
3889,-0.07
3890,-0.073
3891,-0.075
3892,-0.077
3893,-0.079
3894,-0.08
3895,-0.081
3896,-0.082
3897,-0.081
3898,-0.08
3899,-0.079
3900,-0.078
3901,-0.076
3902,-0.075
3903,-0.074
3904,-0.072
3905,-0.071
3906,-0.071
3907,-0.071
3908,-0.07
3909,-0.068
3910,-0.065
3911,-0.062
3912,-0.059
3913,-0.056
3914,-0.051
3915,-0.046
3916,-0.041
3917,-0.036
3918,-0.031
3919,-0.027
3920,-0.023
3921,-0.019
3922,-0.016
3923,-0.012
3924,-0.008
3925,-0.003
3926,0.002
3927,0.008
3928,0.014
3929,0.018
3930,0.022
3931,0.026
3932,0.03
3933,0.033
3934,0.036
3935,0.04
3936,0.042
3937,0.046
3938,0.049
3939,0.051
3940,0.054
3941,0.055
3942,0.058
3943,0.06
3944,0.063
3945,0.065
3946,0.068
3947,0.071
3948,0.074
3949,0.077
3950,0.08
3951,0.083
3952,0.084
3953,0.085
3954,0.085
3955,0.086
3956,0.087
3957,0.088
3958,0.089
3959,0.089
3960,0.088
3961,0.086
3962,0.084
3963,0.082
3964,0.08
3965,0.078
3966,0.076
3967,0.075
3968,0.074
3969,0.072
3970,0.07
3971,0.068
3972,0.065
3973,0.062
3974,0.06
3975,0.057
3976,0.054
3977,0.052
3978,0.049
3979,0.046
3980,0.043
3981,0.04
3982,0.037
3983,0.033
3984,0.031
3985,0.029
3986,0.027
3987,0.025
3988,0.023
3989,0.022
3990,0.02
3991,0.017
3992,0.015
3993,0.011
3994,0.009
3995,0.007
3996,0.006
3997,0.005
3998,0.006
3999,0.007
4000,0.007
4001,0.006
4002,0.006
4003,0.006
4004,0.007
4005,0.007
4006,0.008
4007,0.008
4008,0.008
4009,0.008
4010,0.009
4011,0.011
4012,0.013
4013,0.015
4014,0.016
4015,0.018
4016,0.021
4017,0.023
4018,0.026
4019,0.028
4020,0.03
4021,0.034
4022,0.037
4023,0.041
4024,0.043
4025,0.045
4026,0.046
4027,0.047
4028,0.049
4029,0.05
4030,0.052
4031,0.053
4032,0.055
4033,0.056
4034,0.057
4035,0.058
4036,0.059
4037,0.059
4038,0.06
4039,0.061
4040,0.062
4041,0.064
4042,0.066
4043,0.067
4044,0.069
4045,0.07
4046,0.072
4047,0.073
4048,0.074
4049,0.075
4050,0.076
4051,0.077
4052,0.078
4053,0.079
4054,0.081
4055,0.082
4056,0.082
4057,0.082
4058,0.083
4059,0.083
4060,0.084
4061,0.085
4062,0.085
4063,0.085
4064,0.084
4065,0.084
4066,0.084
4067,0.084
4068,0.084
4069,0.083
4070,0.082
4071,0.082
4072,0.082
4073,0.081
4074,0.08
4075,0.078
4076,0.078
4077,0.078
4078,0.078
4079,0.079
4080,0.079
4081,0.079
4082,0.08
4083,0.081
4084,0.081
4085,0.081
4086,0.081
4087,0.079
4088,0.078
4089,0.077
4090,0.077
4091,0.076
4092,0.075
4093,0.074
4094,0.073
4095,0.073
4096,0.072
4097,0.071
4098,0.069
4099,0.067
4100,0.065
4101,0.061
4102,0.057
4103,0.053
4104,0.05
4105,0.046
4106,0.043
4107,0.041
4108,0.04
4109,0.038
4110,0.036
4111,0.035
4112,0.033
4113,0.032
4114,0.031
4115,0.031
4116,0.03
4117,0.029
4118,0.027
4119,0.025
4120,0.022
4121,0.019
4122,0.017
4123,0.015
4124,0.012
4125,0.008
4126,0.004
4127,-0.001
4128,-0.006
4129,-0.01
4130,-0.013
4131,-0.015
4132,-0.016
4133,-0.017
4134,-0.017
4135,-0.018
4136,-0.019
4137,-0.02
4138,-0.022
4139,-0.022
4140,-0.023
4141,-0.025
4142,-0.028
4143,-0.031
4144,-0.034
4145,-0.038
4146,-0.041
4147,-0.044
4148,-0.047
4149,-0.049
4150,-0.05
4151,-0.051
4152,-0.052
4153,-0.053
4154,-0.054
4155,-0.056
4156,-0.058
4157,-0.061
4158,-0.063
4159,-0.065
4160,-0.067
4161,-0.069
4162,-0.071
4163,-0.072
4164,-0.073
4165,-0.075
4166,-0.075
4167,-0.076
4168,-0.076
4169,-0.076
4170,-0.075
4171,-0.074
4172,-0.074
4173,-0.074
4174,-0.075
4175,-0.074
4176,-0.073
4177,-0.072
4178,-0.072
4179,-0.072
4180,-0.07
4181,-0.069
4182,-0.066
4183,-0.065
4184,-0.065
4185,-0.064
4186,-0.064
4187,-0.063
4188,-0.061
4189,-0.06
4190,-0.06
4191,-0.059
4192,-0.058
4193,-0.055
4194,-0.051
4195,-0.049
4196,-0.048
4197,-0.047
4198,-0.045
4199,-0.044
4200,-0.042
4201,-0.041
4202,-0.039
4203,-0.037
4204,-0.036
4205,-0.035
4206,-0.034
4207,-0.033
4208,-0.033
4209,-0.032
4210,-0.031
4211,-0.03
4212,-0.03
4213,-0.03
4214,-0.031
4215,-0.032
4216,-0.033
4217,-0.034
4218,-0.034
4219,-0.034
4220,-0.035
4221,-0.036
4222,-0.037
4223,-0.038
4224,-0.04
4225,-0.041
4226,-0.042
4227,-0.043
4228,-0.044
4229,-0.046
4230,-0.048
4231,-0.049
4232,-0.051
4233,-0.053
4234,-0.055
4235,-0.057
4236,-0.059
4237,-0.061
4238,-0.064
4239,-0.066
4240,-0.068
4241,-0.071
4242,-0.073
4243,-0.075
4244,-0.076
4245,-0.077
4246,-0.078
4247,-0.079
4248,-0.08
4249,-0.082
4250,-0.083
4251,-0.085
4252,-0.086
4253,-0.087
4254,-0.088
4255,-0.089
4256,-0.09
4257,-0.09
4258,-0.09
4259,-0.089
4260,-0.087
4261,-0.085
4262,-0.082
4263,-0.08
4264,-0.077
4265,-0.074
4266,-0.072
4267,-0.07
4268,-0.067
4269,-0.065
4270,-0.062
4271,-0.059
4272,-0.056
4273,-0.053
4274,-0.05
4275,-0.048
4276,-0.045
4277,-0.043
4278,-0.041
4279,-0.039
4280,-0.036
4281,-0.032
4282,-0.03
4283,-0.028
4284,-0.026
4285,-0.023
4286,-0.021
4287,-0.019
4288,-0.016
4289,-0.013
4290,-0.01
4291,-0.006
4292,-0.003
4293,0.001
4294,0.004
4295,0.008
4296,0.011
4297,0.015
4298,0.018
4299,0.022
4300,0.026
4301,0.029
4302,0.032
4303,0.035
4304,0.037
4305,0.04
4306,0.042
4307,0.045
4308,0.047
4309,0.049
4310,0.05
4311,0.052
4312,0.054
4313,0.056
4314,0.057
4315,0.059
4316,0.061
4317,0.063
4318,0.064
4319,0.066
4320,0.067
4321,0.068
4322,0.07
4323,0.071
4324,0.073
4325,0.075
4326,0.078
4327,0.081
4328,0.084
4329,0.086
4330,0.088
4331,0.09
4332,0.091
4333,0.091
4334,0.092
4335,0.093
4336,0.093
4337,0.094
4338,0.096
4339,0.097
4340,0.097
4341,0.096
4342,0.096
4343,0.096
4344,0.096
4345,0.097
4346,0.097
4347,0.097
4348,0.097
4349,0.097
4350,0.098
4351,0.099
4352,0.099
4353,0.099
4354,0.099
4355,0.099
4356,0.1
4357,0.101
4358,0.101
4359,0.101
4360,0.101
4361,0.1
4362,0.099
4363,0.096
4364,0.094
4365,0.092
4366,0.09
4367,0.088
4368,0.086
4369,0.084
4370,0.083
4371,0.082
4372,0.08
4373,0.078
4374,0.076
4375,0.074
4376,0.073
4377,0.071
4378,0.07
4379,0.068
4380,0.066
4381,0.064
4382,0.061
4383,0.058
4384,0.055
4385,0.053
4386,0.05
4387,0.048
4388,0.046
4389,0.043
4390,0.04
4391,0.037
4392,0.034
4393,0.031
4394,0.028
4395,0.026
4396,0.024
4397,0.021
4398,0.019
4399,0.016
4400,0.014
4401,0.012
4402,0.01
4403,0.008
4404,0.007
4405,0.006
4406,0.005
4407,0.004
4408,0.003
4409,0.003
4410,0.002
4411,0.003
4412,0.003
4413,0.003
4414,0.003
4415,0.002
4416,0.002
4417,0
4418,-0.001
4419,-0.003
4420,-0.005
4421,-0.006
4422,-0.007
4423,-0.008
4424,-0.009
4425,-0.01
4426,-0.011
4427,-0.011
4428,-0.011
4429,-0.011
4430,-0.011
4431,-0.012
4432,-0.012
4433,-0.013
4434,-0.013
4435,-0.014
4436,-0.014
4437,-0.014
4438,-0.015
4439,-0.017
4440,-0.019
4441,-0.021
4442,-0.023
4443,-0.024
4444,-0.024
4445,-0.025
4446,-0.026
4447,-0.026
4448,-0.027
4449,-0.028
4450,-0.028
4451,-0.029
4452,-0.03
4453,-0.03
4454,-0.031
4455,-0.03
4456,-0.03
4457,-0.031
4458,-0.031
4459,-0.032
4460,-0.032
4461,-0.031
4462,-0.031
4463,-0.031
4464,-0.031
4465,-0.03
4466,-0.028
4467,-0.027
4468,-0.026
4469,-0.024
4470,-0.022
4471,-0.02
4472,-0.017
4473,-0.015
4474,-0.013
4475,-0.012
4476,-0.011
4477,-0.011
4478,-0.011
4479,-0.01
4480,-0.01
4481,-0.009
4482,-0.009
4483,-0.008
4484,-0.008
4485,-0.007
4486,-0.007
4487,-0.007
4488,-0.007
4489,-0.006
4490,-0.005
4491,-0.004
4492,-0.003
4493,-0.001
4494,0
4495,0
4496,0
4497,0.001
4498,0.002
4499,0.003
4500,0.005
4501,0.006
4502,0.008
4503,0.009
4504,0.011
4505,0.012
4506,0.013
4507,0.015
4508,0.017
4509,0.019
4510,0.022
4511,0.024
4512,0.026
4513,0.028
4514,0.029
4515,0.031
4516,0.032
4517,0.034
4518,0.036
4519,0.037
4520,0.039
4521,0.04
4522,0.041
4523,0.042
4524,0.043
4525,0.043
4526,0.043
4527,0.044
4528,0.045
4529,0.046
4530,0.047
4531,0.048
4532,0.049
4533,0.05
4534,0.051
4535,0.051
4536,0.051
4537,0.051
4538,0.051
4539,0.051
4540,0.051
4541,0.051
4542,0.051
4543,0.05
4544,0.05
4545,0.051
4546,0.051
4547,0.051
4548,0.051
4549,0.052
4550,0.053
4551,0.054
4552,0.054
4553,0.055
4554,0.056
4555,0.057
4556,0.056
4557,0.056
4558,0.055
4559,0.054
4560,0.054
4561,0.053
4562,0.051
4563,0.05
4564,0.049
4565,0.048
4566,0.047
4567,0.046
4568,0.045
4569,0.043
4570,0.041
4571,0.04
4572,0.038
4573,0.036
4574,0.034
4575,0.032
4576,0.03
4577,0.027
4578,0.025
4579,0.023
4580,0.022
4581,0.021
4582,0.02
4583,0.018
4584,0.016
4585,0.014
4586,0.011
4587,0.008
4588,0.006
4589,0.004
4590,0.001
4591,-0.003
4592,-0.007
4593,-0.012
4594,-0.016
4595,-0.02
4596,-0.025
4597,-0.03
4598,-0.035
4599,-0.04
4600,-0.044
4601,-0.047
4602,-0.051
4603,-0.054
4604,-0.057
4605,-0.06
4606,-0.062
4607,-0.065
4608,-0.068
4609,-0.071
4610,-0.073
4611,-0.075
4612,-0.077
4613,-0.079
4614,-0.081
4615,-0.082
4616,-0.083
4617,-0.084
4618,-0.084
4619,-0.085
4620,-0.086
4621,-0.086
4622,-0.085
4623,-0.085
4624,-0.084
4625,-0.083
4626,-0.082
4627,-0.08
4628,-0.078
4629,-0.076
4630,-0.074
4631,-0.072
4632,-0.071
4633,-0.069
4634,-0.068
4635,-0.066
4636,-0.065
4637,-0.064
4638,-0.063
4639,-0.061
4640,-0.059
4641,-0.057
4642,-0.055
4643,-0.052
4644,-0.05
4645,-0.048
4646,-0.046
4647,-0.043
4648,-0.04
4649,-0.037
4650,-0.034
4651,-0.031
4652,-0.028
4653,-0.026
4654,-0.023
4655,-0.021
4656,-0.018
4657,-0.016
4658,-0.015
4659,-0.013
4660,-0.012
4661,-0.01
4662,-0.009
4663,-0.009
4664,-0.008
4665,-0.007
4666,-0.005
4667,-0.004
4668,-0.002
4669,-0.001
4670,0.001
4671,0.002
4672,0.003
4673,0.003
4674,0.003
4675,0.004
4676,0.004
4677,0.005
4678,0.005
4679,0.005
4680,0.005
4681,0.006
4682,0.007
4683,0.007
4684,0.007
4685,0.007
4686,0.008
4687,0.008
4688,0.009
4689,0.01
4690,0.011
4691,0.011
4692,0.012
4693,0.012
4694,0.012
4695,0.012
4696,0.012
4697,0.012
4698,0.012
4699,0.011
4700,0.01
4701,0.009
4702,0.008
4703,0.008
4704,0.007
4705,0.007
4706,0.006
4707,0.006
4708,0.006
4709,0.007
4710,0.008
4711,0.009
4712,0.01
4713,0.012
4714,0.013
4715,0.014
4716,0.015
4717,0.016
4718,0.017
4719,0.018
4720,0.018
4721,0.018
4722,0.019
4723,0.021
4724,0.021
4725,0.021
4726,0.02
4727,0.02
4728,0.021
4729,0.022
4730,0.023
4731,0.023
4732,0.024
4733,0.025
4734,0.025
4735,0.025
4736,0.024
4737,0.023
4738,0.022
4739,0.021
4740,0.019
4741,0.018
4742,0.016
4743,0.015
4744,0.014
4745,0.013
4746,0.011
4747,0.009
4748,0.008
4749,0.006
4750,0.005
4751,0.004
4752,0.004
4753,0.002
4754,0.001
4755,0
4756,-0.001
4757,-0.002
4758,-0.002
4759,-0.002
4760,-0.002
4761,-0.002
4762,-0.003
4763,-0.003
4764,-0.004
4765,-0.005
4766,-0.006
4767,-0.007
4768,-0.008
4769,-0.009
4770,-0.009
4771,-0.009
4772,-0.009
4773,-0.009
4774,-0.009
4775,-0.008
4776,-0.007
4777,-0.005
4778,-0.005
4779,-0.004
4780,-0.004
4781,-0.004
4782,-0.003
4783,-0.003
4784,-0.003
4785,-0.003
4786,-0.003
4787,-0.003
4788,-0.002
4789,-0.003
4790,-0.003
4791,-0.004
4792,-0.005
4793,-0.005
4794,-0.005
4795,-0.006
4796,-0.007
4797,-0.008
4798,-0.008
4799,-0.009
4800,-0.01
4801,-0.01
4802,-0.01
4803,-0.01
4804,-0.01
4805,-0.01
4806,-0.011
4807,-0.01
4808,-0.009
4809,-0.008
4810,-0.007
4811,-0.007
4812,-0.006
4813,-0.005
4814,-0.004
4815,-0.003
4816,-0.003
4817,-0.003
4818,-0.003
4819,-0.003
4820,-0.003
4821,-0.004
4822,-0.004
4823,-0.004
4824,-0.004
4825,-0.005
4826,-0.005
4827,-0.005
4828,-0.004
4829,-0.004
4830,-0.003
4831,-0.003
4832,-0.003
4833,-0.003
4834,-0.003
4835,-0.003
4836,-0.003
4837,-0.002
4838,-0.001
4839,0
4840,0.001
4841,0.002
4842,0.003
4843,0.005
4844,0.006
4845,0.007
4846,0.009
4847,0.01
4848,0.011
4849,0.012
4850,0.013
4851,0.014
4852,0.015
4853,0.016
4854,0.016
4855,0.017
4856,0.018
4857,0.02
4858,0.021
4859,0.022
4860,0.024
4861,0.025
4862,0.026
4863,0.028
4864,0.029
4865,0.031
4866,0.032
4867,0.034
4868,0.035
4869,0.037
4870,0.037
4871,0.037
4872,0.037
4873,0.037
4874,0.037
4875,0.037
4876,0.038
4877,0.038
4878,0.038
4879,0.038
4880,0.038
4881,0.038
4882,0.038
4883,0.038
4884,0.037
4885,0.035
4886,0.034
4887,0.032
4888,0.03
4889,0.028
4890,0.026
4891,0.025
4892,0.023
4893,0.022
4894,0.02
4895,0.018
4896,0.017
4897,0.015
4898,0.014
4899,0.013
4900,0.012
4901,0.01
4902,0.009
4903,0.008
4904,0.007
4905,0.007
4906,0.007
4907,0.007
4908,0.007
4909,0.007
4910,0.007
4911,0.007
4912,0.007
4913,0.007
4914,0.007
4915,0.007
4916,0.008
4917,0.009
4918,0.01
4919,0.012
4920,0.014
4921,0.016
4922,0.018
4923,0.02
4924,0.023
4925,0.025
4926,0.028
4927,0.03
4928,0.032
4929,0.035
4930,0.037
4931,0.04
4932,0.042
4933,0.045
4934,0.047
4935,0.049
4936,0.051
4937,0.054
4938,0.056
4939,0.059
4940,0.062
4941,0.065
4942,0.068
4943,0.071
4944,0.073
4945,0.075
4946,0.076
4947,0.078
4948,0.079
4949,0.08
4950,0.081
4951,0.082
4952,0.082
4953,0.082
4954,0.083
4955,0.084
4956,0.085
4957,0.086
4958,0.087
4959,0.088
4960,0.09
4961,0.091
4962,0.091
4963,0.091
4964,0.092
4965,0.092
4966,0.093
4967,0.093
4968,0.093
4969,0.092
4970,0.092
4971,0.092
4972,0.092
4973,0.092
4974,0.092
4975,0.092
4976,0.091
4977,0.09
4978,0.089
4979,0.088
4980,0.086
4981,0.085
4982,0.083
4983,0.081
4984,0.079
4985,0.077
4986,0.075
4987,0.073
4988,0.071
4989,0.069
4990,0.067
4991,0.065
4992,0.063
4993,0.061
4994,0.059
4995,0.057
4996,0.055
4997,0.052
4998,0.05
4999,0.047
5000,
5001,
5002,
5003,
