0,1.0
1,1.0
2,1.0
3,1.0
4,1.0
5,1.0
6,1.0
7,1.0
8,1.0
9,1.0
10,1.0
11,1.0
12,1.0
13,1.0
14,1.0
15,1.0
16,1.0
17,1.0
18,1.0
19,1.0
20,1.0
21,0.9
22,0.9
23,0.9
24,0.9
25,0.9
26,0.9
27,0.9
28,0.9
29,0.9
30,0.9
31,0.9
32,0.9
33,0.9
34,0.9
35,0.9
36,0.8
37,0.8
38,0.8
39,0.8
40,0.8
41,0.8
42,0.8
43,0.8
44,0.8
45,0.8
46,0.8
47,0.7
48,0.7
49,0.7
50,0.7
51,0.7
52,0.7
53,0.7
54,0.7
55,0.6
56,0.6
57,0.6
58,0.6
59,0.6
60,0.6
61,0.6
62,0.6
63,0.5
64,0.5
65,0.5
66,0.5
67,0.5
68,0.5
69,0.5
70,0.5
71,0.4
72,0.4
73,0.4
74,0.4
75,0.4
76,0.4
77,0.4
78,0.3
79,0.3
80,0.3
81,0.3
82,0.3
83,0.3
84,0.2
85,0.2
86,0.2
87,0.2
88,0.2
89,0.2
90,0.2
91,0.1
92,0.1
93,0.1
94,0.1
95,0.1
96,0.1
97,0.0
98,0.0
99,0.0
100,0.0
101,-0.0
102,-0.0
103,-0.0
104,-0.1
105,-0.1
106,-0.1
107,-0.1
108,-0.1
109,-0.1
110,-0.2
111,-0.2
112,-0.2
113,-0.2
114,-0.2
115,-0.2
116,-0.2
117,-0.3
118,-0.3
119,-0.3
120,-0.3
121,-0.3
122,-0.3
123,-0.4
124,-0.4
125,-0.4
126,-0.4
127,-0.4
128,-0.4
129,-0.4
130,-0.5
131,-0.5
132,-0.5
133,-0.5
134,-0.5
135,-0.5
136,-0.5
137,-0.5
138,-0.6
139,-0.6
140,-0.6
141,-0.6
142,-0.6
143,-0.6
144,-0.6
145,-0.6
146,-0.7
147,-0.7
148,-0.7
149,-0.7
150,-0.7
151,-0.7
152,-0.7
153,-0.7
154,-0.8
155,-0.8
156,-0.8
157,-0.8
158,-0.8
159,-0.8
160,-0.8
161,-0.8
162,-0.8
163,-0.8
164,-0.8
165,-0.9
166,-0.9
167,-0.9
168,-0.9
169,-0.9
170,-0.9
171,-0.9
172,-0.9
173,-0.9
174,-0.9
175,-0.9
176,-0.9
177,-0.9
178,-0.9
179,-0.9
180,-1.0
181,-1.0
182,-1.0
183,-1.0
184,-1.0
185,-1.0
186,-1.0
187,-1.0
188,-1.0
189,-1.0
190,-1.0
191,-1.0
192,-1.0
193,-1.0
194,-1.0
195,-1.0
196,-1.0
197,-1.0
198,-1.0
199,-1.0
200,-1.0
201,-1.0
202,-1.0
203,-1.0
204,-1.0
205,-1.0
206,-1.0
207,-1.0
208,-1.0
209,-1.0
210,-1.0
211,-1.0
212,-1.0
213,-1.0
214,-1.0
215,-1.0
216,-1.0
217,-1.0
218,-1.0
219,-1.0
220,-1.0
221,-0.9
222,-0.9
223,-0.9
224,-0.9
225,-0.9
226,-0.9
227,-0.9
228,-0.9
229,-0.9
230,-0.9
231,-0.9
232,-0.9
233,-0.9
234,-0.9
235,-0.9
236,-0.8
237,-0.8
238,-0.8
239,-0.8
240,-0.8
241,-0.8
242,-0.8
243,-0.8
244,-0.8
245,-0.8
246,-0.8
247,-0.7
248,-0.7
249,-0.7
250,-0.7
251,-0.7
252,-0.7
253,-0.7
254,-0.7
255,-0.6
256,-0.6
257,-0.6
258,-0.6
259,-0.6
260,-0.6
261,-0.6
262,-0.6
263,-0.5
264,-0.5
265,-0.5
266,-0.5
267,-0.5
268,-0.5
269,-0.5
270,-0.5
271,-0.4
272,-0.4
273,-0.4
274,-0.4
275,-0.4
276,-0.4
277,-0.4
278,-0.3
279,-0.3
280,-0.3
281,-0.3
282,-0.3
283,-0.3
284,-0.2
285,-0.2
286,-0.2
287,-0.2
288,-0.2
289,-0.2
290,-0.2
291,-0.1
292,-0.1
293,-0.1
294,-0.1
295,-0.1
296,-0.1
297,-0.0
298,-0.0
299,-0.0
300,-0.0
301,0.0
302,0.0
303,0.0
304,0.1
305,0.1
306,0.1
307,0.1
308,0.1
309,0.1
310,0.2
311,0.2
312,0.2
313,0.2
314,0.2
315,0.2
316,0.2
317,0.3
318,0.3
319,0.3
320,0.3
321,0.3
322,0.3
323,0.4
324,0.4
325,0.4
326,0.4
327,0.4
328,0.4
329,0.4
330,0.5
331,0.5
332,0.5
333,0.5
334,0.5
335,0.5
336,0.5
337,0.5
338,0.6
339,0.6
340,0.6
341,0.6
342,0.6
343,0.6
344,0.6
345,0.6
346,0.7
347,0.7
348,0.7
349,0.7
350,0.7
351,0.7
352,0.7
353,0.7
354,0.8
355,0.8
356,0.8
357,0.8
358,0.8
359,0.8
360,0.8
361,0.8
362,0.8
363,0.8
364,0.8
365,0.9
366,0.9
367,0.9
368,0.9
369,0.9
370,0.9
371,0.9
372,0.9
373,0.9
374,0.9
375,0.9
376,0.9
377,0.9
378,0.9
379,0.9
380,1.0
381,1.0
382,1.0
383,1.0
384,1.0
385,1.0
386,1.0
387,1.0
388,1.0
389,1.0
390,1.0
391,1.0
392,1.0
393,1.0
394,1.0
395,1.0
396,1.0
397,1.0
398,1.0
399,1.0
400,1.0
401,1.0
402,1.0
403,1.0
404,1.0
405,1.0
406,1.0
407,1.0
408,1.0
409,1.0
410,1.0
411,1.0
412,1.0
413,1.0
414,1.0
415,1.0
416,1.0
417,1.0
418,1.0
419,1.0
420,1.0
421,0.9
422,0.9
423,0.9
424,0.9
425,0.9
426,0.9
427,0.9
428,0.9
429,0.9
430,0.9
431,0.9
432,0.9
433,0.9
434,0.9
435,0.9
436,0.8
437,0.8
438,0.8
439,0.8
440,0.8
441,0.8
442,0.8
443,0.8
444,0.8
445,0.8
446,0.8
447,0.7
448,0.7
449,0.7
450,0.7
451,0.7
452,0.7
453,0.7
454,0.7
455,0.6
456,0.6
457,0.6
458,0.6
459,0.6
460,0.6
461,0.6
462,0.6
463,0.5
464,0.5
465,0.5
466,0.5
467,0.5
468,0.5
469,0.5
470,0.5
471,0.4
472,0.4
473,0.4
474,0.4
475,0.4
476,0.4
477,0.4
478,0.3
479,0.3
480,0.3
481,0.3
482,0.3
483,0.3
484,0.2
485,0.2
486,0.2
487,0.2
488,0.2
489,0.2
490,0.2
491,0.1
492,0.1
493,0.1
494,0.1
495,0.1
496,0.1
497,0.0
498,0.0
499,0.0
500,0.0
501,-0.0
502,-0.0
503,-0.0
504,-0.1
505,-0.1
506,-0.1
507,-0.1
508,-0.1
509,-0.1
510,-0.2
511,-0.2
512,-0.2
513,-0.2
514,-0.2
515,-0.2
516,-0.2
517,-0.3
518,-0.3
519,-0.3
520,-0.3
521,-0.3
522,-0.3
523,-0.4
524,-0.4
525,-0.4
526,-0.4
527,-0.4
528,-0.4
529,-0.4
530,-0.5
531,-0.5
532,-0.5
533,-0.5
534,-0.5
535,-0.5
536,-0.5
537,-0.5
538,-0.6
539,-0.6
540,-0.6
541,-0.6
542,-0.6
543,-0.6
544,-0.6
545,-0.6
546,-0.7
547,-0.7
548,-0.7
549,-0.7
550,-0.7
551,-0.7
552,-0.7
553,-0.7
554,-0.8
555,-0.8
556,-0.8
557,-0.8
558,-0.8
559,-0.8
560,-0.8
561,-0.8
562,-0.8
563,-0.8
564,-0.8
565,-0.9
566,-0.9
567,-0.9
568,-0.9
569,-0.9
570,-0.9
571,-0.9
572,-0.9
573,-0.9
574,-0.9
575,-0.9
576,-0.9
577,-0.9
578,-0.9
579,-0.9
580,-1.0
581,-1.0
582,-1.0
583,-1.0
584,-1.0
585,-1.0
586,-1.0
587,-1.0
588,-1.0
589,-1.0
590,-1.0
591,-1.0
592,-1.0
593,-1.0
594,-1.0
595,-1.0
596,-1.0
597,-1.0
598,-1.0
599,-1.0
600,-1.0
601,-1.0
602,-1.0
603,-1.0
604,-1.0
605,-1.0
606,-1.0
607,-1.0
608,-1.0
609,-1.0
610,-1.0
611,-1.0
612,-1.0
613,-1.0
614,-1.0
615,-1.0
616,-1.0
617,-1.0
618,-1.0
619,-1.0
620,-1.0
621,-0.9
622,-0.9
623,-0.9
624,-0.9
625,-0.9
626,-0.9
627,-0.9
628,-0.9
629,-0.9
630,-0.9
631,-0.9
632,-0.9
633,-0.9
634,-0.9
635,-0.9
636,-0.8
637,-0.8
638,-0.8
639,-0.8
640,-0.8
641,-0.8
642,-0.8
643,-0.8
644,-0.8
645,-0.8
646,-0.8
647,-0.7
648,-0.7
649,-0.7
650,-0.7
651,-0.7
652,-0.7
653,-0.7
654,-0.7
655,-0.6
656,-0.6
657,-0.6
658,-0.6
659,-0.6
660,-0.6
661,-0.6
662,-0.6
663,-0.5
664,-0.5
665,-0.5
666,-0.5
667,-0.5
668,-0.5
669,-0.5
670,-0.5
671,-0.4
672,-0.4
673,-0.4
674,-0.4
675,-0.4
676,-0.4
677,-0.4
678,-0.3
679,-0.3
680,-0.3
681,-0.3
682,-0.3
683,-0.3
684,-0.2
685,-0.2
686,-0.2
687,-0.2
688,-0.2
689,-0.2
690,-0.2
691,-0.1
692,-0.1
693,-0.1
694,-0.1
695,-0.1
696,-0.1
697,-0.0
698,-0.0
699,-0.0
700,0.0
701,0.0
702,0.0
703,0.0
704,0.1
705,0.1
706,0.1
707,0.1
708,0.1
709,0.1
710,0.2
711,0.2
712,0.2
713,0.2
714,0.2
715,0.2
716,0.2
717,0.3
718,0.3
719,0.3
720,0.3
721,0.3
722,0.3
723,0.4
724,0.4
725,0.4
726,0.4
727,0.4
728,0.4
729,0.4
730,0.5
731,0.5
732,0.5
733,0.5
734,0.5
735,0.5
736,0.5
737,0.5
738,0.6
739,0.6
740,0.6
741,0.6
742,0.6
743,0.6
744,0.6
745,0.6
746,0.7
747,0.7
748,0.7
749,0.7
750,0.7
751,0.7
752,0.7
753,0.7
754,0.8
755,0.8
756,0.8
757,0.8
758,0.8
759,0.8
760,0.8
761,0.8
762,0.8
763,0.8
764,0.8
765,0.9
766,0.9
767,0.9
768,0.9
769,0.9
770,0.9
771,0.9
772,0.9
773,0.9
774,0.9
775,0.9
776,0.9
777,0.9
778,0.9
779,0.9
780,1.0
781,1.0
782,1.0
783,1.0
784,1.0
785,1.0
786,1.0
787,1.0
788,1.0
789,1.0
790,1.0
791,1.0
792,1.0
793,1.0
794,1.0
795,1.0
796,1.0
797,1.0
798,1.0
799,1.0
800,1.0
801,1.0
802,1.0
803,1.0
804,1.0
805,1.0
806,1.0
807,1.0
808,1.0
809,1.0
810,1.0
811,1.0
812,1.0
813,1.0
814,1.0
815,1.0
816,1.0
817,1.0
818,1.0
819,1.0
820,1.0
821,0.9
822,0.9
823,0.9
824,0.9
825,0.9
826,0.9
827,0.9
828,0.9
829,0.9
830,0.9
831,0.9
832,0.9
833,0.9
834,0.9
835,0.9
836,0.8
837,0.8
838,0.8
839,0.8
840,0.8
841,0.8
842,0.8
843,0.8
844,0.8
845,0.8
846,0.8
847,0.7
848,0.7
849,0.7
850,0.7
851,0.7
852,0.7
853,0.7
854,0.7
855,0.6
856,0.6
857,0.6
858,0.6
859,0.6
860,0.6
861,0.6
862,0.6
863,0.5
864,0.5
865,0.5
866,0.5
867,0.5
868,0.5
869,0.5
870,0.5
871,0.4
872,0.4
873,0.4
874,0.4
875,0.4
876,0.4
877,0.4
878,0.3
879,0.3
880,0.3
881,0.3
882,0.3
883,0.3
884,0.2
885,0.2
886,0.2
887,0.2
888,0.2
889,0.2
890,0.2
891,0.1
892,0.1
893,0.1
894,0.1
895,0.1
896,0.1
897,0.0
898,0.0
899,0.0
900,0.0
901,-0.0
902,-0.0
903,-0.0
904,-0.1
905,-0.1
906,-0.1
907,-0.1
908,-0.1
909,-0.1
910,-0.2
911,-0.2
912,-0.2
913,-0.2
914,-0.2
915,-0.2
916,-0.2
917,-0.3
918,-0.3
919,-0.3
920,-0.3
921,-0.3
922,-0.3
923,-0.4
924,-0.4
925,-0.4
926,-0.4
927,-0.4
928,-0.4
929,-0.4
930,-0.5
931,-0.5
932,-0.5
933,-0.5
934,-0.5
935,-0.5
936,-0.5
937,-0.5
938,-0.6
939,-0.6
940,-0.6
941,-0.6
942,-0.6
943,-0.6
944,-0.6
945,-0.6
946,-0.7
947,-0.7
948,-0.7
949,-0.7
950,-0.7
951,-0.7
952,-0.7
953,-0.7
954,-0.8
955,-0.8
956,-0.8
957,-0.8
958,-0.8
959,-0.8
960,-0.8
961,-0.8
962,-0.8
963,-0.8
964,-0.8
965,-0.9
966,-0.9
967,-0.9
968,-0.9
969,-0.9
970,-0.9
971,-0.9
972,-0.9
973,-0.9
974,-0.9
975,-0.9
976,-0.9
977,-0.9
978,-0.9
979,-0.9
980,-1.0
981,-1.0
982,-1.0
983,-1.0
984,-1.0
985,-1.0
986,-1.0
987,-1.0
988,-1.0
989,-1.0
990,-1.0
991,-1.0
992,-1.0
993,-1.0
994,-1.0
995,-1.0
996,-1.0
997,-1.0
998,-1.0
999,-1.0
1000,-1.0
1001,-1.0
1002,-1.0
1003,-1.0
1004,-1.0
1005,-1.0
1006,-1.0
1007,-1.0
1008,-1.0
1009,-1.0
1010,-1.0
1011,-1.0
1012,-1.0
1013,-1.0
1014,-1.0
1015,-1.0
1016,-1.0
1017,-1.0
1018,-1.0
1019,-1.0
1020,-1.0
1021,-0.9
1022,-0.9
1023,-0.9
1024,-0.9
1025,-0.9
1026,-0.9
1027,-0.9
1028,-0.9
1029,-0.9
1030,-0.9
1031,-0.9
1032,-0.9
1033,-0.9
1034,-0.9
1035,-0.9
1036,-0.8
1037,-0.8
1038,-0.8
1039,-0.8
1040,-0.8
1041,-0.8
1042,-0.8
1043,-0.8
1044,-0.8
1045,-0.8
1046,-0.8
1047,-0.7
1048,-0.7
1049,-0.7
1050,-0.7
1051,-0.7
1052,-0.7
1053,-0.7
1054,-0.7
1055,-0.6
1056,-0.6
1057,-0.6
1058,-0.6
1059,-0.6
1060,-0.6
1061,-0.6
1062,-0.6
1063,-0.5
1064,-0.5
1065,-0.5
1066,-0.5
1067,-0.5
1068,-0.5
1069,-0.5
1070,-0.5
1071,-0.4
1072,-0.4
1073,-0.4
1074,-0.4
1075,-0.4
1076,-0.4
1077,-0.4
1078,-0.3
1079,-0.3
1080,-0.3
1081,-0.3
1082,-0.3
1083,-0.3
1084,-0.2
1085,-0.2
1086,-0.2
1087,-0.2
1088,-0.2
1089,-0.2
1090,-0.2
1091,-0.1
1092,-0.1
1093,-0.1
1094,-0.1
1095,-0.1
1096,-0.1
1097,-0.0
1098,-0.0
1099,-0.0
1100,0.0
1101,0.0
1102,0.0
1103,0.0
1104,0.1
1105,0.1
1106,0.1
1107,0.1
1108,0.1
1109,0.1
1110,0.2
1111,0.2
1112,0.2
1113,0.2
1114,0.2
1115,0.2
1116,0.2
1117,0.3
1118,0.3
1119,0.3
1120,0.3
1121,0.3
1122,0.3
1123,0.4
1124,0.4
1125,0.4
1126,0.4
1127,0.4
1128,0.4
1129,0.4
1130,0.5
1131,0.5
1132,0.5
1133,0.5
1134,0.5
1135,0.5
1136,0.5
1137,0.5
1138,0.6
1139,0.6
1140,0.6
1141,0.6
1142,0.6
1143,0.6
1144,0.6
1145,0.6
1146,0.7
1147,0.7
1148,0.7
1149,0.7
1150,0.7
1151,0.7
1152,0.7
1153,0.7
1154,0.8
1155,0.8
1156,0.8
1157,0.8
1158,0.8
1159,0.8
1160,0.8
1161,0.8
1162,0.8
1163,0.8
1164,0.8
1165,0.9
1166,0.9
1167,0.9
1168,0.9
1169,0.9
1170,0.9
1171,0.9
1172,0.9
1173,0.9
1174,0.9
1175,0.9
1176,0.9
1177,0.9
1178,0.9
1179,0.9
1180,1.0
1181,1.0
1182,1.0
1183,1.0
1184,1.0
1185,1.0
1186,1.0
1187,1.0
1188,1.0
1189,1.0
1190,1.0
1191,1.0
1192,1.0
1193,1.0
1194,1.0
1195,1.0
1196,1.0
1197,1.0
1198,1.0
1199,1.0
1200,1.0
1201,1.0
1202,1.0
1203,1.0
1204,1.0
1205,1.0
1206,1.0
1207,1.0
1208,1.0
1209,1.0
1210,1.0
1211,1.0
1212,1.0
1213,1.0
1214,1.0
1215,1.0
1216,1.0
1217,1.0
1218,1.0
1219,1.0
1220,1.0
1221,0.9
1222,0.9
1223,0.9
1224,0.9
1225,0.9
1226,0.9
1227,0.9
1228,0.9
1229,0.9
1230,0.9
1231,0.9
1232,0.9
1233,0.9
1234,0.9
1235,0.9
1236,0.8
1237,0.8
1238,0.8
1239,0.8
1240,0.8
1241,0.8
1242,0.8
1243,0.8
1244,0.8
1245,0.8
1246,0.8
1247,0.7
1248,0.7
1249,0.7
1250,0.7
1251,0.7
1252,0.7
1253,0.7
1254,0.7
1255,0.6
1256,0.6
1257,0.6
1258,0.6
1259,0.6
1260,0.6
1261,0.6
1262,0.6
1263,0.5
1264,0.5
1265,0.5
1266,0.5
1267,0.5
1268,0.5
1269,0.5
1270,0.5
1271,0.4
1272,0.4
1273,0.4
1274,0.4
1275,0.4
1276,0.4
1277,0.4
1278,0.3
1279,0.3
1280,0.3
1281,0.3
1282,0.3
1283,0.3
1284,0.2
1285,0.2
1286,0.2
1287,0.2
1288,0.2
1289,0.2
1290,0.2
1291,0.1
1292,0.1
1293,0.1
1294,0.1
1295,0.1
1296,0.1
1297,0.0
1298,0.0
1299,0.0
1300,-0.0
1301,-0.0
1302,-0.0
1303,-0.0
1304,-0.1
1305,-0.1
1306,-0.1
1307,-0.1
1308,-0.1
1309,-0.1
1310,-0.2
1311,-0.2
1312,-0.2
1313,-0.2
1314,-0.2
1315,-0.2
1316,-0.2
1317,-0.3
1318,-0.3
1319,-0.3
1320,-0.3
1321,-0.3
1322,-0.3
1323,-0.4
1324,-0.4
1325,-0.4
1326,-0.4
1327,-0.4
1328,-0.4
1329,-0.4
1330,-0.5
1331,-0.5
1332,-0.5
1333,-0.5
1334,-0.5
1335,-0.5
1336,-0.5
1337,-0.5
1338,-0.6
1339,-0.6
1340,-0.6
1341,-0.6
1342,-0.6
1343,-0.6
1344,-0.6
1345,-0.6
1346,-0.7
1347,-0.7
1348,-0.7
1349,-0.7
1350,-0.7
1351,-0.7
1352,-0.7
1353,-0.7
1354,-0.8
1355,-0.8
1356,-0.8
1357,-0.8
1358,-0.8
1359,-0.8
1360,-0.8
1361,-0.8
1362,-0.8
1363,-0.8
1364,-0.8
1365,-0.9
1366,-0.9
1367,-0.9
1368,-0.9
1369,-0.9
1370,-0.9
1371,-0.9
1372,-0.9
1373,-0.9
1374,-0.9
1375,-0.9
1376,-0.9
1377,-0.9
1378,-0.9
1379,-0.9
1380,-1.0
1381,-1.0
1382,-1.0
1383,-1.0
1384,-1.0
1385,-1.0
1386,-1.0
1387,-1.0
1388,-1.0
1389,-1.0
1390,-1.0
1391,-1.0
1392,-1.0
1393,-1.0
1394,-1.0
1395,-1.0
1396,-1.0
1397,-1.0
1398,-1.0
1399,-1.0
1400,-1.0
1401,-1.0
1402,-1.0
1403,-1.0
1404,-1.0
1405,-1.0
1406,-1.0
1407,-1.0
1408,-1.0
1409,-1.0
1410,-1.0
1411,-1.0
1412,-1.0
1413,-1.0
1414,-1.0
1415,-1.0
1416,-1.0
1417,-1.0
1418,-1.0
1419,-1.0
1420,-1.0
1421,-0.9
1422,-0.9
1423,-0.9
1424,-0.9
1425,-0.9
1426,-0.9
1427,-0.9
1428,-0.9
1429,-0.9
1430,-0.9
1431,-0.9
1432,-0.9
1433,-0.9
1434,-0.9
1435,-0.9
1436,-0.8
1437,-0.8
1438,-0.8
1439,-0.8
1440,-0.8
1441,-0.8
1442,-0.8
1443,-0.8
1444,-0.8
1445,-0.8
1446,-0.8
1447,-0.7
1448,-0.7
1449,-0.7
1450,-0.7
1451,-0.7
1452,-0.7
1453,-0.7
1454,-0.7
1455,-0.6
1456,-0.6
1457,-0.6
1458,-0.6
1459,-0.6
1460,-0.6
1461,-0.6
1462,-0.6
1463,-0.5
1464,-0.5
1465,-0.5
1466,-0.5
1467,-0.5
1468,-0.5
1469,-0.5
1470,-0.5
1471,-0.4
1472,-0.4
1473,-0.4
1474,-0.4
1475,-0.4
1476,-0.4
1477,-0.4
1478,-0.3
1479,-0.3
1480,-0.3
1481,-0.3
1482,-0.3
1483,-0.3
1484,-0.2
1485,-0.2
1486,-0.2
1487,-0.2
1488,-0.2
1489,-0.2
1490,-0.2
1491,-0.1
1492,-0.1
1493,-0.1
1494,-0.1
1495,-0.1
1496,-0.1
1497,-0.0
1498,-0.0
1499,-0.0
1500,-0.0
1501,0.0
1502,0.0
1503,0.0
1504,0.1
1505,0.1
1506,0.1
1507,0.1
1508,0.1
1509,0.1
1510,0.2
1511,0.2
1512,0.2
1513,0.2
1514,0.2
1515,0.2
1516,0.2
1517,0.3
1518,0.3
1519,0.3
1520,0.3
1521,0.3
1522,0.3
1523,0.4
1524,0.4
1525,0.4
1526,0.4
1527,0.4
1528,0.4
1529,0.4
1530,0.5
1531,0.5
1532,0.5
1533,0.5
1534,0.5
1535,0.5
1536,0.5
1537,0.5
1538,0.6
1539,0.6
1540,0.6
1541,0.6
1542,0.6
1543,0.6
1544,0.6
1545,0.6
1546,0.7
1547,0.7
1548,0.7
1549,0.7
1550,0.7
1551,0.7
1552,0.7
1553,0.7
1554,0.8
1555,0.8
1556,0.8
1557,0.8
1558,0.8
1559,0.8
1560,0.8
1561,0.8
1562,0.8
1563,0.8
1564,0.8
1565,0.9
1566,0.9
1567,0.9
1568,0.9
1569,0.9
1570,0.9
1571,0.9
1572,0.9
1573,0.9
1574,0.9
1575,0.9
1576,0.9
1577,0.9
1578,0.9
1579,0.9
1580,1.0
1581,1.0
1582,1.0
1583,1.0
1584,1.0
1585,1.0
1586,1.0
1587,1.0
1588,1.0
1589,1.0
1590,1.0
1591,1.0
1592,1.0
1593,1.0
1594,1.0
1595,1.0
1596,1.0
1597,1.0
1598,1.0
1599,1.0
1600,1.0
1601,1.0
1602,1.0
1603,1.0
1604,1.0
1605,1.0
1606,1.0
1607,1.0
1608,1.0
1609,1.0
1610,1.0
1611,1.0
1612,1.0
1613,1.0
1614,1.0
1615,1.0
1616,1.0
1617,1.0
1618,1.0
1619,1.0
1620,1.0
1621,0.9
1622,0.9
1623,0.9
1624,0.9
1625,0.9
1626,0.9
1627,0.9
1628,0.9
1629,0.9
1630,0.9
1631,0.9
1632,0.9
1633,0.9
1634,0.9
1635,0.9
1636,0.8
1637,0.8
1638,0.8
1639,0.8
1640,0.8
1641,0.8
1642,0.8
1643,0.8
1644,0.8
1645,0.8
1646,0.8
1647,0.7
1648,0.7
1649,0.7
1650,0.7
1651,0.7
1652,0.7
1653,0.7
1654,0.7
1655,0.6
1656,0.6
1657,0.6
1658,0.6
1659,0.6
1660,0.6
1661,0.6
1662,0.6
1663,0.5
1664,0.5
1665,0.5
1666,0.5
1667,0.5
1668,0.5
1669,0.5
1670,0.5
1671,0.4
1672,0.4
1673,0.4
1674,0.4
1675,0.4
1676,0.4
1677,0.4
1678,0.3
1679,0.3
1680,0.3
1681,0.3
1682,0.3
1683,0.3
1684,0.2
1685,0.2
1686,0.2
1687,0.2
1688,0.2
1689,0.2
1690,0.2
1691,0.1
1692,0.1
1693,0.1
1694,0.1
1695,0.1
1696,0.1
1697,0.0
1698,0.0
1699,0.0
1700,0.0
1701,-0.0
1702,-0.0
1703,-0.0
1704,-0.1
1705,-0.1
1706,-0.1
1707,-0.1
1708,-0.1
1709,-0.1
1710,-0.2
1711,-0.2
1712,-0.2
1713,-0.2
1714,-0.2
1715,-0.2
1716,-0.2
1717,-0.3
1718,-0.3
1719,-0.3
1720,-0.3
1721,-0.3
1722,-0.3
1723,-0.4
1724,-0.4
1725,-0.4
1726,-0.4
1727,-0.4
1728,-0.4
1729,-0.4
1730,-0.5
1731,-0.5
1732,-0.5
1733,-0.5
1734,-0.5
1735,-0.5
1736,-0.5
1737,-0.5
1738,-0.6
1739,-0.6
1740,-0.6
1741,-0.6
1742,-0.6
1743,-0.6
1744,-0.6
1745,-0.6
1746,-0.7
1747,-0.7
1748,-0.7
1749,-0.7
1750,-0.7
1751,-0.7
1752,-0.7
1753,-0.7
1754,-0.8
1755,-0.8
1756,-0.8
1757,-0.8
1758,-0.8
1759,-0.8
1760,-0.8
1761,-0.8
1762,-0.8
1763,-0.8
1764,-0.8
1765,-0.9
1766,-0.9
1767,-0.9
1768,-0.9
1769,-0.9
1770,-0.9
1771,-0.9
1772,-0.9
1773,-0.9
1774,-0.9
1775,-0.9
1776,-0.9
1777,-0.9
1778,-0.9
1779,-0.9
1780,-1.0
1781,-1.0
1782,-1.0
1783,-1.0
1784,-1.0
1785,-1.0
1786,-1.0
1787,-1.0
1788,-1.0
1789,-1.0
1790,-1.0
1791,-1.0
1792,-1.0
1793,-1.0
1794,-1.0
1795,-1.0
1796,-1.0
1797,-1.0
1798,-1.0
1799,-1.0
1800,-1.0
1801,-1.0
1802,-1.0
1803,-1.0
1804,-1.0
1805,-1.0
1806,-1.0
1807,-1.0
1808,-1.0
1809,-1.0
1810,-1.0
1811,-1.0
1812,-1.0
1813,-1.0
1814,-1.0
1815,-1.0
1816,-1.0
1817,-1.0
1818,-1.0
1819,-1.0
1820,-1.0
1821,-0.9
1822,-0.9
1823,-0.9
1824,-0.9
1825,-0.9
1826,-0.9
1827,-0.9
1828,-0.9
1829,-0.9
1830,-0.9
1831,-0.9
1832,-0.9
1833,-0.9
1834,-0.9
1835,-0.9
1836,-0.8
1837,-0.8
1838,-0.8
1839,-0.8
1840,-0.8
1841,-0.8
1842,-0.8
1843,-0.8
1844,-0.8
1845,-0.8
1846,-0.8
1847,-0.7
1848,-0.7
1849,-0.7
1850,-0.7
1851,-0.7
1852,-0.7
1853,-0.7
1854,-0.7
1855,-0.6
1856,-0.6
1857,-0.6
1858,-0.6
1859,-0.6
1860,-0.6
1861,-0.6
1862,-0.6
1863,-0.5
1864,-0.5
1865,-0.5
1866,-0.5
1867,-0.5
1868,-0.5
1869,-0.5
1870,-0.5
1871,-0.4
1872,-0.4
1873,-0.4
1874,-0.4
1875,-0.4
1876,-0.4
1877,-0.4
1878,-0.3
1879,-0.3
1880,-0.3
1881,-0.3
1882,-0.3
1883,-0.3
1884,-0.2
1885,-0.2
1886,-0.2
1887,-0.2
1888,-0.2
1889,-0.2
1890,-0.2
1891,-0.1
1892,-0.1
1893,-0.1
1894,-0.1
1895,-0.1
1896,-0.1
1897,-0.0
1898,-0.0
1899,-0.0
1900,0.0
1901,0.0
1902,0.0
1903,0.0
1904,0.1
1905,0.1
1906,0.1
1907,0.1
1908,0.1
1909,0.1
1910,0.2
1911,0.2
1912,0.2
1913,0.2
1914,0.2
1915,0.2
1916,0.2
1917,0.3
1918,0.3
1919,0.3
1920,0.3
1921,0.3
1922,0.3
1923,0.4
1924,0.4
1925,0.4
1926,0.4
1927,0.4
1928,0.4
1929,0.4
1930,0.5
1931,0.5
1932,0.5
1933,0.5
1934,0.5
1935,0.5
1936,0.5
1937,0.5
1938,0.6
1939,0.6
1940,0.6
1941,0.6
1942,0.6
1943,0.6
1944,0.6
1945,0.6
1946,0.7
1947,0.7
1948,0.7
1949,0.7
1950,0.7
1951,0.7
1952,0.7
1953,0.7
1954,0.8
1955,0.8
1956,0.8
1957,0.8
1958,0.8
1959,0.8
1960,0.8
1961,0.8
1962,0.8
1963,0.8
1964,0.8
1965,0.9
1966,0.9
1967,0.9
1968,0.9
1969,0.9
1970,0.9
1971,0.9
1972,0.9
1973,0.9
1974,0.9
1975,0.9
1976,0.9
1977,0.9
1978,0.9
1979,0.9
1980,1.0
1981,1.0
1982,1.0
1983,1.0
1984,1.0
1985,1.0
1986,1.0
1987,1.0
1988,1.0
1989,1.0
1990,1.0
1991,1.0
1992,1.0
1993,1.0
1994,1.0
1995,1.0
1996,1.0
1997,1.0
1998,1.0
1999,1.0
2000,1.0
2001,1.0
2002,1.0
2003,1.0
2004,1.0
2005,1.0
2006,1.0
2007,1.0
2008,1.0
2009,1.0
2010,1.0
2011,1.0
2012,1.0
2013,1.0
2014,1.0
2015,1.0
2016,1.0
2017,1.0
2018,1.0
2019,1.0
2020,1.0
2021,0.9
2022,0.9
2023,0.9
2024,0.9
2025,0.9
2026,0.9
2027,0.9
2028,0.9
2029,0.9
2030,0.9
2031,0.9
2032,0.9
2033,0.9
2034,0.9
2035,0.9
2036,0.8
2037,0.8
2038,0.8
2039,0.8
2040,0.8
2041,0.8
2042,0.8
2043,0.8
2044,0.8
2045,0.8
2046,0.8
2047,0.7
2048,0.7
2049,0.7
2050,0.7
2051,0.7
2052,0.7
2053,0.7
2054,0.7
2055,0.6
2056,0.6
2057,0.6
2058,0.6
2059,0.6
2060,0.6
2061,0.6
2062,0.6
2063,0.5
2064,0.5
2065,0.5
2066,0.5
2067,0.5
2068,0.5
2069,0.5
2070,0.5
2071,0.4
2072,0.4
2073,0.4
2074,0.4
2075,0.4
2076,0.4
2077,0.4
2078,0.3
2079,0.3
2080,0.3
2081,0.3
2082,0.3
2083,0.3
2084,0.2
2085,0.2
2086,0.2
2087,0.2
2088,0.2
2089,0.2
2090,0.2
2091,0.1
2092,0.1
2093,0.1
2094,0.1
2095,0.1
2096,0.1
2097,0.0
2098,0.0
2099,0.0
2100,-0.0
2101,-0.0
2102,-0.0
2103,-0.0
2104,-0.1
2105,-0.1
2106,-0.1
2107,-0.1
2108,-0.1
2109,-0.1
2110,-0.2
2111,-0.2
2112,-0.2
2113,-0.2
2114,-0.2
2115,-0.2
2116,-0.2
2117,-0.3
2118,-0.3
2119,-0.3
2120,-0.3
2121,-0.3
2122,-0.3
2123,-0.4
2124,-0.4
2125,-0.4
2126,-0.4
2127,-0.4
2128,-0.4
2129,-0.4
2130,-0.5
2131,-0.5
2132,-0.5
2133,-0.5
2134,-0.5
2135,-0.5
2136,-0.5
2137,-0.5
2138,-0.6
2139,-0.6
2140,-0.6
2141,-0.6
2142,-0.6
2143,-0.6
2144,-0.6
2145,-0.6
2146,-0.7
2147,-0.7
2148,-0.7
2149,-0.7
2150,-0.7
2151,-0.7
2152,-0.7
2153,-0.7
2154,-0.8
2155,-0.8
2156,-0.8
2157,-0.8
2158,-0.8
2159,-0.8
2160,-0.8
2161,-0.8
2162,-0.8
2163,-0.8
2164,-0.8
2165,-0.9
2166,-0.9
2167,-0.9
2168,-0.9
2169,-0.9
2170,-0.9
2171,-0.9
2172,-0.9
2173,-0.9
2174,-0.9
2175,-0.9
2176,-0.9
2177,-0.9
2178,-0.9
2179,-0.9
2180,-1.0
2181,-1.0
2182,-1.0
2183,-1.0
2184,-1.0
2185,-1.0
2186,-1.0
2187,-1.0
2188,-1.0
2189,-1.0
2190,-1.0
2191,-1.0
2192,-1.0
2193,-1.0
2194,-1.0
2195,-1.0
2196,-1.0
2197,-1.0
2198,-1.0
2199,-1.0
2200,-1.0
2201,-1.0
2202,-1.0
2203,-1.0
2204,-1.0
2205,-1.0
2206,-1.0
2207,-1.0
2208,-1.0
2209,-1.0
2210,-1.0
2211,-1.0
2212,-1.0
2213,-1.0
2214,-1.0
2215,-1.0
2216,-1.0
2217,-1.0
2218,-1.0
2219,-1.0
2220,-1.0
2221,-0.9
2222,-0.9
2223,-0.9
2224,-0.9
2225,-0.9
2226,-0.9
2227,-0.9
2228,-0.9
2229,-0.9
2230,-0.9
2231,-0.9
2232,-0.9
2233,-0.9
2234,-0.9
2235,-0.9
2236,-0.8
2237,-0.8
2238,-0.8
2239,-0.8
2240,-0.8
2241,-0.8
2242,-0.8
2243,-0.8
2244,-0.8
2245,-0.8
2246,-0.8
2247,-0.7
2248,-0.7
2249,-0.7
2250,-0.7
2251,-0.7
2252,-0.7
2253,-0.7
2254,-0.7
2255,-0.6
2256,-0.6
2257,-0.6
2258,-0.6
2259,-0.6
2260,-0.6
2261,-0.6
2262,-0.6
2263,-0.5
2264,-0.5
2265,-0.5
2266,-0.5
2267,-0.5
2268,-0.5
2269,-0.5
2270,-0.5
2271,-0.4
2272,-0.4
2273,-0.4
2274,-0.4
2275,-0.4
2276,-0.4
2277,-0.4
2278,-0.3
2279,-0.3
2280,-0.3
2281,-0.3
2282,-0.3
2283,-0.3
2284,-0.2
2285,-0.2
2286,-0.2
2287,-0.2
2288,-0.2
2289,-0.2
2290,-0.2
2291,-0.1
2292,-0.1
2293,-0.1
2294,-0.1
2295,-0.1
2296,-0.1
2297,-0.0
2298,-0.0
2299,-0.0
2300,0.0
2301,0.0
2302,0.0
2303,0.0
2304,0.1
2305,0.1
2306,0.1
2307,0.1
2308,0.1
2309,0.1
2310,0.2
2311,0.2
2312,0.2
2313,0.2
2314,0.2
2315,0.2
2316,0.2
2317,0.3
2318,0.3
2319,0.3
2320,0.3
2321,0.3
2322,0.3
2323,0.4
2324,0.4
2325,0.4
2326,0.4
2327,0.4
2328,0.4
2329,0.4
2330,0.5
2331,0.5
2332,0.5
2333,0.5
2334,0.5
2335,0.5
2336,0.5
2337,0.5
2338,0.6
2339,0.6
2340,0.6
2341,0.6
2342,0.6
2343,0.6
2344,0.6
2345,0.6
2346,0.7
2347,0.7
2348,0.7
2349,0.7
2350,0.7
2351,0.7
2352,0.7
2353,0.7
2354,0.8
2355,0.8
2356,0.8
2357,0.8
2358,0.8
2359,0.8
2360,0.8
2361,0.8
2362,0.8
2363,0.8
2364,0.8
2365,0.9
2366,0.9
2367,0.9
2368,0.9
2369,0.9
2370,0.9
2371,0.9
2372,0.9
2373,0.9
2374,0.9
2375,0.9
2376,0.9
2377,0.9
2378,0.9
2379,0.9
2380,1.0
2381,1.0
2382,1.0
2383,1.0
2384,1.0
2385,1.0
2386,1.0
2387,1.0
2388,1.0
2389,1.0
2390,1.0
2391,1.0
2392,1.0
2393,1.0
2394,1.0
2395,1.0
2396,1.0
2397,1.0
2398,1.0
2399,1.0
2400,1.0
2401,1.0
2402,1.0
2403,1.0
2404,1.0
2405,1.0
2406,1.0
2407,1.0
2408,1.0
2409,1.0
2410,1.0
2411,1.0
2412,1.0
2413,1.0
2414,1.0
2415,1.0
2416,1.0
2417,1.0
2418,1.0
2419,1.0
2420,1.0
2421,0.9
2422,0.9
2423,0.9
2424,0.9
2425,0.9
2426,0.9
2427,0.9
2428,0.9
2429,0.9
2430,0.9
2431,0.9
2432,0.9
2433,0.9
2434,0.9
2435,0.9
2436,0.8
2437,0.8
2438,0.8
2439,0.8
2440,0.8
2441,0.8
2442,0.8
2443,0.8
2444,0.8
2445,0.8
2446,0.8
2447,0.7
2448,0.7
2449,0.7
2450,0.7
2451,0.7
2452,0.7
2453,0.7
2454,0.7
2455,0.6
2456,0.6
2457,0.6
2458,0.6
2459,0.6
2460,0.6
2461,0.6
2462,0.6
2463,0.5
2464,0.5
2465,0.5
2466,0.5
2467,0.5
2468,0.5
2469,0.5
2470,0.5
2471,0.4
2472,0.4
2473,0.4
2474,0.4
2475,0.4
2476,0.4
2477,0.4
2478,0.3
2479,0.3
2480,0.3
2481,0.3
2482,0.3
2483,0.3
2484,0.2
2485,0.2
2486,0.2
2487,0.2
2488,0.2
2489,0.2
2490,0.2
2491,0.1
2492,0.1
2493,0.1
2494,0.1
2495,0.1
2496,0.1
2497,0.0
2498,0.0
2499,0.0
2500,-0.0
2501,-0.0
2502,-0.0
2503,-0.0
2504,-0.1
2505,-0.1
2506,-0.1
2507,-0.1
2508,-0.1
2509,-0.1
2510,-0.2
2511,-0.2
2512,-0.2
2513,-0.2
2514,-0.2
2515,-0.2
2516,-0.2
2517,-0.3
2518,-0.3
2519,-0.3
2520,-0.3
2521,-0.3
2522,-0.3
2523,-0.4
2524,-0.4
2525,-0.4
2526,-0.4
2527,-0.4
2528,-0.4
2529,-0.4
2530,-0.5
2531,-0.5
2532,-0.5
2533,-0.5
2534,-0.5
2535,-0.5
2536,-0.5
2537,-0.5
2538,-0.6
2539,-0.6
2540,-0.6
2541,-0.6
2542,-0.6
2543,-0.6
2544,-0.6
2545,-0.6
2546,-0.7
2547,-0.7
2548,-0.7
2549,-0.7
2550,-0.7
2551,-0.7
2552,-0.7
2553,-0.7
2554,-0.8
2555,-0.8
2556,-0.8
2557,-0.8
2558,-0.8
2559,-0.8
2560,-0.8
2561,-0.8
2562,-0.8
2563,-0.8
2564,-0.8
2565,-0.9
2566,-0.9
2567,-0.9
2568,-0.9
2569,-0.9
2570,-0.9
2571,-0.9
2572,-0.9
2573,-0.9
2574,-0.9
2575,-0.9
2576,-0.9
2577,-0.9
2578,-0.9
2579,-0.9
2580,-1.0
2581,-1.0
2582,-1.0
2583,-1.0
2584,-1.0
2585,-1.0
2586,-1.0
2587,-1.0
2588,-1.0
2589,-1.0
2590,-1.0
2591,-1.0
2592,-1.0
2593,-1.0
2594,-1.0
2595,-1.0
2596,-1.0
2597,-1.0
2598,-1.0
2599,-1.0
2600,-1.0
2601,-1.0
2602,-1.0
2603,-1.0
2604,-1.0
2605,-1.0
2606,-1.0
2607,-1.0
2608,-1.0
2609,-1.0
2610,-1.0
2611,-1.0
2612,-1.0
2613,-1.0
2614,-1.0
2615,-1.0
2616,-1.0
2617,-1.0
2618,-1.0
2619,-1.0
2620,-1.0
2621,-0.9
2622,-0.9
2623,-0.9
2624,-0.9
2625,-0.9
2626,-0.9
2627,-0.9
2628,-0.9
2629,-0.9
2630,-0.9
2631,-0.9
2632,-0.9
2633,-0.9
2634,-0.9
2635,-0.9
2636,-0.8
2637,-0.8
2638,-0.8
2639,-0.8
2640,-0.8
2641,-0.8
2642,-0.8
2643,-0.8
2644,-0.8
2645,-0.8
2646,-0.8
2647,-0.7
2648,-0.7
2649,-0.7
2650,-0.7
2651,-0.7
2652,-0.7
2653,-0.7
2654,-0.7
2655,-0.6
2656,-0.6
2657,-0.6
2658,-0.6
2659,-0.6
2660,-0.6
2661,-0.6
2662,-0.6
2663,-0.5
2664,-0.5
2665,-0.5
2666,-0.5
2667,-0.5
2668,-0.5
2669,-0.5
2670,-0.5
2671,-0.4
2672,-0.4
2673,-0.4
2674,-0.4
2675,-0.4
2676,-0.4
2677,-0.4
2678,-0.3
2679,-0.3
2680,-0.3
2681,-0.3
2682,-0.3
2683,-0.3
2684,-0.2
2685,-0.2
2686,-0.2
2687,-0.2
2688,-0.2
2689,-0.2
2690,-0.2
2691,-0.1
2692,-0.1
2693,-0.1
2694,-0.1
2695,-0.1
2696,-0.1
2697,-0.0
2698,-0.0
2699,-0.0
2700,0.0
2701,0.0
2702,0.0
2703,0.0
2704,0.1
2705,0.1
2706,0.1
2707,0.1
2708,0.1
2709,0.1
2710,0.2
2711,0.2
2712,0.2
2713,0.2
2714,0.2
2715,0.2
2716,0.2
2717,0.3
2718,0.3
2719,0.3
2720,0.3
2721,0.3
2722,0.3
2723,0.4
2724,0.4
2725,0.4
2726,0.4
2727,0.4
2728,0.4
2729,0.4
2730,0.5
2731,0.5
2732,0.5
2733,0.5
2734,0.5
2735,0.5
2736,0.5
2737,0.5
2738,0.6
2739,0.6
2740,0.6
2741,0.6
2742,0.6
2743,0.6
2744,0.6
2745,0.6
2746,0.7
2747,0.7
2748,0.7
2749,0.7
2750,0.7
2751,0.7
2752,0.7
2753,0.7
2754,0.8
2755,0.8
2756,0.8
2757,0.8
2758,0.8
2759,0.8
2760,0.8
2761,0.8
2762,0.8
2763,0.8
2764,0.8
2765,0.9
2766,0.9
2767,0.9
2768,0.9
2769,0.9
2770,0.9
2771,0.9
2772,0.9
2773,0.9
2774,0.9
2775,0.9
2776,0.9
2777,0.9
2778,0.9
2779,0.9
2780,1.0
2781,1.0
2782,1.0
2783,1.0
2784,1.0
2785,1.0
2786,1.0
2787,1.0
2788,1.0
2789,1.0
2790,1.0
2791,1.0
2792,1.0
2793,1.0
2794,1.0
2795,1.0
2796,1.0
2797,1.0
2798,1.0
2799,1.0
2800,1.0
2801,1.0
2802,1.0
2803,1.0
2804,1.0
2805,1.0
2806,1.0
2807,1.0
2808,1.0
2809,1.0
2810,1.0
2811,1.0
2812,1.0
2813,1.0
2814,1.0
2815,1.0
2816,1.0
2817,1.0
2818,1.0
2819,1.0
2820,1.0
2821,0.9
2822,0.9
2823,0.9
2824,0.9
2825,0.9
2826,0.9
2827,0.9
2828,0.9
2829,0.9
2830,0.9
2831,0.9
2832,0.9
2833,0.9
2834,0.9
2835,0.9
2836,0.8
2837,0.8
2838,0.8
2839,0.8
2840,0.8
2841,0.8
2842,0.8
2843,0.8
2844,0.8
2845,0.8
2846,0.8
2847,0.7
2848,0.7
2849,0.7
2850,0.7
2851,0.7
2852,0.7
2853,0.7
2854,0.7
2855,0.6
2856,0.6
2857,0.6
2858,0.6
2859,0.6
2860,0.6
2861,0.6
2862,0.6
2863,0.5
2864,0.5
2865,0.5
2866,0.5
2867,0.5
2868,0.5
2869,0.5
2870,0.5
2871,0.4
2872,0.4
2873,0.4
2874,0.4
2875,0.4
2876,0.4
2877,0.4
2878,0.3
2879,0.3
2880,0.3
2881,0.3
2882,0.3
2883,0.3
2884,0.2
2885,0.2
2886,0.2
2887,0.2
2888,0.2
2889,0.2
2890,0.2
2891,0.1
2892,0.1
2893,0.1
2894,0.1
2895,0.1
2896,0.1
2897,0.0
2898,0.0
2899,0.0
2900,-0.0
2901,-0.0
2902,-0.0
2903,-0.0
2904,-0.1
2905,-0.1
2906,-0.1
2907,-0.1
2908,-0.1
2909,-0.1
2910,-0.2
2911,-0.2
2912,-0.2
2913,-0.2
2914,-0.2
2915,-0.2
2916,-0.2
2917,-0.3
2918,-0.3
2919,-0.3
2920,-0.3
2921,-0.3
2922,-0.3
2923,-0.4
2924,-0.4
2925,-0.4
2926,-0.4
2927,-0.4
2928,-0.4
2929,-0.4
2930,-0.5
2931,-0.5
2932,-0.5
2933,-0.5
2934,-0.5
2935,-0.5
2936,-0.5
2937,-0.5
2938,-0.6
2939,-0.6
2940,-0.6
2941,-0.6
2942,-0.6
2943,-0.6
2944,-0.6
2945,-0.6
2946,-0.7
2947,-0.7
2948,-0.7
2949,-0.7
2950,-0.7
2951,-0.7
2952,-0.7
2953,-0.7
2954,-0.8
2955,-0.8
2956,-0.8
2957,-0.8
2958,-0.8
2959,-0.8
2960,-0.8
2961,-0.8
2962,-0.8
2963,-0.8
2964,-0.8
2965,-0.9
2966,-0.9
2967,-0.9
2968,-0.9
2969,-0.9
2970,-0.9
2971,-0.9
2972,-0.9
2973,-0.9
2974,-0.9
2975,-0.9
2976,-0.9
2977,-0.9
2978,-0.9
2979,-0.9
2980,-1.0
2981,-1.0
2982,-1.0
2983,-1.0
2984,-1.0
2985,-1.0
2986,-1.0
2987,-1.0
2988,-1.0
2989,-1.0
2990,-1.0
2991,-1.0
2992,-1.0
2993,-1.0
2994,-1.0
2995,-1.0
2996,-1.0
2997,-1.0
2998,-1.0
2999,-1.0
3000,-1.0
3001,-1.0
3002,-1.0
3003,-1.0
3004,-1.0
3005,-1.0
3006,-1.0
3007,-1.0
3008,-1.0
3009,-1.0
3010,-1.0
3011,-1.0
3012,-1.0
3013,-1.0
3014,-1.0
3015,-1.0
3016,-1.0
3017,-1.0
3018,-1.0
3019,-1.0
3020,-1.0
3021,-0.9
3022,-0.9
3023,-0.9
3024,-0.9
3025,-0.9
3026,-0.9
3027,-0.9
3028,-0.9
3029,-0.9
3030,-0.9
3031,-0.9
3032,-0.9
3033,-0.9
3034,-0.9
3035,-0.9
3036,-0.8
3037,-0.8
3038,-0.8
3039,-0.8
3040,-0.8
3041,-0.8
3042,-0.8
3043,-0.8
3044,-0.8
3045,-0.8
3046,-0.8
3047,-0.7
3048,-0.7
3049,-0.7
3050,-0.7
3051,-0.7
3052,-0.7
3053,-0.7
3054,-0.7
3055,-0.6
3056,-0.6
3057,-0.6
3058,-0.6
3059,-0.6
3060,-0.6
3061,-0.6
3062,-0.6
3063,-0.5
3064,-0.5
3065,-0.5
3066,-0.5
3067,-0.5
3068,-0.5
3069,-0.5
3070,-0.5
3071,-0.4
3072,-0.4
3073,-0.4
3074,-0.4
3075,-0.4
3076,-0.4
3077,-0.4
3078,-0.3
3079,-0.3
3080,-0.3
3081,-0.3
3082,-0.3
3083,-0.3
3084,-0.2
3085,-0.2
3086,-0.2
3087,-0.2
3088,-0.2
3089,-0.2
3090,-0.2
3091,-0.1
3092,-0.1
3093,-0.1
3094,-0.1
3095,-0.1
3096,-0.1
3097,-0.0
3098,-0.0
3099,-0.0
3100,-0.0
3101,0.0
3102,0.0
3103,0.0
3104,0.1
3105,0.1
3106,0.1
3107,0.1
3108,0.1
3109,0.1
3110,0.2
3111,0.2
3112,0.2
3113,0.2
3114,0.2
3115,0.2
3116,0.2
3117,0.3
3118,0.3
3119,0.3
3120,0.3
3121,0.3
3122,0.3
3123,0.4
3124,0.4
3125,0.4
3126,0.4
3127,0.4
3128,0.4
3129,0.4
3130,0.5
3131,0.5
3132,0.5
3133,0.5
3134,0.5
3135,0.5
3136,0.5
3137,0.5
3138,0.6
3139,0.6
3140,0.6
3141,0.6
3142,0.6
3143,0.6
3144,0.6
3145,0.6
3146,0.7
3147,0.7
3148,0.7
3149,0.7
3150,0.7
3151,0.7
3152,0.7
3153,0.7
3154,0.8
3155,0.8
3156,0.8
3157,0.8
3158,0.8
3159,0.8
3160,0.8
3161,0.8
3162,0.8
3163,0.8
3164,0.8
3165,0.9
3166,0.9
3167,0.9
3168,0.9
3169,0.9
3170,0.9
3171,0.9
3172,0.9
3173,0.9
3174,0.9
3175,0.9
3176,0.9
3177,0.9
3178,0.9
3179,0.9
3180,1.0
3181,1.0
3182,1.0
3183,1.0
3184,1.0
3185,1.0
3186,1.0
3187,1.0
3188,1.0
3189,1.0
3190,1.0
3191,1.0
3192,1.0
3193,1.0
3194,1.0
3195,1.0
3196,1.0
3197,1.0
3198,1.0
3199,1.0
3200,1.0
3201,1.0
3202,1.0
3203,1.0
3204,1.0
3205,1.0
3206,1.0
3207,1.0
3208,1.0
3209,1.0
3210,1.0
3211,1.0
3212,1.0
3213,1.0
3214,1.0
3215,1.0
3216,1.0
3217,1.0
3218,1.0
3219,1.0
3220,1.0
3221,0.9
3222,0.9
3223,0.9
3224,0.9
3225,0.9
3226,0.9
3227,0.9
3228,0.9
3229,0.9
3230,0.9
3231,0.9
3232,0.9
3233,0.9
3234,0.9
3235,0.9
3236,0.8
3237,0.8
3238,0.8
3239,0.8
3240,0.8
3241,0.8
3242,0.8
3243,0.8
3244,0.8
3245,0.8
3246,0.8
3247,0.7
3248,0.7
3249,0.7
3250,0.7
3251,0.7
3252,0.7
3253,0.7
3254,0.7
3255,0.6
3256,0.6
3257,0.6
3258,0.6
3259,0.6
3260,0.6
3261,0.6
3262,0.6
3263,0.5
3264,0.5
3265,0.5
3266,0.5
3267,0.5
3268,0.5
3269,0.5
3270,0.5
3271,0.4
3272,0.4
3273,0.4
3274,0.4
3275,0.4
3276,0.4
3277,0.4
3278,0.3
3279,0.3
3280,0.3
3281,0.3
3282,0.3
3283,0.3
3284,0.2
3285,0.2
3286,0.2
3287,0.2
3288,0.2
3289,0.2
3290,0.2
3291,0.1
3292,0.1
3293,0.1
3294,0.1
3295,0.1
3296,0.1
3297,0.0
3298,0.0
3299,0.0
3300,0.0
3301,-0.0
3302,-0.0
3303,-0.0
3304,-0.1
3305,-0.1
3306,-0.1
3307,-0.1
3308,-0.1
3309,-0.1
3310,-0.2
3311,-0.2
3312,-0.2
3313,-0.2
3314,-0.2
3315,-0.2
3316,-0.2
3317,-0.3
3318,-0.3
3319,-0.3
3320,-0.3
3321,-0.3
3322,-0.3
3323,-0.4
3324,-0.4
3325,-0.4
3326,-0.4
3327,-0.4
3328,-0.4
3329,-0.4
3330,-0.5
3331,-0.5
3332,-0.5
3333,-0.5
3334,-0.5
3335,-0.5
3336,-0.5
3337,-0.5
3338,-0.6
3339,-0.6
3340,-0.6
3341,-0.6
3342,-0.6
3343,-0.6
3344,-0.6
3345,-0.6
3346,-0.7
3347,-0.7
3348,-0.7
3349,-0.7
3350,-0.7
3351,-0.7
3352,-0.7
3353,-0.7
3354,-0.8
3355,-0.8
3356,-0.8
3357,-0.8
3358,-0.8
3359,-0.8
3360,-0.8
3361,-0.8
3362,-0.8
3363,-0.8
3364,-0.8
3365,-0.9
3366,-0.9
3367,-0.9
3368,-0.9
3369,-0.9
3370,-0.9
3371,-0.9
3372,-0.9
3373,-0.9
3374,-0.9
3375,-0.9
3376,-0.9
3377,-0.9
3378,-0.9
3379,-0.9
3380,-1.0
3381,-1.0
3382,-1.0
3383,-1.0
3384,-1.0
3385,-1.0
3386,-1.0
3387,-1.0
3388,-1.0
3389,-1.0
3390,-1.0
3391,-1.0
3392,-1.0
3393,-1.0
3394,-1.0
3395,-1.0
3396,-1.0
3397,-1.0
3398,-1.0
3399,-1.0
3400,-1.0
3401,-1.0
3402,-1.0
3403,-1.0
3404,-1.0
3405,-1.0
3406,-1.0
3407,-1.0
3408,-1.0
3409,-1.0
3410,-1.0
3411,-1.0
3412,-1.0
3413,-1.0
3414,-1.0
3415,-1.0
3416,-1.0
3417,-1.0
3418,-1.0
3419,-1.0
3420,-1.0
3421,-0.9
3422,-0.9
3423,-0.9
3424,-0.9
3425,-0.9
3426,-0.9
3427,-0.9
3428,-0.9
3429,-0.9
3430,-0.9
3431,-0.9
3432,-0.9
3433,-0.9
3434,-0.9
3435,-0.9
3436,-0.8
3437,-0.8
3438,-0.8
3439,-0.8
3440,-0.8
3441,-0.8
3442,-0.8
3443,-0.8
3444,-0.8
3445,-0.8
3446,-0.8
3447,-0.7
3448,-0.7
3449,-0.7
3450,-0.7
3451,-0.7
3452,-0.7
3453,-0.7
3454,-0.7
3455,-0.6
3456,-0.6
3457,-0.6
3458,-0.6
3459,-0.6
3460,-0.6
3461,-0.6
3462,-0.6
3463,-0.5
3464,-0.5
3465,-0.5
3466,-0.5
3467,-0.5
3468,-0.5
3469,-0.5
3470,-0.5
3471,-0.4
3472,-0.4
3473,-0.4
3474,-0.4
3475,-0.4
3476,-0.4
3477,-0.4
3478,-0.3
3479,-0.3
3480,-0.3
3481,-0.3
3482,-0.3
3483,-0.3
3484,-0.2
3485,-0.2
3486,-0.2
3487,-0.2
3488,-0.2
3489,-0.2
3490,-0.2
3491,-0.1
3492,-0.1
3493,-0.1
3494,-0.1
3495,-0.1
3496,-0.1
3497,-0.0
3498,-0.0
3499,-0.0
3500,-0.0
3501,0.0
3502,0.0
3503,0.0
3504,0.1
3505,0.1
3506,0.1
3507,0.1
3508,0.1
3509,0.1
3510,0.2
3511,0.2
3512,0.2
3513,0.2
3514,0.2
3515,0.2
3516,0.2
3517,0.3
3518,0.3
3519,0.3
3520,0.3
3521,0.3
3522,0.3
3523,0.4
3524,0.4
3525,0.4
3526,0.4
3527,0.4
3528,0.4
3529,0.4
3530,0.5
3531,0.5
3532,0.5
3533,0.5
3534,0.5
3535,0.5
3536,0.5
3537,0.5
3538,0.6
3539,0.6
3540,0.6
3541,0.6
3542,0.6
3543,0.6
3544,0.6
3545,0.6
3546,0.7
3547,0.7
3548,0.7
3549,0.7
3550,0.7
3551,0.7
3552,0.7
3553,0.7
3554,0.8
3555,0.8
3556,0.8
3557,0.8
3558,0.8
3559,0.8
3560,0.8
3561,0.8
3562,0.8
3563,0.8
3564,0.8
3565,0.9
3566,0.9
3567,0.9
3568,0.9
3569,0.9
3570,0.9
3571,0.9
3572,0.9
3573,0.9
3574,0.9
3575,0.9
3576,0.9
3577,0.9
3578,0.9
3579,0.9
3580,1.0
3581,1.0
3582,1.0
3583,1.0
3584,1.0
3585,1.0
3586,1.0
3587,1.0
3588,1.0
3589,1.0
3590,1.0
3591,1.0
3592,1.0
3593,1.0
3594,1.0
3595,1.0
3596,1.0
3597,1.0
3598,1.0
3599,1.0
3600,1.0
3601,1.0
3602,1.0
3603,1.0
3604,1.0
3605,1.0
3606,1.0
3607,1.0
3608,1.0
3609,1.0
3610,1.0
3611,1.0
3612,1.0
3613,1.0
3614,1.0
3615,1.0
3616,1.0
3617,1.0
3618,1.0
3619,1.0
3620,1.0
3621,0.9
3622,0.9
3623,0.9
3624,0.9
3625,0.9
3626,0.9
3627,0.9
3628,0.9
3629,0.9
3630,0.9
3631,0.9
3632,0.9
3633,0.9
3634,0.9
3635,0.9
3636,0.8
3637,0.8
3638,0.8
3639,0.8
3640,0.8
3641,0.8
3642,0.8
3643,0.8
3644,0.8
3645,0.8
3646,0.8
3647,0.7
3648,0.7
3649,0.7
3650,0.7
3651,0.7
3652,0.7
3653,0.7
3654,0.7
3655,0.6
3656,0.6
3657,0.6
3658,0.6
3659,0.6
3660,0.6
3661,0.6
3662,0.6
3663,0.5
3664,0.5
3665,0.5
3666,0.5
3667,0.5
3668,0.5
3669,0.5
3670,0.5
3671,0.4
3672,0.4
3673,0.4
3674,0.4
3675,0.4
3676,0.4
3677,0.4
3678,0.3
3679,0.3
3680,0.3
3681,0.3
3682,0.3
3683,0.3
3684,0.2
3685,0.2
3686,0.2
3687,0.2
3688,0.2
3689,0.2
3690,0.2
3691,0.1
3692,0.1
3693,0.1
3694,0.1
3695,0.1
3696,0.1
3697,0.0
3698,0.0
3699,0.0
3700,0.0
3701,-0.0
3702,-0.0
3703,-0.0
3704,-0.1
3705,-0.1
3706,-0.1
3707,-0.1
3708,-0.1
3709,-0.1
3710,-0.2
3711,-0.2
3712,-0.2
3713,-0.2
3714,-0.2
3715,-0.2
3716,-0.2
3717,-0.3
3718,-0.3
3719,-0.3
3720,-0.3
3721,-0.3
3722,-0.3
3723,-0.4
3724,-0.4
3725,-0.4
3726,-0.4
3727,-0.4
3728,-0.4
3729,-0.4
3730,-0.5
3731,-0.5
3732,-0.5
3733,-0.5
3734,-0.5
3735,-0.5
3736,-0.5
3737,-0.5
3738,-0.6
3739,-0.6
3740,-0.6
3741,-0.6
3742,-0.6
3743,-0.6
3744,-0.6
3745,-0.6
3746,-0.7
3747,-0.7
3748,-0.7
3749,-0.7
3750,-0.7
3751,-0.7
3752,-0.7
3753,-0.7
3754,-0.8
3755,-0.8
3756,-0.8
3757,-0.8
3758,-0.8
3759,-0.8
3760,-0.8
3761,-0.8
3762,-0.8
3763,-0.8
3764,-0.8
3765,-0.9
3766,-0.9
3767,-0.9
3768,-0.9
3769,-0.9
3770,-0.9
3771,-0.9
3772,-0.9
3773,-0.9
3774,-0.9
3775,-0.9
3776,-0.9
3777,-0.9
3778,-0.9
3779,-0.9
3780,-1.0
3781,-1.0
3782,-1.0
3783,-1.0
3784,-1.0
3785,-1.0
3786,-1.0
3787,-1.0
3788,-1.0
3789,-1.0
3790,-1.0
3791,-1.0
3792,-1.0
3793,-1.0
3794,-1.0
3795,-1.0
3796,-1.0
3797,-1.0
3798,-1.0
3799,-1.0
3800,-1.0
3801,-1.0
3802,-1.0
3803,-1.0
3804,-1.0
3805,-1.0
3806,-1.0
3807,-1.0
3808,-1.0
3809,-1.0
3810,-1.0
3811,-1.0
3812,-1.0
3813,-1.0
3814,-1.0
3815,-1.0
3816,-1.0
3817,-1.0
3818,-1.0
3819,-1.0
3820,-1.0
3821,-0.9
3822,-0.9
3823,-0.9
3824,-0.9
3825,-0.9
3826,-0.9
3827,-0.9
3828,-0.9
3829,-0.9
3830,-0.9
3831,-0.9
3832,-0.9
3833,-0.9
3834,-0.9
3835,-0.9
3836,-0.8
3837,-0.8
3838,-0.8
3839,-0.8
3840,-0.8
3841,-0.8
3842,-0.8
3843,-0.8
3844,-0.8
3845,-0.8
3846,-0.8
3847,-0.7
3848,-0.7
3849,-0.7
3850,-0.7
3851,-0.7
3852,-0.7
3853,-0.7
3854,-0.7
3855,-0.6
3856,-0.6
3857,-0.6
3858,-0.6
3859,-0.6
3860,-0.6
3861,-0.6
3862,-0.6
3863,-0.5
3864,-0.5
3865,-0.5
3866,-0.5
3867,-0.5
3868,-0.5
3869,-0.5
3870,-0.5
3871,-0.4
3872,-0.4
3873,-0.4
3874,-0.4
3875,-0.4
3876,-0.4
3877,-0.4
3878,-0.3
3879,-0.3
3880,-0.3
3881,-0.3
3882,-0.3
3883,-0.3
3884,-0.2
3885,-0.2
3886,-0.2
3887,-0.2
3888,-0.2
3889,-0.2
3890,-0.2
3891,-0.1
3892,-0.1
3893,-0.1
3894,-0.1
3895,-0.1
3896,-0.1
3897,-0.0
3898,-0.0
3899,-0.0
3900,-0.0
3901,0.0
3902,0.0
3903,0.0
3904,0.1
3905,0.1
3906,0.1
3907,0.1
3908,0.1
3909,0.1
3910,0.2
3911,0.2
3912,0.2
3913,0.2
3914,0.2
3915,0.2
3916,0.2
3917,0.3
3918,0.3
3919,0.3
3920,0.3
3921,0.3
3922,0.3
3923,0.4
3924,0.4
3925,0.4
3926,0.4
3927,0.4
3928,0.4
3929,0.4
3930,0.5
3931,0.5
3932,0.5
3933,0.5
3934,0.5
3935,0.5
3936,0.5
3937,0.5
3938,0.6
3939,0.6
3940,0.6
3941,0.6
3942,0.6
3943,0.6
3944,0.6
3945,0.6
3946,0.7
3947,0.7
3948,0.7
3949,0.7
3950,0.7
3951,0.7
3952,0.7
3953,0.7
3954,0.8
3955,0.8
3956,0.8
3957,0.8
3958,0.8
3959,0.8
3960,0.8
3961,0.8
3962,0.8
3963,0.8
3964,0.8
3965,0.9
3966,0.9
3967,0.9
3968,0.9
3969,0.9
3970,0.9
3971,0.9
3972,0.9
3973,0.9
3974,0.9
3975,0.9
3976,0.9
3977,0.9
3978,0.9
3979,0.9
3980,1.0
3981,1.0
3982,1.0
3983,1.0
3984,1.0
3985,1.0
3986,1.0
3987,1.0
3988,1.0
3989,1.0
3990,1.0
3991,1.0
3992,1.0
3993,1.0
3994,1.0
3995,1.0
3996,1.0
3997,1.0
3998,1.0
3999,1.0
4000,1.0
4001,1.0
4002,1.0
4003,1.0
4004,1.0
4005,1.0
4006,1.0
4007,1.0
4008,1.0
4009,1.0
4010,1.0
4011,1.0
4012,1.0
4013,1.0
4014,1.0
4015,1.0
4016,1.0
4017,1.0
4018,1.0
4019,1.0
4020,1.0
4021,0.9
4022,0.9
4023,0.9
4024,0.9
4025,0.9
4026,0.9
4027,0.9
4028,0.9
4029,0.9
4030,0.9
4031,0.9
4032,0.9
4033,0.9
4034,0.9
4035,0.9
4036,0.8
4037,0.8
4038,0.8
4039,0.8
4040,0.8
4041,0.8
4042,0.8
4043,0.8
4044,0.8
4045,0.8
4046,0.8
4047,0.7
4048,0.7
4049,0.7
4050,0.7
4051,0.7
4052,0.7
4053,0.7
4054,0.7
4055,0.6
4056,0.6
4057,0.6
4058,0.6
4059,0.6
4060,0.6
4061,0.6
4062,0.6
4063,0.5
4064,0.5
4065,0.5
4066,0.5
4067,0.5
4068,0.5
4069,0.5
4070,0.5
4071,0.4
4072,0.4
4073,0.4
4074,0.4
4075,0.4
4076,0.4
4077,0.4
4078,0.3
4079,0.3
4080,0.3
4081,0.3
4082,0.3
4083,0.3
4084,0.2
4085,0.2
4086,0.2
4087,0.2
4088,0.2
4089,0.2
4090,0.2
4091,0.1
4092,0.1
4093,0.1
4094,0.1
4095,0.1
4096,0.1
4097,0.0
4098,0.0
4099,0.0
4100,0.0
4101,-0.0
4102,-0.0
4103,-0.0
4104,-0.1
4105,-0.1
4106,-0.1
4107,-0.1
4108,-0.1
4109,-0.1
4110,-0.2
4111,-0.2
4112,-0.2
4113,-0.2
4114,-0.2
4115,-0.2
4116,-0.2
4117,-0.3
4118,-0.3
4119,-0.3
4120,-0.3
4121,-0.3
4122,-0.3
4123,-0.4
4124,-0.4
4125,-0.4
4126,-0.4
4127,-0.4
4128,-0.4
4129,-0.4
4130,-0.5
4131,-0.5
4132,-0.5
4133,-0.5
4134,-0.5
4135,-0.5
4136,-0.5
4137,-0.5
4138,-0.6
4139,-0.6
4140,-0.6
4141,-0.6
4142,-0.6
4143,-0.6
4144,-0.6
4145,-0.6
4146,-0.7
4147,-0.7
4148,-0.7
4149,-0.7
4150,-0.7
4151,-0.7
4152,-0.7
4153,-0.7
4154,-0.8
4155,-0.8
4156,-0.8
4157,-0.8
4158,-0.8
4159,-0.8
4160,-0.8
4161,-0.8
4162,-0.8
4163,-0.8
4164,-0.8
4165,-0.9
4166,-0.9
4167,-0.9
4168,-0.9
4169,-0.9
4170,-0.9
4171,-0.9
4172,-0.9
4173,-0.9
4174,-0.9
4175,-0.9
4176,-0.9
4177,-0.9
4178,-0.9
4179,-0.9
4180,-1.0
4181,-1.0
4182,-1.0
4183,-1.0
4184,-1.0
4185,-1.0
4186,-1.0
4187,-1.0
4188,-1.0
4189,-1.0
4190,-1.0
4191,-1.0
4192,-1.0
4193,-1.0
4194,-1.0
4195,-1.0
4196,-1.0
4197,-1.0
4198,-1.0
4199,-1.0
4200,-1.0
4201,-1.0
4202,-1.0
4203,-1.0
4204,-1.0
4205,-1.0
4206,-1.0
4207,-1.0
4208,-1.0
4209,-1.0
4210,-1.0
4211,-1.0
4212,-1.0
4213,-1.0
4214,-1.0
4215,-1.0
4216,-1.0
4217,-1.0
4218,-1.0
4219,-1.0
4220,-1.0
4221,-0.9
4222,-0.9
4223,-0.9
4224,-0.9
4225,-0.9
4226,-0.9
4227,-0.9
4228,-0.9
4229,-0.9
4230,-0.9
4231,-0.9
4232,-0.9
4233,-0.9
4234,-0.9
4235,-0.9
4236,-0.8
4237,-0.8
4238,-0.8
4239,-0.8
4240,-0.8
4241,-0.8
4242,-0.8
4243,-0.8
4244,-0.8
4245,-0.8
4246,-0.8
4247,-0.7
4248,-0.7
4249,-0.7
4250,-0.7
4251,-0.7
4252,-0.7
4253,-0.7
4254,-0.7
4255,-0.6
4256,-0.6
4257,-0.6
4258,-0.6
4259,-0.6
4260,-0.6
4261,-0.6
4262,-0.6
4263,-0.5
4264,-0.5
4265,-0.5
4266,-0.5
4267,-0.5
4268,-0.5
4269,-0.5
4270,-0.5
4271,-0.4
4272,-0.4
4273,-0.4
4274,-0.4
4275,-0.4
4276,-0.4
4277,-0.4
4278,-0.3
4279,-0.3
4280,-0.3
4281,-0.3
4282,-0.3
4283,-0.3
4284,-0.2
4285,-0.2
4286,-0.2
4287,-0.2
4288,-0.2
4289,-0.2
4290,-0.2
4291,-0.1
4292,-0.1
4293,-0.1
4294,-0.1
4295,-0.1
4296,-0.1
4297,-0.0
4298,-0.0
4299,-0.0
4300,-0.0
4301,0.0
4302,0.0
4303,0.0
4304,0.1
4305,0.1
4306,0.1
4307,0.1
4308,0.1
4309,0.1
4310,0.2
4311,0.2
4312,0.2
4313,0.2
4314,0.2
4315,0.2
4316,0.2
4317,0.3
4318,0.3
4319,0.3
4320,0.3
4321,0.3
4322,0.3
4323,0.4
4324,0.4
4325,0.4
4326,0.4
4327,0.4
4328,0.4
4329,0.4
4330,0.5
4331,0.5
4332,0.5
4333,0.5
4334,0.5
4335,0.5
4336,0.5
4337,0.5
4338,0.6
4339,0.6
4340,0.6
4341,0.6
4342,0.6
4343,0.6
4344,0.6
4345,0.6
4346,0.7
4347,0.7
4348,0.7
4349,0.7
4350,0.7
4351,0.7
4352,0.7
4353,0.7
4354,0.8
4355,0.8
4356,0.8
4357,0.8
4358,0.8
4359,0.8
4360,0.8
4361,0.8
4362,0.8
4363,0.8
4364,0.8
4365,0.9
4366,0.9
4367,0.9
4368,0.9
4369,0.9
4370,0.9
4371,0.9
4372,0.9
4373,0.9
4374,0.9
4375,0.9
4376,0.9
4377,0.9
4378,0.9
4379,0.9
4380,1.0
4381,1.0
4382,1.0
4383,1.0
4384,1.0
4385,1.0
4386,1.0
4387,1.0
4388,1.0
4389,1.0
4390,1.0
4391,1.0
4392,1.0
4393,1.0
4394,1.0
4395,1.0
4396,1.0
4397,1.0
4398,1.0
4399,1.0
4400,1.0
4401,1.0
4402,1.0
4403,1.0
4404,1.0
4405,1.0
4406,1.0
4407,1.0
4408,1.0
4409,1.0
4410,1.0
4411,1.0
4412,1.0
4413,1.0
4414,1.0
4415,1.0
4416,1.0
4417,1.0
4418,1.0
4419,1.0
4420,1.0
4421,0.9
4422,0.9
4423,0.9
4424,0.9
4425,0.9
4426,0.9
4427,0.9
4428,0.9
4429,0.9
4430,0.9
4431,0.9
4432,0.9
4433,0.9
4434,0.9
4435,0.9
4436,0.8
4437,0.8
4438,0.8
4439,0.8
4440,0.8
4441,0.8
4442,0.8
4443,0.8
4444,0.8
4445,0.8
4446,0.8
4447,0.7
4448,0.7
4449,0.7
4450,0.7
4451,0.7
4452,0.7
4453,0.7
4454,0.7
4455,0.6
4456,0.6
4457,0.6
4458,0.6
4459,0.6
4460,0.6
4461,0.6
4462,0.6
4463,0.5
4464,0.5
4465,0.5
4466,0.5
4467,0.5
4468,0.5
4469,0.5
4470,0.5
4471,0.4
4472,0.4
4473,0.4
4474,0.4
4475,0.4
4476,0.4
4477,0.4
4478,0.3
4479,0.3
4480,0.3
4481,0.3
4482,0.3
4483,0.3
4484,0.2
4485,0.2
4486,0.2
4487,0.2
4488,0.2
4489,0.2
4490,0.2
4491,0.1
4492,0.1
4493,0.1
4494,0.1
4495,0.1
4496,0.1
4497,0.0
4498,0.0
4499,0.0
4500,0.0
4501,-0.0
4502,-0.0
4503,-0.0
4504,-0.1
4505,-0.1
4506,-0.1
4507,-0.1
4508,-0.1
4509,-0.1
4510,-0.2
4511,-0.2
4512,-0.2
4513,-0.2
4514,-0.2
4515,-0.2
4516,-0.2
4517,-0.3
4518,-0.3
4519,-0.3
4520,-0.3
4521,-0.3
4522,-0.3
4523,-0.4
4524,-0.4
4525,-0.4
4526,-0.4
4527,-0.4
4528,-0.4
4529,-0.4
4530,-0.5
4531,-0.5
4532,-0.5
4533,-0.5
4534,-0.5
4535,-0.5
4536,-0.5
4537,-0.5
4538,-0.6
4539,-0.6
4540,-0.6
4541,-0.6
4542,-0.6
4543,-0.6
4544,-0.6
4545,-0.6
4546,-0.7
4547,-0.7
4548,-0.7
4549,-0.7
4550,-0.7
4551,-0.7
4552,-0.7
4553,-0.7
4554,-0.8
4555,-0.8
4556,-0.8
4557,-0.8
4558,-0.8
4559,-0.8
4560,-0.8
4561,-0.8
4562,-0.8
4563,-0.8
4564,-0.8
4565,-0.9
4566,-0.9
4567,-0.9
4568,-0.9
4569,-0.9
4570,-0.9
4571,-0.9
4572,-0.9
4573,-0.9
4574,-0.9
4575,-0.9
4576,-0.9
4577,-0.9
4578,-0.9
4579,-0.9
4580,-1.0
4581,-1.0
4582,-1.0
4583,-1.0
4584,-1.0
4585,-1.0
4586,-1.0
4587,-1.0
4588,-1.0
4589,-1.0
4590,-1.0
4591,-1.0
4592,-1.0
4593,-1.0
4594,-1.0
4595,-1.0
4596,-1.0
4597,-1.0
4598,-1.0
4599,-1.0
4600,-1.0
4601,-1.0
4602,-1.0
4603,-1.0
4604,-1.0
4605,-1.0
4606,-1.0
4607,-1.0
4608,-1.0
4609,-1.0
4610,-1.0
4611,-1.0
4612,-1.0
4613,-1.0
4614,-1.0
4615,-1.0
4616,-1.0
4617,-1.0
4618,-1.0
4619,-1.0
4620,-1.0
4621,-0.9
4622,-0.9
4623,-0.9
4624,-0.9
4625,-0.9
4626,-0.9
4627,-0.9
4628,-0.9
4629,-0.9
4630,-0.9
4631,-0.9
4632,-0.9
4633,-0.9
4634,-0.9
4635,-0.9
4636,-0.8
4637,-0.8
4638,-0.8
4639,-0.8
4640,-0.8
4641,-0.8
4642,-0.8
4643,-0.8
4644,-0.8
4645,-0.8
4646,-0.8
4647,-0.7
4648,-0.7
4649,-0.7
4650,-0.7
4651,-0.7
4652,-0.7
4653,-0.7
4654,-0.7
4655,-0.6
4656,-0.6
4657,-0.6
4658,-0.6
4659,-0.6
4660,-0.6
4661,-0.6
4662,-0.6
4663,-0.5
4664,-0.5
4665,-0.5
4666,-0.5
4667,-0.5
4668,-0.5
4669,-0.5
4670,-0.5
4671,-0.4
4672,-0.4
4673,-0.4
4674,-0.4
4675,-0.4
4676,-0.4
4677,-0.4
4678,-0.3
4679,-0.3
4680,-0.3
4681,-0.3
4682,-0.3
4683,-0.3
4684,-0.2
4685,-0.2
4686,-0.2
4687,-0.2
4688,-0.2
4689,-0.2
4690,-0.2
4691,-0.1
4692,-0.1
4693,-0.1
4694,-0.1
4695,-0.1
4696,-0.1
4697,-0.0
4698,-0.0
4699,-0.0
4700,0.0
4701,0.0
4702,0.0
4703,0.0
4704,0.1
4705,0.1
4706,0.1
4707,0.1
4708,0.1
4709,0.1
4710,0.2
4711,0.2
4712,0.2
4713,0.2
4714,0.2
4715,0.2
4716,0.2
4717,0.3
4718,0.3
4719,0.3
4720,0.3
4721,0.3
4722,0.3
4723,0.4
4724,0.4
4725,0.4
4726,0.4
4727,0.4
4728,0.4
4729,0.4
4730,0.5
4731,0.5
4732,0.5
4733,0.5
4734,0.5
4735,0.5
4736,0.5
4737,0.5
4738,0.6
4739,0.6
4740,0.6
4741,0.6
4742,0.6
4743,0.6
4744,0.6
4745,0.6
4746,0.7
4747,0.7
4748,0.7
4749,0.7
4750,0.7
4751,0.7
4752,0.7
4753,0.7
4754,0.8
4755,0.8
4756,0.8
4757,0.8
4758,0.8
4759,0.8
4760,0.8
4761,0.8
4762,0.8
4763,0.8
4764,0.8
4765,0.9
4766,0.9
4767,0.9
4768,0.9
4769,0.9
4770,0.9
4771,0.9
4772,0.9
4773,0.9
4774,0.9
4775,0.9
4776,0.9
4777,0.9
4778,0.9
4779,0.9
4780,1.0
4781,1.0
4782,1.0
4783,1.0
4784,1.0
4785,1.0
4786,1.0
4787,1.0
4788,1.0
4789,1.0
4790,1.0
4791,1.0
4792,1.0
4793,1.0
4794,1.0
4795,1.0
4796,1.0
4797,1.0
4798,1.0
4799,1.0
4800,1.0
4801,1.0
4802,1.0
4803,1.0
4804,1.0
4805,1.0
4806,1.0
4807,1.0
4808,1.0
4809,1.0
4810,1.0
4811,1.0
4812,1.0
4813,1.0
4814,1.0
4815,1.0
4816,1.0
4817,1.0
4818,1.0
4819,1.0
4820,1.0
4821,0.9
4822,0.9
4823,0.9
4824,0.9
4825,0.9
4826,0.9
4827,0.9
4828,0.9
4829,0.9
4830,0.9
4831,0.9
4832,0.9
4833,0.9
4834,0.9
4835,0.9
4836,0.8
4837,0.8
4838,0.8
4839,0.8
4840,0.8
4841,0.8
4842,0.8
4843,0.8
4844,0.8
4845,0.8
4846,0.8
4847,0.7
4848,0.7
4849,0.7
4850,0.7
4851,0.7
4852,0.7
4853,0.7
4854,0.7
4855,0.6
4856,0.6
4857,0.6
4858,0.6
4859,0.6
4860,0.6
4861,0.6
4862,0.6
4863,0.5
4864,0.5
4865,0.5
4866,0.5
4867,0.5
4868,0.5
4869,0.5
4870,0.5
4871,0.4
4872,0.4
4873,0.4
4874,0.4
4875,0.4
4876,0.4
4877,0.4
4878,0.3
4879,0.3
4880,0.3
4881,0.3
4882,0.3
4883,0.3
4884,0.2
4885,0.2
4886,0.2
4887,0.2
4888,0.2
4889,0.2
4890,0.2
4891,0.1
4892,0.1
4893,0.1
4894,0.1
4895,0.1
4896,0.1
4897,0.0
4898,0.0
4899,0.0
4900,-0.0
4901,-0.0
4902,-0.0
4903,-0.0
4904,-0.1
4905,-0.1
4906,-0.1
4907,-0.1
4908,-0.1
4909,-0.1
4910,-0.2
4911,-0.2
4912,-0.2
4913,-0.2
4914,-0.2
4915,-0.2
4916,-0.2
4917,-0.3
4918,-0.3
4919,-0.3
4920,-0.3
4921,-0.3
4922,-0.3
4923,-0.4
4924,-0.4
4925,-0.4
4926,-0.4
4927,-0.4
4928,-0.4
4929,-0.4
4930,-0.5
4931,-0.5
4932,-0.5
4933,-0.5
4934,-0.5
4935,-0.5
4936,-0.5
4937,-0.5
4938,-0.6
4939,-0.6
4940,-0.6
4941,-0.6
4942,-0.6
4943,-0.6
4944,-0.6
4945,-0.6
4946,-0.7
4947,-0.7
4948,-0.7
4949,-0.7
4950,-0.7
4951,-0.7
4952,-0.7
4953,-0.7
4954,-0.8
4955,-0.8
4956,-0.8
4957,-0.8
4958,-0.8
4959,-0.8
4960,-0.8
4961,-0.8
4962,-0.8
4963,-0.8
4964,-0.8
4965,-0.9
4966,-0.9
4967,-0.9
4968,-0.9
4969,-0.9
4970,-0.9
4971,-0.9
4972,-0.9
4973,-0.9
4974,-0.9
4975,-0.9
4976,-0.9
4977,-0.9
4978,-0.9
4979,-0.9
4980,-1.0
4981,-1.0
4982,-1.0
4983,-1.0
4984,-1.0
4985,-1.0
4986,-1.0
4987,-1.0
4988,-1.0
4989,-1.0
4990,-1.0
4991,-1.0
4992,-1.0
4993,-1.0
4994,-1.0
4995,-1.0
4996,-1.0
4997,-1.0
4998,-1.0
4999,-1.0
5000,-1.0
5001,-1.0
5002,-1.0
5003,-1.0
5004,-1.0
5005,-1.0
5006,-1.0
5007,-1.0
5008,-1.0
5009,-1.0
5010,-1.0
5011,-1.0
5012,-1.0
5013,-1.0
5014,-1.0
5015,-1.0
5016,-1.0
5017,-1.0
5018,-1.0
5019,-1.0
5020,-1.0
5021,-0.9
5022,-0.9
5023,-0.9
5024,-0.9
5025,-0.9
5026,-0.9
5027,-0.9
5028,-0.9
5029,-0.9
5030,-0.9
5031,-0.9
5032,-0.9
5033,-0.9
5034,-0.9
5035,-0.9
5036,-0.8
5037,-0.8
5038,-0.8
5039,-0.8
5040,-0.8
5041,-0.8
5042,-0.8
5043,-0.8
5044,-0.8
5045,-0.8
5046,-0.8
5047,-0.7
5048,-0.7
5049,-0.7
5050,-0.7
5051,-0.7
5052,-0.7
5053,-0.7
5054,-0.7
5055,-0.6
5056,-0.6
5057,-0.6
5058,-0.6
5059,-0.6
5060,-0.6
5061,-0.6
5062,-0.6
5063,-0.5
5064,-0.5
5065,-0.5
5066,-0.5
5067,-0.5
5068,-0.5
5069,-0.5
5070,-0.5
5071,-0.4
5072,-0.4
5073,-0.4
5074,-0.4
5075,-0.4
5076,-0.4
5077,-0.4
5078,-0.3
5079,-0.3
5080,-0.3
5081,-0.3
5082,-0.3
5083,-0.3
5084,-0.2
5085,-0.2
5086,-0.2
5087,-0.2
5088,-0.2
5089,-0.2
5090,-0.2
5091,-0.1
5092,-0.1
5093,-0.1
5094,-0.1
5095,-0.1
5096,-0.1
5097,-0.0
5098,-0.0
5099,-0.0
5100,0.0
5101,0.0
5102,0.0
5103,0.0
5104,0.1
5105,0.1
5106,0.1
5107,0.1
5108,0.1
5109,0.1
5110,0.2
5111,0.2
5112,0.2
5113,0.2
5114,0.2
5115,0.2
5116,0.2
5117,0.3
5118,0.3
5119,0.3
5120,0.3
5121,0.3
5122,0.3
5123,0.4
5124,0.4
5125,0.4
5126,0.4
5127,0.4
5128,0.4
5129,0.4
5130,0.5
5131,0.5
5132,0.5
5133,0.5
5134,0.5
5135,0.5
5136,0.5
5137,0.5
5138,0.6
5139,0.6
5140,0.6
5141,0.6
5142,0.6
5143,0.6
5144,0.6
5145,0.6
5146,0.7
5147,0.7
5148,0.7
5149,0.7
5150,0.7
5151,0.7
5152,0.7
5153,0.7
5154,0.8
5155,0.8
5156,0.8
5157,0.8
5158,0.8
5159,0.8
5160,0.8
5161,0.8
5162,0.8
5163,0.8
5164,0.8
5165,0.9
5166,0.9
5167,0.9
5168,0.9
5169,0.9
5170,0.9
5171,0.9
5172,0.9
5173,0.9
5174,0.9
5175,0.9
5176,0.9
5177,0.9
5178,0.9
5179,0.9
5180,1.0
5181,1.0
5182,1.0
5183,1.0
5184,1.0
5185,1.0
5186,1.0
5187,1.0
5188,1.0
5189,1.0
5190,1.0
5191,1.0
5192,1.0
5193,1.0
5194,1.0
5195,1.0
5196,1.0
5197,1.0
5198,1.0
5199,1.0
5200,1.0
5201,1.0
5202,1.0
5203,1.0
5204,1.0
5205,1.0
5206,1.0
5207,1.0
5208,1.0
5209,1.0
5210,1.0
5211,1.0
5212,1.0
5213,1.0
5214,1.0
5215,1.0
5216,1.0
5217,1.0
5218,1.0
5219,1.0
5220,1.0
5221,0.9
5222,0.9
5223,0.9
5224,0.9
5225,0.9
5226,0.9
5227,0.9
5228,0.9
5229,0.9
5230,0.9
5231,0.9
5232,0.9
5233,0.9
5234,0.9
5235,0.9
5236,0.8
5237,0.8
5238,0.8
5239,0.8
5240,0.8
5241,0.8
5242,0.8
5243,0.8
5244,0.8
5245,0.8
5246,0.8
5247,0.7
5248,0.7
5249,0.7
5250,0.7
5251,0.7
5252,0.7
5253,0.7
5254,0.7
5255,0.6
5256,0.6
5257,0.6
5258,0.6
5259,0.6
5260,0.6
5261,0.6
5262,0.6
5263,0.5
5264,0.5
5265,0.5
5266,0.5
5267,0.5
5268,0.5
5269,0.5
5270,0.5
5271,0.4
5272,0.4
5273,0.4
5274,0.4
5275,0.4
5276,0.4
5277,0.4
5278,0.3
5279,0.3
5280,0.3
5281,0.3
5282,0.3
5283,0.3
5284,0.2
5285,0.2
5286,0.2
5287,0.2
5288,0.2
5289,0.2
5290,0.2
5291,0.1
5292,0.1
5293,0.1
5294,0.1
5295,0.1
5296,0.1
5297,0.0
5298,0.0
5299,0.0
5300,0.0
5301,-0.0
5302,-0.0
5303,-0.0
5304,-0.1
5305,-0.1
5306,-0.1
5307,-0.1
5308,-0.1
5309,-0.1
5310,-0.2
5311,-0.2
5312,-0.2
5313,-0.2
5314,-0.2
5315,-0.2
5316,-0.2
5317,-0.3
5318,-0.3
5319,-0.3
5320,-0.3
5321,-0.3
5322,-0.3
5323,-0.4
5324,-0.4
5325,-0.4
5326,-0.4
5327,-0.4
5328,-0.4
5329,-0.4
5330,-0.5
5331,-0.5
5332,-0.5
5333,-0.5
5334,-0.5
5335,-0.5
5336,-0.5
5337,-0.5
5338,-0.6
5339,-0.6
5340,-0.6
5341,-0.6
5342,-0.6
5343,-0.6
5344,-0.6
5345,-0.6
5346,-0.7
5347,-0.7
5348,-0.7
5349,-0.7
5350,-0.7
5351,-0.7
5352,-0.7
5353,-0.7
5354,-0.8
5355,-0.8
5356,-0.8
5357,-0.8
5358,-0.8
5359,-0.8
5360,-0.8
5361,-0.8
5362,-0.8
5363,-0.8
5364,-0.8
5365,-0.9
5366,-0.9
5367,-0.9
5368,-0.9
5369,-0.9
5370,-0.9
5371,-0.9
5372,-0.9
5373,-0.9
5374,-0.9
5375,-0.9
5376,-0.9
5377,-0.9
5378,-0.9
5379,-0.9
5380,-1.0
5381,-1.0
5382,-1.0
5383,-1.0
5384,-1.0
5385,-1.0
5386,-1.0
5387,-1.0
5388,-1.0
5389,-1.0
5390,-1.0
5391,-1.0
5392,-1.0
5393,-1.0
5394,-1.0
5395,-1.0
5396,-1.0
5397,-1.0
5398,-1.0
5399,-1.0
5400,-1.0
5401,-1.0
5402,-1.0
5403,-1.0
5404,-1.0
5405,-1.0
5406,-1.0
5407,-1.0
5408,-1.0
5409,-1.0
5410,-1.0
5411,-1.0
5412,-1.0
5413,-1.0
5414,-1.0
5415,-1.0
5416,-1.0
5417,-1.0
5418,-1.0
5419,-1.0
5420,-1.0
5421,-0.9
5422,-0.9
5423,-0.9
5424,-0.9
5425,-0.9
5426,-0.9
5427,-0.9
5428,-0.9
5429,-0.9
5430,-0.9
5431,-0.9
5432,-0.9
5433,-0.9
5434,-0.9
5435,-0.9
5436,-0.8
5437,-0.8
5438,-0.8
5439,-0.8
5440,-0.8
5441,-0.8
5442,-0.8
5443,-0.8
5444,-0.8
5445,-0.8
5446,-0.8
5447,-0.7
5448,-0.7
5449,-0.7
5450,-0.7
5451,-0.7
5452,-0.7
5453,-0.7
5454,-0.7
5455,-0.6
5456,-0.6
5457,-0.6
5458,-0.6
5459,-0.6
5460,-0.6
5461,-0.6
5462,-0.6
5463,-0.5
5464,-0.5
5465,-0.5
5466,-0.5
5467,-0.5
5468,-0.5
5469,-0.5
5470,-0.5
5471,-0.4
5472,-0.4
5473,-0.4
5474,-0.4
5475,-0.4
5476,-0.4
5477,-0.4
5478,-0.3
5479,-0.3
5480,-0.3
5481,-0.3
5482,-0.3
5483,-0.3
5484,-0.2
5485,-0.2
5486,-0.2
5487,-0.2
5488,-0.2
5489,-0.2
5490,-0.2
5491,-0.1
5492,-0.1
5493,-0.1
5494,-0.1
5495,-0.1
5496,-0.1
5497,-0.0
5498,-0.0
5499,-0.0
5500,0.0
5501,0.0
5502,0.0
5503,0.0
5504,0.1
5505,0.1
5506,0.1
5507,0.1
5508,0.1
5509,0.1
5510,0.2
5511,0.2
5512,0.2
5513,0.2
5514,0.2
5515,0.2
5516,0.2
5517,0.3
5518,0.3
5519,0.3
5520,0.3
5521,0.3
5522,0.3
5523,0.4
5524,0.4
5525,0.4
5526,0.4
5527,0.4
5528,0.4
5529,0.4
5530,0.5
5531,0.5
5532,0.5
5533,0.5
5534,0.5
5535,0.5
5536,0.5
5537,0.5
5538,0.6
5539,0.6
5540,0.6
5541,0.6
5542,0.6
5543,0.6
5544,0.6
5545,0.6
5546,0.7
5547,0.7
5548,0.7
5549,0.7
5550,0.7
5551,0.7
5552,0.7
5553,0.7
5554,0.8
5555,0.8
5556,0.8
5557,0.8
5558,0.8
5559,0.8
5560,0.8
5561,0.8
5562,0.8
5563,0.8
5564,0.8
5565,0.9
5566,0.9
5567,0.9
5568,0.9
5569,0.9
5570,0.9
5571,0.9
5572,0.9
5573,0.9
5574,0.9
5575,0.9
5576,0.9
5577,0.9
5578,0.9
5579,0.9
5580,1.0
5581,1.0
5582,1.0
5583,1.0
5584,1.0
5585,1.0
5586,1.0
5587,1.0
5588,1.0
5589,1.0
5590,1.0
5591,1.0
5592,1.0
5593,1.0
5594,1.0
5595,1.0
5596,1.0
5597,1.0
5598,1.0
5599,1.0
5600,1.0
5601,1.0
5602,1.0
5603,1.0
5604,1.0
5605,1.0
5606,1.0
5607,1.0
5608,1.0
5609,1.0
5610,1.0
5611,1.0
5612,1.0
5613,1.0
5614,1.0
5615,1.0
5616,1.0
5617,1.0
5618,1.0
5619,1.0
5620,1.0
5621,0.9
5622,0.9
5623,0.9
5624,0.9
5625,0.9
5626,0.9
5627,0.9
5628,0.9
5629,0.9
5630,0.9
5631,0.9
5632,0.9
5633,0.9
5634,0.9
5635,0.9
5636,0.8
5637,0.8
5638,0.8
5639,0.8
5640,0.8
5641,0.8
5642,0.8
5643,0.8
5644,0.8
5645,0.8
5646,0.8
5647,0.7
5648,0.7
5649,0.7
5650,0.7
5651,0.7
5652,0.7
5653,0.7
5654,0.7
5655,0.6
5656,0.6
5657,0.6
5658,0.6
5659,0.6
5660,0.6
5661,0.6
5662,0.6
5663,0.5
5664,0.5
5665,0.5
5666,0.5
5667,0.5
5668,0.5
5669,0.5
5670,0.5
5671,0.4
5672,0.4
5673,0.4
5674,0.4
5675,0.4
5676,0.4
5677,0.4
5678,0.3
5679,0.3
5680,0.3
5681,0.3
5682,0.3
5683,0.3
5684,0.2
5685,0.2
5686,0.2
5687,0.2
5688,0.2
5689,0.2
5690,0.2
5691,0.1
5692,0.1
5693,0.1
5694,0.1
5695,0.1
5696,0.1
5697,0.0
5698,0.0
5699,0.0
5700,-0.0
5701,-0.0
5702,-0.0
5703,-0.0
5704,-0.1
5705,-0.1
5706,-0.1
5707,-0.1
5708,-0.1
5709,-0.1
5710,-0.2
5711,-0.2
5712,-0.2
5713,-0.2
5714,-0.2
5715,-0.2
5716,-0.2
5717,-0.3
5718,-0.3
5719,-0.3
5720,-0.3
5721,-0.3
5722,-0.3
5723,-0.4
5724,-0.4
5725,-0.4
5726,-0.4
5727,-0.4
5728,-0.4
5729,-0.4
5730,-0.5
5731,-0.5
5732,-0.5
5733,-0.5
5734,-0.5
5735,-0.5
5736,-0.5
5737,-0.5
5738,-0.6
5739,-0.6
5740,-0.6
5741,-0.6
5742,-0.6
5743,-0.6
5744,-0.6
5745,-0.6
5746,-0.7
5747,-0.7
5748,-0.7
5749,-0.7
5750,-0.7
5751,-0.7
5752,-0.7
5753,-0.7
5754,-0.8
5755,-0.8
5756,-0.8
5757,-0.8
5758,-0.8
5759,-0.8
5760,-0.8
5761,-0.8
5762,-0.8
5763,-0.8
5764,-0.8
5765,-0.9
5766,-0.9
5767,-0.9
5768,-0.9
5769,-0.9
5770,-0.9
5771,-0.9
5772,-0.9
5773,-0.9
5774,-0.9
5775,-0.9
5776,-0.9
5777,-0.9
5778,-0.9
5779,-0.9
5780,-1.0
5781,-1.0
5782,-1.0
5783,-1.0
5784,-1.0
5785,-1.0
5786,-1.0
5787,-1.0
5788,-1.0
5789,-1.0
5790,-1.0
5791,-1.0
5792,-1.0
5793,-1.0
5794,-1.0
5795,-1.0
5796,-1.0
5797,-1.0
5798,-1.0
5799,-1.0
5800,-1.0
5801,-1.0
5802,-1.0
5803,-1.0
5804,-1.0
5805,-1.0
5806,-1.0
5807,-1.0
5808,-1.0
5809,-1.0
5810,-1.0
5811,-1.0
5812,-1.0
5813,-1.0
5814,-1.0
5815,-1.0
5816,-1.0
5817,-1.0
5818,-1.0
5819,-1.0
5820,-1.0
5821,-0.9
5822,-0.9
5823,-0.9
5824,-0.9
5825,-0.9
5826,-0.9
5827,-0.9
5828,-0.9
5829,-0.9
5830,-0.9
5831,-0.9
5832,-0.9
5833,-0.9
5834,-0.9
5835,-0.9
5836,-0.8
5837,-0.8
5838,-0.8
5839,-0.8
5840,-0.8
5841,-0.8
5842,-0.8
5843,-0.8
5844,-0.8
5845,-0.8
5846,-0.8
5847,-0.7
5848,-0.7
5849,-0.7
5850,-0.7
5851,-0.7
5852,-0.7
5853,-0.7
5854,-0.7
5855,-0.6
5856,-0.6
5857,-0.6
5858,-0.6
5859,-0.6
5860,-0.6
5861,-0.6
5862,-0.6
5863,-0.5
5864,-0.5
5865,-0.5
5866,-0.5
5867,-0.5
5868,-0.5
5869,-0.5
5870,-0.5
5871,-0.4
5872,-0.4
5873,-0.4
5874,-0.4
5875,-0.4
5876,-0.4
5877,-0.4
5878,-0.3
5879,-0.3
5880,-0.3
5881,-0.3
5882,-0.3
5883,-0.3
5884,-0.2
5885,-0.2
5886,-0.2
5887,-0.2
5888,-0.2
5889,-0.2
5890,-0.2
5891,-0.1
5892,-0.1
5893,-0.1
5894,-0.1
5895,-0.1
5896,-0.1
5897,-0.0
5898,-0.0
5899,-0.0
5900,0.0
5901,0.0
5902,0.0
5903,0.0
5904,0.1
5905,0.1
5906,0.1
5907,0.1
5908,0.1
5909,0.1
5910,0.2
5911,0.2
5912,0.2
5913,0.2
5914,0.2
5915,0.2
5916,0.2
5917,0.3
5918,0.3
5919,0.3
5920,0.3
5921,0.3
5922,0.3
5923,0.4
5924,0.4
5925,0.4
5926,0.4
5927,0.4
5928,0.4
5929,0.4
5930,0.5
5931,0.5
5932,0.5
5933,0.5
5934,0.5
5935,0.5
5936,0.5
5937,0.5
5938,0.6
5939,0.6
5940,0.6
5941,0.6
5942,0.6
5943,0.6
5944,0.6
5945,0.6
5946,0.7
5947,0.7
5948,0.7
5949,0.7
5950,0.7
5951,0.7
5952,0.7
5953,0.7
5954,0.8
5955,0.8
5956,0.8
5957,0.8
5958,0.8
5959,0.8
5960,0.8
5961,0.8
5962,0.8
5963,0.8
5964,0.8
5965,0.9
5966,0.9
5967,0.9
5968,0.9
5969,0.9
5970,0.9
5971,0.9
5972,0.9
5973,0.9
5974,0.9
5975,0.9
5976,0.9
5977,0.9
5978,0.9
5979,0.9
5980,1.0
5981,1.0
5982,1.0
5983,1.0
5984,1.0
5985,1.0
5986,1.0
5987,1.0
5988,1.0
5989,1.0
5990,1.0
5991,1.0
5992,1.0
5993,1.0
5994,1.0
5995,1.0
5996,1.0
5997,1.0
5998,1.0
5999,1.0
6000,1.0
6001,1.0
6002,1.0
6003,1.0
6004,1.0
6005,1.0
6006,1.0
6007,1.0
6008,1.0
6009,1.0
6010,1.0
6011,1.0
6012,1.0
6013,1.0
6014,1.0
6015,1.0
6016,1.0
6017,1.0
6018,1.0
6019,1.0
6020,1.0
6021,0.9
6022,0.9
6023,0.9
6024,0.9
6025,0.9
6026,0.9
6027,0.9
6028,0.9
6029,0.9
6030,0.9
6031,0.9
6032,0.9
6033,0.9
6034,0.9
6035,0.9
6036,0.8
6037,0.8
6038,0.8
6039,0.8
6040,0.8
6041,0.8
6042,0.8
6043,0.8
6044,0.8
6045,0.8
6046,0.8
6047,0.7
6048,0.7
6049,0.7
6050,0.7
6051,0.7
6052,0.7
6053,0.7
6054,0.7
6055,0.6
6056,0.6
6057,0.6
6058,0.6
6059,0.6
6060,0.6
6061,0.6
6062,0.6
6063,0.5
6064,0.5
6065,0.5
6066,0.5
6067,0.5
6068,0.5
6069,0.5
6070,0.5
6071,0.4
6072,0.4
6073,0.4
6074,0.4
6075,0.4
6076,0.4
6077,0.4
6078,0.3
6079,0.3
6080,0.3
6081,0.3
6082,0.3
6083,0.3
6084,0.2
6085,0.2
6086,0.2
6087,0.2
6088,0.2
6089,0.2
6090,0.2
6091,0.1
6092,0.1
6093,0.1
6094,0.1
6095,0.1
6096,0.1
6097,0.0
6098,0.0
6099,0.0
6100,0.0
6101,-0.0
6102,-0.0
6103,-0.0
6104,-0.1
6105,-0.1
6106,-0.1
6107,-0.1
6108,-0.1
6109,-0.1
6110,-0.2
6111,-0.2
6112,-0.2
6113,-0.2
6114,-0.2
6115,-0.2
6116,-0.2
6117,-0.3
6118,-0.3
6119,-0.3
6120,-0.3
6121,-0.3
6122,-0.3
6123,-0.4
6124,-0.4
6125,-0.4
6126,-0.4
6127,-0.4
6128,-0.4
6129,-0.4
6130,-0.5
6131,-0.5
6132,-0.5
6133,-0.5
6134,-0.5
6135,-0.5
6136,-0.5
6137,-0.5
6138,-0.6
6139,-0.6
6140,-0.6
6141,-0.6
6142,-0.6
6143,-0.6
6144,-0.6
6145,-0.6
6146,-0.7
6147,-0.7
6148,-0.7
6149,-0.7
6150,-0.7
6151,-0.7
6152,-0.7
6153,-0.7
6154,-0.8
6155,-0.8
6156,-0.8
6157,-0.8
6158,-0.8
6159,-0.8
6160,-0.8
6161,-0.8
6162,-0.8
6163,-0.8
6164,-0.8
6165,-0.9
6166,-0.9
6167,-0.9
6168,-0.9
6169,-0.9
6170,-0.9
6171,-0.9
6172,-0.9
6173,-0.9
6174,-0.9
6175,-0.9
6176,-0.9
6177,-0.9
6178,-0.9
6179,-0.9
6180,-1.0
6181,-1.0
6182,-1.0
6183,-1.0
6184,-1.0
6185,-1.0
6186,-1.0
6187,-1.0
6188,-1.0
6189,-1.0
6190,-1.0
6191,-1.0
6192,-1.0
6193,-1.0
6194,-1.0
6195,-1.0
6196,-1.0
6197,-1.0
6198,-1.0
6199,-1.0
6200,-1.0
6201,-1.0
6202,-1.0
6203,-1.0
6204,-1.0
6205,-1.0
6206,-1.0
6207,-1.0
6208,-1.0
6209,-1.0
6210,-1.0
6211,-1.0
6212,-1.0
6213,-1.0
6214,-1.0
6215,-1.0
6216,-1.0
6217,-1.0
6218,-1.0
6219,-1.0
6220,-1.0
6221,-0.9
6222,-0.9
6223,-0.9
6224,-0.9
6225,-0.9
6226,-0.9
6227,-0.9
6228,-0.9
6229,-0.9
6230,-0.9
6231,-0.9
6232,-0.9
6233,-0.9
6234,-0.9
6235,-0.9
6236,-0.8
6237,-0.8
6238,-0.8
6239,-0.8
6240,-0.8
6241,-0.8
6242,-0.8
6243,-0.8
6244,-0.8
6245,-0.8
6246,-0.8
6247,-0.7
6248,-0.7
6249,-0.7
6250,-0.7
6251,-0.7
6252,-0.7
6253,-0.7
6254,-0.7
6255,-0.6
6256,-0.6
6257,-0.6
6258,-0.6
6259,-0.6
6260,-0.6
6261,-0.6
6262,-0.6
6263,-0.5
6264,-0.5
6265,-0.5
6266,-0.5
6267,-0.5
6268,-0.5
6269,-0.5
6270,-0.5
6271,-0.4
6272,-0.4
6273,-0.4
6274,-0.4
6275,-0.4
6276,-0.4
6277,-0.4
6278,-0.3
6279,-0.3
6280,-0.3
6281,-0.3
6282,-0.3
6283,-0.3
6284,-0.2
6285,-0.2
6286,-0.2
6287,-0.2
6288,-0.2
6289,-0.2
6290,-0.2
6291,-0.1
6292,-0.1
6293,-0.1
6294,-0.1
6295,-0.1
6296,-0.1
6297,-0.0
6298,-0.0
6299,-0.0
6300,-0.0
6301,0.0
6302,0.0
6303,0.0
6304,0.1
6305,0.1
6306,0.1
6307,0.1
6308,0.1
6309,0.1
6310,0.2
6311,0.2
6312,0.2
6313,0.2
6314,0.2
6315,0.2
6316,0.2
6317,0.3
6318,0.3
6319,0.3
6320,0.3
6321,0.3
6322,0.3
6323,0.4
6324,0.4
6325,0.4
6326,0.4
6327,0.4
6328,0.4
6329,0.4
6330,0.5
6331,0.5
6332,0.5
6333,0.5
6334,0.5
6335,0.5
6336,0.5
6337,0.5
6338,0.6
6339,0.6
6340,0.6
6341,0.6
6342,0.6
6343,0.6
6344,0.6
6345,0.6
6346,0.7
6347,0.7
6348,0.7
6349,0.7
6350,0.7
6351,0.7
6352,0.7
6353,0.7
6354,0.8
6355,0.8
6356,0.8
6357,0.8
6358,0.8
6359,0.8
6360,0.8
6361,0.8
6362,0.8
6363,0.8
6364,0.8
6365,0.9
6366,0.9
6367,0.9
6368,0.9
6369,0.9
6370,0.9
6371,0.9
6372,0.9
6373,0.9
6374,0.9
6375,0.9
6376,0.9
6377,0.9
6378,0.9
6379,0.9
6380,1.0
6381,1.0
6382,1.0
6383,1.0
6384,1.0
6385,1.0
6386,1.0
6387,1.0
6388,1.0
6389,1.0
6390,1.0
6391,1.0
6392,1.0
6393,1.0
6394,1.0
6395,1.0
6396,1.0
6397,1.0
6398,1.0
6399,1.0
6400,1.0
6401,1.0
6402,1.0
6403,1.0
6404,1.0
6405,1.0
6406,1.0
6407,1.0
6408,1.0
6409,1.0
6410,1.0
6411,1.0
6412,1.0
6413,1.0
6414,1.0
6415,1.0
6416,1.0
6417,1.0
6418,1.0
6419,1.0
6420,1.0
6421,0.9
6422,0.9
6423,0.9
6424,0.9
6425,0.9
6426,0.9
6427,0.9
6428,0.9
6429,0.9
6430,0.9
6431,0.9
6432,0.9
6433,0.9
6434,0.9
6435,0.9
6436,0.8
6437,0.8
6438,0.8
6439,0.8
6440,0.8
6441,0.8
6442,0.8
6443,0.8
6444,0.8
6445,0.8
6446,0.8
6447,0.7
6448,0.7
6449,0.7
6450,0.7
6451,0.7
6452,0.7
6453,0.7
6454,0.7
6455,0.6
6456,0.6
6457,0.6
6458,0.6
6459,0.6
6460,0.6
6461,0.6
6462,0.6
6463,0.5
6464,0.5
6465,0.5
6466,0.5
6467,0.5
6468,0.5
6469,0.5
6470,0.5
6471,0.4
6472,0.4
6473,0.4
6474,0.4
6475,0.4
6476,0.4
6477,0.4
6478,0.3
6479,0.3
6480,0.3
6481,0.3
6482,0.3
6483,0.3
6484,0.2
6485,0.2
6486,0.2
6487,0.2
6488,0.2
6489,0.2
6490,0.2
6491,0.1
6492,0.1
6493,0.1
6494,0.1
6495,0.1
6496,0.1
6497,0.0
6498,0.0
6499,0.0
6500,0.0
6501,-0.0
6502,-0.0
6503,-0.0
6504,-0.1
6505,-0.1
6506,-0.1
6507,-0.1
6508,-0.1
6509,-0.1
6510,-0.2
6511,-0.2
6512,-0.2
6513,-0.2
6514,-0.2
6515,-0.2
6516,-0.2
6517,-0.3
6518,-0.3
6519,-0.3
6520,-0.3
6521,-0.3
6522,-0.3
6523,-0.4
6524,-0.4
6525,-0.4
6526,-0.4
6527,-0.4
6528,-0.4
6529,-0.4
6530,-0.5
6531,-0.5
6532,-0.5
6533,-0.5
6534,-0.5
6535,-0.5
6536,-0.5
6537,-0.5
6538,-0.6
6539,-0.6
6540,-0.6
6541,-0.6
6542,-0.6
6543,-0.6
6544,-0.6
6545,-0.6
6546,-0.7
6547,-0.7
6548,-0.7
6549,-0.7
6550,-0.7
6551,-0.7
6552,-0.7
6553,-0.7
6554,-0.8
6555,-0.8
6556,-0.8
6557,-0.8
6558,-0.8
6559,-0.8
6560,-0.8
6561,-0.8
6562,-0.8
6563,-0.8
6564,-0.8
6565,-0.9
6566,-0.9
6567,-0.9
6568,-0.9
6569,-0.9
6570,-0.9
6571,-0.9
6572,-0.9
6573,-0.9
6574,-0.9
6575,-0.9
6576,-0.9
6577,-0.9
6578,-0.9
6579,-0.9
6580,-1.0
6581,-1.0
6582,-1.0
6583,-1.0
6584,-1.0
6585,-1.0
6586,-1.0
6587,-1.0
6588,-1.0
6589,-1.0
6590,-1.0
6591,-1.0
6592,-1.0
6593,-1.0
6594,-1.0
6595,-1.0
6596,-1.0
6597,-1.0
6598,-1.0
6599,-1.0
6600,-1.0
6601,-1.0
6602,-1.0
6603,-1.0
6604,-1.0
6605,-1.0
6606,-1.0
6607,-1.0
6608,-1.0
6609,-1.0
6610,-1.0
6611,-1.0
6612,-1.0
6613,-1.0
6614,-1.0
6615,-1.0
6616,-1.0
6617,-1.0
6618,-1.0
6619,-1.0
6620,-1.0
6621,-0.9
6622,-0.9
6623,-0.9
6624,-0.9
6625,-0.9
6626,-0.9
6627,-0.9
6628,-0.9
6629,-0.9
6630,-0.9
6631,-0.9
6632,-0.9
6633,-0.9
6634,-0.9
6635,-0.9
6636,-0.8
6637,-0.8
6638,-0.8
6639,-0.8
6640,-0.8
6641,-0.8
6642,-0.8
6643,-0.8
6644,-0.8
6645,-0.8
6646,-0.8
6647,-0.7
6648,-0.7
6649,-0.7
6650,-0.7
6651,-0.7
6652,-0.7
6653,-0.7
6654,-0.7
6655,-0.6
6656,-0.6
6657,-0.6
6658,-0.6
6659,-0.6
6660,-0.6
6661,-0.6
6662,-0.6
6663,-0.5
6664,-0.5
6665,-0.5
6666,-0.5
6667,-0.5
6668,-0.5
6669,-0.5
6670,-0.5
6671,-0.4
6672,-0.4
6673,-0.4
6674,-0.4
6675,-0.4
6676,-0.4
6677,-0.4
6678,-0.3
6679,-0.3
6680,-0.3
6681,-0.3
6682,-0.3
6683,-0.3
6684,-0.2
6685,-0.2
6686,-0.2
6687,-0.2
6688,-0.2
6689,-0.2
6690,-0.2
6691,-0.1
6692,-0.1
6693,-0.1
6694,-0.1
6695,-0.1
6696,-0.1
6697,-0.0
6698,-0.0
6699,-0.0
6700,-0.0
6701,0.0
6702,0.0
6703,0.0
6704,0.1
6705,0.1
6706,0.1
6707,0.1
6708,0.1
6709,0.1
6710,0.2
6711,0.2
6712,0.2
6713,0.2
6714,0.2
6715,0.2
6716,0.2
6717,0.3
6718,0.3
6719,0.3
6720,0.3
6721,0.3
6722,0.3
6723,0.4
6724,0.4
6725,0.4
6726,0.4
6727,0.4
6728,0.4
6729,0.4
6730,0.5
6731,0.5
6732,0.5
6733,0.5
6734,0.5
6735,0.5
6736,0.5
6737,0.5
6738,0.6
6739,0.6
6740,0.6
6741,0.6
6742,0.6
6743,0.6
6744,0.6
6745,0.6
6746,0.7
6747,0.7
6748,0.7
6749,0.7
6750,0.7
6751,0.7
6752,0.7
6753,0.7
6754,0.8
6755,0.8
6756,0.8
6757,0.8
6758,0.8
6759,0.8
6760,0.8
6761,0.8
6762,0.8
6763,0.8
6764,0.8
6765,0.9
6766,0.9
6767,0.9
6768,0.9
6769,0.9
6770,0.9
6771,0.9
6772,0.9
6773,0.9
6774,0.9
6775,0.9
6776,0.9
6777,0.9
6778,0.9
6779,0.9
6780,1.0
6781,1.0
6782,1.0
6783,1.0
6784,1.0
6785,1.0
6786,1.0
6787,1.0
6788,1.0
6789,1.0
6790,1.0
6791,1.0
6792,1.0
6793,1.0
6794,1.0
6795,1.0
6796,1.0
6797,1.0
6798,1.0
6799,1.0
6800,1.0
6801,1.0
6802,1.0
6803,1.0
6804,1.0
6805,1.0
6806,1.0
6807,1.0
6808,1.0
6809,1.0
6810,1.0
6811,1.0
6812,1.0
6813,1.0
6814,1.0
6815,1.0
6816,1.0
6817,1.0
6818,1.0
6819,1.0
6820,1.0
6821,0.9
6822,0.9
6823,0.9
6824,0.9
6825,0.9
6826,0.9
6827,0.9
6828,0.9
6829,0.9
6830,0.9
6831,0.9
6832,0.9
6833,0.9
6834,0.9
6835,0.9
6836,0.8
6837,0.8
6838,0.8
6839,0.8
6840,0.8
6841,0.8
6842,0.8
6843,0.8
6844,0.8
6845,0.8
6846,0.8
6847,0.7
6848,0.7
6849,0.7
6850,0.7
6851,0.7
6852,0.7
6853,0.7
6854,0.7
6855,0.6
6856,0.6
6857,0.6
6858,0.6
6859,0.6
6860,0.6
6861,0.6
6862,0.6
6863,0.5
6864,0.5
6865,0.5
6866,0.5
6867,0.5
6868,0.5
6869,0.5
6870,0.5
6871,0.4
6872,0.4
6873,0.4
6874,0.4
6875,0.4
6876,0.4
6877,0.4
6878,0.3
6879,0.3
6880,0.3
6881,0.3
6882,0.3
6883,0.3
6884,0.2
6885,0.2
6886,0.2
6887,0.2
6888,0.2
6889,0.2
6890,0.2
6891,0.1
6892,0.1
6893,0.1
6894,0.1
6895,0.1
6896,0.1
6897,0.0
6898,0.0
6899,0.0
6900,0.0
6901,-0.0
6902,-0.0
6903,-0.0
6904,-0.1
6905,-0.1
6906,-0.1
6907,-0.1
6908,-0.1
6909,-0.1
6910,-0.2
6911,-0.2
6912,-0.2
6913,-0.2
6914,-0.2
6915,-0.2
6916,-0.2
6917,-0.3
6918,-0.3
6919,-0.3
6920,-0.3
6921,-0.3
6922,-0.3
6923,-0.4
6924,-0.4
6925,-0.4
6926,-0.4
6927,-0.4
6928,-0.4
6929,-0.4
6930,-0.5
6931,-0.5
6932,-0.5
6933,-0.5
6934,-0.5
6935,-0.5
6936,-0.5
6937,-0.5
6938,-0.6
6939,-0.6
6940,-0.6
6941,-0.6
6942,-0.6
6943,-0.6
6944,-0.6
6945,-0.6
6946,-0.7
6947,-0.7
6948,-0.7
6949,-0.7
6950,-0.7
6951,-0.7
6952,-0.7
6953,-0.7
6954,-0.8
6955,-0.8
6956,-0.8
6957,-0.8
6958,-0.8
6959,-0.8
6960,-0.8
6961,-0.8
6962,-0.8
6963,-0.8
6964,-0.8
6965,-0.9
6966,-0.9
6967,-0.9
6968,-0.9
6969,-0.9
6970,-0.9
6971,-0.9
6972,-0.9
6973,-0.9
6974,-0.9
6975,-0.9
6976,-0.9
6977,-0.9
6978,-0.9
6979,-0.9
6980,-1.0
6981,-1.0
6982,-1.0
6983,-1.0
6984,-1.0
6985,-1.0
6986,-1.0
6987,-1.0
6988,-1.0
6989,-1.0
6990,-1.0
6991,-1.0
6992,-1.0
6993,-1.0
6994,-1.0
6995,-1.0
6996,-1.0
6997,-1.0
6998,-1.0
6999,-1.0
7000,-1.0
7001,-1.0
7002,-1.0
7003,-1.0
7004,-1.0
7005,-1.0
7006,-1.0
7007,-1.0
7008,-1.0
7009,-1.0
7010,-1.0
7011,-1.0
7012,-1.0
7013,-1.0
7014,-1.0
7015,-1.0
7016,-1.0
7017,-1.0
7018,-1.0
7019,-1.0
7020,-1.0
7021,-0.9
7022,-0.9
7023,-0.9
7024,-0.9
7025,-0.9
7026,-0.9
7027,-0.9
7028,-0.9
7029,-0.9
7030,-0.9
7031,-0.9
7032,-0.9
7033,-0.9
7034,-0.9
7035,-0.9
7036,-0.8
7037,-0.8
7038,-0.8
7039,-0.8
7040,-0.8
7041,-0.8
7042,-0.8
7043,-0.8
7044,-0.8
7045,-0.8
7046,-0.8
7047,-0.7
7048,-0.7
7049,-0.7
7050,-0.7
7051,-0.7
7052,-0.7
7053,-0.7
7054,-0.7
7055,-0.6
7056,-0.6
7057,-0.6
7058,-0.6
7059,-0.6
7060,-0.6
7061,-0.6
7062,-0.6
7063,-0.5
7064,-0.5
7065,-0.5
7066,-0.5
7067,-0.5
7068,-0.5
7069,-0.5
7070,-0.5
7071,-0.4
7072,-0.4
7073,-0.4
7074,-0.4
7075,-0.4
7076,-0.4
7077,-0.4
7078,-0.3
7079,-0.3
7080,-0.3
7081,-0.3
7082,-0.3
7083,-0.3
7084,-0.2
7085,-0.2
7086,-0.2
7087,-0.2
7088,-0.2
7089,-0.2
7090,-0.2
7091,-0.1
7092,-0.1
7093,-0.1
7094,-0.1
7095,-0.1
7096,-0.1
7097,-0.0
7098,-0.0
7099,-0.0
7100,0.0
7101,0.0
7102,0.0
7103,0.0
7104,0.1
7105,0.1
7106,0.1
7107,0.1
7108,0.1
7109,0.1
7110,0.2
7111,0.2
7112,0.2
7113,0.2
7114,0.2
7115,0.2
7116,0.2
7117,0.3
7118,0.3
7119,0.3
7120,0.3
7121,0.3
7122,0.3
7123,0.4
7124,0.4
7125,0.4
7126,0.4
7127,0.4
7128,0.4
7129,0.4
7130,0.5
7131,0.5
7132,0.5
7133,0.5
7134,0.5
7135,0.5
7136,0.5
7137,0.5
7138,0.6
7139,0.6
7140,0.6
7141,0.6
7142,0.6
7143,0.6
7144,0.6
7145,0.6
7146,0.7
7147,0.7
7148,0.7
7149,0.7
7150,0.7
7151,0.7
7152,0.7
7153,0.7
7154,0.8
7155,0.8
7156,0.8
7157,0.8
7158,0.8
7159,0.8
7160,0.8
7161,0.8
7162,0.8
7163,0.8
7164,0.8
7165,0.9
7166,0.9
7167,0.9
7168,0.9
7169,0.9
7170,0.9
7171,0.9
7172,0.9
7173,0.9
7174,0.9
7175,0.9
7176,0.9
7177,0.9
7178,0.9
7179,0.9
7180,1.0
7181,1.0
7182,1.0
7183,1.0
7184,1.0
7185,1.0
7186,1.0
7187,1.0
7188,1.0
7189,1.0
7190,1.0
7191,1.0
7192,1.0
7193,1.0
7194,1.0
7195,1.0
7196,1.0
7197,1.0
7198,1.0
7199,1.0
7200,1.0
7201,1.0
7202,1.0
7203,1.0
7204,1.0
7205,1.0
7206,1.0
7207,1.0
7208,1.0
7209,1.0
7210,1.0
7211,1.0
7212,1.0
7213,1.0
7214,1.0
7215,1.0
7216,1.0
7217,1.0
7218,1.0
7219,1.0
7220,1.0
7221,0.9
7222,0.9
7223,0.9
7224,0.9
7225,0.9
7226,0.9
7227,0.9
7228,0.9
7229,0.9
7230,0.9
7231,0.9
7232,0.9
7233,0.9
7234,0.9
7235,0.9
7236,0.8
7237,0.8
7238,0.8
7239,0.8
7240,0.8
7241,0.8
7242,0.8
7243,0.8
7244,0.8
7245,0.8
7246,0.8
7247,0.7
7248,0.7
7249,0.7
7250,0.7
7251,0.7
7252,0.7
7253,0.7
7254,0.7
7255,0.6
7256,0.6
7257,0.6
7258,0.6
7259,0.6
7260,0.6
7261,0.6
7262,0.6
7263,0.5
7264,0.5
7265,0.5
7266,0.5
7267,0.5
7268,0.5
7269,0.5
7270,0.5
7271,0.4
7272,0.4
7273,0.4
7274,0.4
7275,0.4
7276,0.4
7277,0.4
7278,0.3
7279,0.3
7280,0.3
7281,0.3
7282,0.3
7283,0.3
7284,0.2
7285,0.2
7286,0.2
7287,0.2
7288,0.2
7289,0.2
7290,0.2
7291,0.1
7292,0.1
7293,0.1
7294,0.1
7295,0.1
7296,0.1
7297,0.0
7298,0.0
7299,0.0
7300,0.0
7301,-0.0
7302,-0.0
7303,-0.0
7304,-0.1
7305,-0.1
7306,-0.1
7307,-0.1
7308,-0.1
7309,-0.1
7310,-0.2
7311,-0.2
7312,-0.2
7313,-0.2
7314,-0.2
7315,-0.2
7316,-0.2
7317,-0.3
7318,-0.3
7319,-0.3
7320,-0.3
7321,-0.3
7322,-0.3
7323,-0.4
7324,-0.4
7325,-0.4
7326,-0.4
7327,-0.4
7328,-0.4
7329,-0.4
7330,-0.5
7331,-0.5
7332,-0.5
7333,-0.5
7334,-0.5
7335,-0.5
7336,-0.5
7337,-0.5
7338,-0.6
7339,-0.6
7340,-0.6
7341,-0.6
7342,-0.6
7343,-0.6
7344,-0.6
7345,-0.6
7346,-0.7
7347,-0.7
7348,-0.7
7349,-0.7
7350,-0.7
7351,-0.7
7352,-0.7
7353,-0.7
7354,-0.8
7355,-0.8
7356,-0.8
7357,-0.8
7358,-0.8
7359,-0.8
7360,-0.8
7361,-0.8
7362,-0.8
7363,-0.8
7364,-0.8
7365,-0.9
7366,-0.9
7367,-0.9
7368,-0.9
7369,-0.9
7370,-0.9
7371,-0.9
7372,-0.9
7373,-0.9
7374,-0.9
7375,-0.9
7376,-0.9
7377,-0.9
7378,-0.9
7379,-0.9
7380,-1.0
7381,-1.0
7382,-1.0
7383,-1.0
7384,-1.0
7385,-1.0
7386,-1.0
7387,-1.0
7388,-1.0
7389,-1.0
7390,-1.0
7391,-1.0
7392,-1.0
7393,-1.0
7394,-1.0
7395,-1.0
7396,-1.0
7397,-1.0
7398,-1.0
7399,-1.0
7400,-1.0
7401,-1.0
7402,-1.0
7403,-1.0
7404,-1.0
7405,-1.0
7406,-1.0
7407,-1.0
7408,-1.0
7409,-1.0
7410,-1.0
7411,-1.0
7412,-1.0
7413,-1.0
7414,-1.0
7415,-1.0
7416,-1.0
7417,-1.0
7418,-1.0
7419,-1.0
7420,-1.0
7421,-0.9
7422,-0.9
7423,-0.9
7424,-0.9
7425,-0.9
7426,-0.9
7427,-0.9
7428,-0.9
7429,-0.9
7430,-0.9
7431,-0.9
7432,-0.9
7433,-0.9
7434,-0.9
7435,-0.9
7436,-0.8
7437,-0.8
7438,-0.8
7439,-0.8
7440,-0.8
7441,-0.8
7442,-0.8
7443,-0.8
7444,-0.8
7445,-0.8
7446,-0.8
7447,-0.7
7448,-0.7
7449,-0.7
7450,-0.7
7451,-0.7
7452,-0.7
7453,-0.7
7454,-0.7
7455,-0.6
7456,-0.6
7457,-0.6
7458,-0.6
7459,-0.6
7460,-0.6
7461,-0.6
7462,-0.6
7463,-0.5
7464,-0.5
7465,-0.5
7466,-0.5
7467,-0.5
7468,-0.5
7469,-0.5
7470,-0.5
7471,-0.4
7472,-0.4
7473,-0.4
7474,-0.4
7475,-0.4
7476,-0.4
7477,-0.4
7478,-0.3
7479,-0.3
7480,-0.3
7481,-0.3
7482,-0.3
7483,-0.3
7484,-0.2
7485,-0.2
7486,-0.2
7487,-0.2
7488,-0.2
7489,-0.2
7490,-0.2
7491,-0.1
7492,-0.1
7493,-0.1
7494,-0.1
7495,-0.1
7496,-0.1
7497,-0.0
7498,-0.0
7499,-0.0
7500,-0.0
7501,0.0
7502,0.0
7503,0.0
7504,0.1
7505,0.1
7506,0.1
7507,0.1
7508,0.1
7509,0.1
7510,0.2
7511,0.2
7512,0.2
7513,0.2
7514,0.2
7515,0.2
7516,0.2
7517,0.3
7518,0.3
7519,0.3
7520,0.3
7521,0.3
7522,0.3
7523,0.4
7524,0.4
7525,0.4
7526,0.4
7527,0.4
7528,0.4
7529,0.4
7530,0.5
7531,0.5
7532,0.5
7533,0.5
7534,0.5
7535,0.5
7536,0.5
7537,0.5
7538,0.6
7539,0.6
7540,0.6
7541,0.6
7542,0.6
7543,0.6
7544,0.6
7545,0.6
7546,0.7
7547,0.7
7548,0.7
7549,0.7
7550,0.7
7551,0.7
7552,0.7
7553,0.7
7554,0.8
7555,0.8
7556,0.8
7557,0.8
7558,0.8
7559,0.8
7560,0.8
7561,0.8
7562,0.8
7563,0.8
7564,0.8
7565,0.9
7566,0.9
7567,0.9
7568,0.9
7569,0.9
7570,0.9
7571,0.9
7572,0.9
7573,0.9
7574,0.9
7575,0.9
7576,0.9
7577,0.9
7578,0.9
7579,0.9
7580,1.0
7581,1.0
7582,1.0
7583,1.0
7584,1.0
7585,1.0
7586,1.0
7587,1.0
7588,1.0
7589,1.0
7590,1.0
7591,1.0
7592,1.0
7593,1.0
7594,1.0
7595,1.0
7596,1.0
7597,1.0
7598,1.0
7599,1.0
7600,1.0
7601,1.0
7602,1.0
7603,1.0
7604,1.0
7605,1.0
7606,1.0
7607,1.0
7608,1.0
7609,1.0
7610,1.0
7611,1.0
7612,1.0
7613,1.0
7614,1.0
7615,1.0
7616,1.0
7617,1.0
7618,1.0
7619,1.0
7620,1.0
7621,0.9
7622,0.9
7623,0.9
7624,0.9
7625,0.9
7626,0.9
7627,0.9
7628,0.9
7629,0.9
7630,0.9
7631,0.9
7632,0.9
7633,0.9
7634,0.9
7635,0.9
7636,0.8
7637,0.8
7638,0.8
7639,0.8
7640,0.8
7641,0.8
7642,0.8
7643,0.8
7644,0.8
7645,0.8
7646,0.8
7647,0.7
7648,0.7
7649,0.7
7650,0.7
7651,0.7
7652,0.7
7653,0.7
7654,0.7
7655,0.6
7656,0.6
7657,0.6
7658,0.6
7659,0.6
7660,0.6
7661,0.6
7662,0.6
7663,0.5
7664,0.5
7665,0.5
7666,0.5
7667,0.5
7668,0.5
7669,0.5
7670,0.5
7671,0.4
7672,0.4
7673,0.4
7674,0.4
7675,0.4
7676,0.4
7677,0.4
7678,0.3
7679,0.3
7680,0.3
7681,0.3
7682,0.3
7683,0.3
7684,0.2
7685,0.2
7686,0.2
7687,0.2
7688,0.2
7689,0.2
7690,0.2
7691,0.1
7692,0.1
7693,0.1
7694,0.1
7695,0.1
7696,0.1
7697,0.0
7698,0.0
7699,0.0
7700,0.0
7701,-0.0
7702,-0.0
7703,-0.0
7704,-0.1
7705,-0.1
7706,-0.1
7707,-0.1
7708,-0.1
7709,-0.1
7710,-0.2
7711,-0.2
7712,-0.2
7713,-0.2
7714,-0.2
7715,-0.2
7716,-0.2
7717,-0.3
7718,-0.3
7719,-0.3
7720,-0.3
7721,-0.3
7722,-0.3
7723,-0.4
7724,-0.4
7725,-0.4
7726,-0.4
7727,-0.4
7728,-0.4
7729,-0.4
7730,-0.5
7731,-0.5
7732,-0.5
7733,-0.5
7734,-0.5
7735,-0.5
7736,-0.5
7737,-0.5
7738,-0.6
7739,-0.6
7740,-0.6
7741,-0.6
7742,-0.6
7743,-0.6
7744,-0.6
7745,-0.6
7746,-0.7
7747,-0.7
7748,-0.7
7749,-0.7
7750,-0.7
7751,-0.7
7752,-0.7
7753,-0.7
7754,-0.8
7755,-0.8
7756,-0.8
7757,-0.8
7758,-0.8
7759,-0.8
7760,-0.8
7761,-0.8
7762,-0.8
7763,-0.8
7764,-0.8
7765,-0.9
7766,-0.9
7767,-0.9
7768,-0.9
7769,-0.9
7770,-0.9
7771,-0.9
7772,-0.9
7773,-0.9
7774,-0.9
7775,-0.9
7776,-0.9
7777,-0.9
7778,-0.9
7779,-0.9
7780,-1.0
7781,-1.0
7782,-1.0
7783,-1.0
7784,-1.0
7785,-1.0
7786,-1.0
7787,-1.0
7788,-1.0
7789,-1.0
7790,-1.0
7791,-1.0
7792,-1.0
7793,-1.0
7794,-1.0
7795,-1.0
7796,-1.0
7797,-1.0
7798,-1.0
7799,-1.0
7800,-1.0
7801,-1.0
7802,-1.0
7803,-1.0
7804,-1.0
7805,-1.0
7806,-1.0
7807,-1.0
7808,-1.0
7809,-1.0
7810,-1.0
7811,-1.0
7812,-1.0
7813,-1.0
7814,-1.0
7815,-1.0
7816,-1.0
7817,-1.0
7818,-1.0
7819,-1.0
7820,-1.0
7821,-0.9
7822,-0.9
7823,-0.9
7824,-0.9
7825,-0.9
7826,-0.9
7827,-0.9
7828,-0.9
7829,-0.9
7830,-0.9
7831,-0.9
7832,-0.9
7833,-0.9
7834,-0.9
7835,-0.9
7836,-0.8
7837,-0.8
7838,-0.8
7839,-0.8
7840,-0.8
7841,-0.8
7842,-0.8
7843,-0.8
7844,-0.8
7845,-0.8
7846,-0.8
7847,-0.7
7848,-0.7
7849,-0.7
7850,-0.7
7851,-0.7
7852,-0.7
7853,-0.7
7854,-0.7
7855,-0.6
7856,-0.6
7857,-0.6
7858,-0.6
7859,-0.6
7860,-0.6
7861,-0.6
7862,-0.6
7863,-0.5
7864,-0.5
7865,-0.5
7866,-0.5
7867,-0.5
7868,-0.5
7869,-0.5
7870,-0.5
7871,-0.4
7872,-0.4
7873,-0.4
7874,-0.4
7875,-0.4
7876,-0.4
7877,-0.4
7878,-0.3
7879,-0.3
7880,-0.3
7881,-0.3
7882,-0.3
7883,-0.3
7884,-0.2
7885,-0.2
7886,-0.2
7887,-0.2
7888,-0.2
7889,-0.2
7890,-0.2
7891,-0.1
7892,-0.1
7893,-0.1
7894,-0.1
7895,-0.1
7896,-0.1
7897,-0.0
7898,-0.0
7899,-0.0
7900,0.0
7901,0.0
7902,0.0
7903,0.0
7904,0.1
7905,0.1
7906,0.1
7907,0.1
7908,0.1
7909,0.1
7910,0.2
7911,0.2
7912,0.2
7913,0.2
7914,0.2
7915,0.2
7916,0.2
7917,0.3
7918,0.3
7919,0.3
7920,0.3
7921,0.3
7922,0.3
7923,0.4
7924,0.4
7925,0.4
7926,0.4
7927,0.4
7928,0.4
7929,0.4
7930,0.5
7931,0.5
7932,0.5
7933,0.5
7934,0.5
7935,0.5
7936,0.5
7937,0.5
7938,0.6
7939,0.6
7940,0.6
7941,0.6
7942,0.6
7943,0.6
7944,0.6
7945,0.6
7946,0.7
7947,0.7
7948,0.7
7949,0.7
7950,0.7
7951,0.7
7952,0.7
7953,0.7
7954,0.8
7955,0.8
7956,0.8
7957,0.8
7958,0.8
7959,0.8
7960,0.8
7961,0.8
7962,0.8
7963,0.8
7964,0.8
7965,0.9
7966,0.9
7967,0.9
7968,0.9
7969,0.9
7970,0.9
7971,0.9
7972,0.9
7973,0.9
7974,0.9
7975,0.9
7976,0.9
7977,0.9
7978,0.9
7979,0.9
7980,1.0
7981,1.0
7982,1.0
7983,1.0
7984,1.0
7985,1.0
7986,1.0
7987,1.0
7988,1.0
7989,1.0
7990,1.0
7991,1.0
7992,1.0
7993,1.0
7994,1.0
7995,1.0
7996,1.0
7997,1.0
7998,1.0
7999,1.0
8000,1.0
8001,1.0
8002,1.0
8003,1.0
8004,1.0
8005,1.0
8006,1.0
8007,1.0
8008,1.0
8009,1.0
8010,1.0
8011,1.0
8012,1.0
8013,1.0
8014,1.0
8015,1.0
8016,1.0
8017,1.0
8018,1.0
8019,1.0
8020,1.0
8021,0.9
8022,0.9
8023,0.9
8024,0.9
8025,0.9
8026,0.9
8027,0.9
8028,0.9
8029,0.9
8030,0.9
8031,0.9
8032,0.9
8033,0.9
8034,0.9
8035,0.9
8036,0.8
8037,0.8
8038,0.8
8039,0.8
8040,0.8
8041,0.8
8042,0.8
8043,0.8
8044,0.8
8045,0.8
8046,0.8
8047,0.7
8048,0.7
8049,0.7
8050,0.7
8051,0.7
8052,0.7
8053,0.7
8054,0.7
8055,0.6
8056,0.6
8057,0.6
8058,0.6
8059,0.6
8060,0.6
8061,0.6
8062,0.6
8063,0.5
8064,0.5
8065,0.5
8066,0.5
8067,0.5
8068,0.5
8069,0.5
8070,0.5
8071,0.4
8072,0.4
8073,0.4
8074,0.4
8075,0.4
8076,0.4
8077,0.4
8078,0.3
8079,0.3
8080,0.3
8081,0.3
8082,0.3
8083,0.3
8084,0.2
8085,0.2
8086,0.2
8087,0.2
8088,0.2
8089,0.2
8090,0.2
8091,0.1
8092,0.1
8093,0.1
8094,0.1
8095,0.1
8096,0.1
8097,0.0
8098,0.0
8099,0.0
8100,0.0
8101,-0.0
8102,-0.0
8103,-0.0
8104,-0.1
8105,-0.1
8106,-0.1
8107,-0.1
8108,-0.1
8109,-0.1
8110,-0.2
8111,-0.2
8112,-0.2
8113,-0.2
8114,-0.2
8115,-0.2
8116,-0.2
8117,-0.3
8118,-0.3
8119,-0.3
8120,-0.3
8121,-0.3
8122,-0.3
8123,-0.4
8124,-0.4
8125,-0.4
8126,-0.4
8127,-0.4
8128,-0.4
8129,-0.4
8130,-0.5
8131,-0.5
8132,-0.5
8133,-0.5
8134,-0.5
8135,-0.5
8136,-0.5
8137,-0.5
8138,-0.6
8139,-0.6
8140,-0.6
8141,-0.6
8142,-0.6
8143,-0.6
8144,-0.6
8145,-0.6
8146,-0.7
8147,-0.7
8148,-0.7
8149,-0.7
8150,-0.7
8151,-0.7
8152,-0.7
8153,-0.7
8154,-0.8
8155,-0.8
8156,-0.8
8157,-0.8
8158,-0.8
8159,-0.8
8160,-0.8
8161,-0.8
8162,-0.8
8163,-0.8
8164,-0.8
8165,-0.9
8166,-0.9
8167,-0.9
8168,-0.9
8169,-0.9
8170,-0.9
8171,-0.9
8172,-0.9
8173,-0.9
8174,-0.9
8175,-0.9
8176,-0.9
8177,-0.9
8178,-0.9
8179,-0.9
8180,-1.0
8181,-1.0
8182,-1.0
8183,-1.0
8184,-1.0
8185,-1.0
8186,-1.0
8187,-1.0
8188,-1.0
8189,-1.0
8190,-1.0
8191,-1.0
8192,-1.0
8193,-1.0
8194,-1.0
8195,-1.0
8196,-1.0
8197,-1.0
8198,-1.0
8199,-1.0
8200,-1.0
8201,-1.0
8202,-1.0
8203,-1.0
8204,-1.0
8205,-1.0
8206,-1.0
8207,-1.0
8208,-1.0
8209,-1.0
8210,-1.0
8211,-1.0
8212,-1.0
8213,-1.0
8214,-1.0
8215,-1.0
8216,-1.0
8217,-1.0
8218,-1.0
8219,-1.0
8220,-1.0
8221,-0.9
8222,-0.9
8223,-0.9
8224,-0.9
8225,-0.9
8226,-0.9
8227,-0.9
8228,-0.9
8229,-0.9
8230,-0.9
8231,-0.9
8232,-0.9
8233,-0.9
8234,-0.9
8235,-0.9
8236,-0.8
8237,-0.8
8238,-0.8
8239,-0.8
8240,-0.8
8241,-0.8
8242,-0.8
8243,-0.8
8244,-0.8
8245,-0.8
8246,-0.8
8247,-0.7
8248,-0.7
8249,-0.7
8250,-0.7
8251,-0.7
8252,-0.7
8253,-0.7
8254,-0.7
8255,-0.6
8256,-0.6
8257,-0.6
8258,-0.6
8259,-0.6
8260,-0.6
8261,-0.6
8262,-0.6
8263,-0.5
8264,-0.5
8265,-0.5
8266,-0.5
8267,-0.5
8268,-0.5
8269,-0.5
8270,-0.5
8271,-0.4
8272,-0.4
8273,-0.4
8274,-0.4
8275,-0.4
8276,-0.4
8277,-0.4
8278,-0.3
8279,-0.3
8280,-0.3
8281,-0.3
8282,-0.3
8283,-0.3
8284,-0.2
8285,-0.2
8286,-0.2
8287,-0.2
8288,-0.2
8289,-0.2
8290,-0.2
8291,-0.1
8292,-0.1
8293,-0.1
8294,-0.1
8295,-0.1
8296,-0.1
8297,-0.0
8298,-0.0
8299,-0.0
8300,0.0
8301,0.0
8302,0.0
8303,0.0
8304,0.1
8305,0.1
8306,0.1
8307,0.1
8308,0.1
8309,0.1
8310,0.2
8311,0.2
8312,0.2
8313,0.2
8314,0.2
8315,0.2
8316,0.2
8317,0.3
8318,0.3
8319,0.3
8320,0.3
8321,0.3
8322,0.3
8323,0.4
8324,0.4
8325,0.4
8326,0.4
8327,0.4
8328,0.4
8329,0.4
8330,0.5
8331,0.5
8332,0.5
8333,0.5
8334,0.5
8335,0.5
8336,0.5
8337,0.5
8338,0.6
8339,0.6
8340,0.6
8341,0.6
8342,0.6
8343,0.6
8344,0.6
8345,0.6
8346,0.7
8347,0.7
8348,0.7
8349,0.7
8350,0.7
8351,0.7
8352,0.7
8353,0.7
8354,0.8
8355,0.8
8356,0.8
8357,0.8
8358,0.8
8359,0.8
8360,0.8
8361,0.8
8362,0.8
8363,0.8
8364,0.8
8365,0.9
8366,0.9
8367,0.9
8368,0.9
8369,0.9
8370,0.9
8371,0.9
8372,0.9
8373,0.9
8374,0.9
8375,0.9
8376,0.9
8377,0.9
8378,0.9
8379,0.9
8380,1.0
8381,1.0
8382,1.0
8383,1.0
8384,1.0
8385,1.0
8386,1.0
8387,1.0
8388,1.0
8389,1.0
8390,1.0
8391,1.0
8392,1.0
8393,1.0
8394,1.0
8395,1.0
8396,1.0
8397,1.0
8398,1.0
8399,1.0
8400,1.0
8401,1.0
8402,1.0
8403,1.0
8404,1.0
8405,1.0
8406,1.0
8407,1.0
8408,1.0
8409,1.0
8410,1.0
8411,1.0
8412,1.0
8413,1.0
8414,1.0
8415,1.0
8416,1.0
8417,1.0
8418,1.0
8419,1.0
8420,1.0
8421,0.9
8422,0.9
8423,0.9
8424,0.9
8425,0.9
8426,0.9
8427,0.9
8428,0.9
8429,0.9
8430,0.9
8431,0.9
8432,0.9
8433,0.9
8434,0.9
8435,0.9
8436,0.8
8437,0.8
8438,0.8
8439,0.8
8440,0.8
8441,0.8
8442,0.8
8443,0.8
8444,0.8
8445,0.8
8446,0.8
8447,0.7
8448,0.7
8449,0.7
8450,0.7
8451,0.7
8452,0.7
8453,0.7
8454,0.7
8455,0.6
8456,0.6
8457,0.6
8458,0.6
8459,0.6
8460,0.6
8461,0.6
8462,0.6
8463,0.5
8464,0.5
8465,0.5
8466,0.5
8467,0.5
8468,0.5
8469,0.5
8470,0.5
8471,0.4
8472,0.4
8473,0.4
8474,0.4
8475,0.4
8476,0.4
8477,0.4
8478,0.3
8479,0.3
8480,0.3
8481,0.3
8482,0.3
8483,0.3
8484,0.2
8485,0.2
8486,0.2
8487,0.2
8488,0.2
8489,0.2
8490,0.2
8491,0.1
8492,0.1
8493,0.1
8494,0.1
8495,0.1
8496,0.1
8497,0.0
8498,0.0
8499,0.0
8500,0.0
8501,-0.0
8502,-0.0
8503,-0.0
8504,-0.1
8505,-0.1
8506,-0.1
8507,-0.1
8508,-0.1
8509,-0.1
8510,-0.2
8511,-0.2
8512,-0.2
8513,-0.2
8514,-0.2
8515,-0.2
8516,-0.2
8517,-0.3
8518,-0.3
8519,-0.3
8520,-0.3
8521,-0.3
8522,-0.3
8523,-0.4
8524,-0.4
8525,-0.4
8526,-0.4
8527,-0.4
8528,-0.4
8529,-0.4
8530,-0.5
8531,-0.5
8532,-0.5
8533,-0.5
8534,-0.5
8535,-0.5
8536,-0.5
8537,-0.5
8538,-0.6
8539,-0.6
8540,-0.6
8541,-0.6
8542,-0.6
8543,-0.6
8544,-0.6
8545,-0.6
8546,-0.7
8547,-0.7
8548,-0.7
8549,-0.7
8550,-0.7
8551,-0.7
8552,-0.7
8553,-0.7
8554,-0.8
8555,-0.8
8556,-0.8
8557,-0.8
8558,-0.8
8559,-0.8
8560,-0.8
8561,-0.8
8562,-0.8
8563,-0.8
8564,-0.8
8565,-0.9
8566,-0.9
8567,-0.9
8568,-0.9
8569,-0.9
8570,-0.9
8571,-0.9
8572,-0.9
8573,-0.9
8574,-0.9
8575,-0.9
8576,-0.9
8577,-0.9
8578,-0.9
8579,-0.9
8580,-1.0
8581,-1.0
8582,-1.0
8583,-1.0
8584,-1.0
8585,-1.0
8586,-1.0
8587,-1.0
8588,-1.0
8589,-1.0
8590,-1.0
8591,-1.0
8592,-1.0
8593,-1.0
8594,-1.0
8595,-1.0
8596,-1.0
8597,-1.0
8598,-1.0
8599,-1.0
8600,-1.0
8601,-1.0
8602,-1.0
8603,-1.0
8604,-1.0
8605,-1.0
8606,-1.0
8607,-1.0
8608,-1.0
8609,-1.0
8610,-1.0
8611,-1.0
8612,-1.0
8613,-1.0
8614,-1.0
8615,-1.0
8616,-1.0
8617,-1.0
8618,-1.0
8619,-1.0
8620,-1.0
8621,-0.9
8622,-0.9
8623,-0.9
8624,-0.9
8625,-0.9
8626,-0.9
8627,-0.9
8628,-0.9
8629,-0.9
8630,-0.9
8631,-0.9
8632,-0.9
8633,-0.9
8634,-0.9
8635,-0.9
8636,-0.8
8637,-0.8
8638,-0.8
8639,-0.8
8640,-0.8
8641,-0.8
8642,-0.8
8643,-0.8
8644,-0.8
8645,-0.8
8646,-0.8
8647,-0.7
8648,-0.7
8649,-0.7
8650,-0.7
8651,-0.7
8652,-0.7
8653,-0.7
8654,-0.7
8655,-0.6
8656,-0.6
8657,-0.6
8658,-0.6
8659,-0.6
8660,-0.6
8661,-0.6
8662,-0.6
8663,-0.5
8664,-0.5
8665,-0.5
8666,-0.5
8667,-0.5
8668,-0.5
8669,-0.5
8670,-0.5
8671,-0.4
8672,-0.4
8673,-0.4
8674,-0.4
8675,-0.4
8676,-0.4
8677,-0.4
8678,-0.3
8679,-0.3
8680,-0.3
8681,-0.3
8682,-0.3
8683,-0.3
8684,-0.2
8685,-0.2
8686,-0.2
8687,-0.2
8688,-0.2
8689,-0.2
8690,-0.2
8691,-0.1
8692,-0.1
8693,-0.1
8694,-0.1
8695,-0.1
8696,-0.1
8697,-0.0
8698,-0.0
8699,-0.0
8700,0.0
8701,0.0
8702,0.0
8703,0.0
8704,0.1
8705,0.1
8706,0.1
8707,0.1
8708,0.1
8709,0.1
8710,0.2
8711,0.2
8712,0.2
8713,0.2
8714,0.2
8715,0.2
8716,0.2
8717,0.3
8718,0.3
8719,0.3
8720,0.3
8721,0.3
8722,0.3
8723,0.4
8724,0.4
8725,0.4
8726,0.4
8727,0.4
8728,0.4
8729,0.4
8730,0.5
8731,0.5
8732,0.5
8733,0.5
8734,0.5
8735,0.5
8736,0.5
8737,0.5
8738,0.6
8739,0.6
8740,0.6
8741,0.6
8742,0.6
8743,0.6
8744,0.6
8745,0.6
8746,0.7
8747,0.7
8748,0.7
8749,0.7
8750,0.7
8751,0.7
8752,0.7
8753,0.7
8754,0.8
8755,0.8
8756,0.8
8757,0.8
8758,0.8
8759,0.8
8760,0.8
8761,0.8
8762,0.8
8763,0.8
8764,0.8
8765,0.9
8766,0.9
8767,0.9
8768,0.9
8769,0.9
8770,0.9
8771,0.9
8772,0.9
8773,0.9
8774,0.9
8775,0.9
8776,0.9
8777,0.9
8778,0.9
8779,0.9
8780,1.0
8781,1.0
8782,1.0
8783,1.0
8784,1.0
8785,1.0
8786,1.0
8787,1.0
8788,1.0
8789,1.0
8790,1.0
8791,1.0
8792,1.0
8793,1.0
8794,1.0
8795,1.0
8796,1.0
8797,1.0
8798,1.0
8799,1.0
8800,1.0
8801,1.0
8802,1.0
8803,1.0
8804,1.0
8805,1.0
8806,1.0
8807,1.0
8808,1.0
8809,1.0
8810,1.0
8811,1.0
8812,1.0
8813,1.0
8814,1.0
8815,1.0
8816,1.0
8817,1.0
8818,1.0
8819,1.0
8820,1.0
8821,0.9
8822,0.9
8823,0.9
8824,0.9
8825,0.9
8826,0.9
8827,0.9
8828,0.9
8829,0.9
8830,0.9
8831,0.9
8832,0.9
8833,0.9
8834,0.9
8835,0.9
8836,0.8
8837,0.8
8838,0.8
8839,0.8
8840,0.8
8841,0.8
8842,0.8
8843,0.8
8844,0.8
8845,0.8
8846,0.8
8847,0.7
8848,0.7
8849,0.7
8850,0.7
8851,0.7
8852,0.7
8853,0.7
8854,0.7
8855,0.6
8856,0.6
8857,0.6
8858,0.6
8859,0.6
8860,0.6
8861,0.6
8862,0.6
8863,0.5
8864,0.5
8865,0.5
8866,0.5
8867,0.5
8868,0.5
8869,0.5
8870,0.5
8871,0.4
8872,0.4
8873,0.4
8874,0.4
8875,0.4
8876,0.4
8877,0.4
8878,0.3
8879,0.3
8880,0.3
8881,0.3
8882,0.3
8883,0.3
8884,0.2
8885,0.2
8886,0.2
8887,0.2
8888,0.2
8889,0.2
8890,0.2
8891,0.1
8892,0.1
8893,0.1
8894,0.1
8895,0.1
8896,0.1
8897,0.0
8898,0.0
8899,0.0
8900,-0.0
8901,-0.0
8902,-0.0
8903,-0.0
8904,-0.1
8905,-0.1
8906,-0.1
8907,-0.1
8908,-0.1
8909,-0.1
8910,-0.2
8911,-0.2
8912,-0.2
8913,-0.2
8914,-0.2
8915,-0.2
8916,-0.2
8917,-0.3
8918,-0.3
8919,-0.3
8920,-0.3
8921,-0.3
8922,-0.3
8923,-0.4
8924,-0.4
8925,-0.4
8926,-0.4
8927,-0.4
8928,-0.4
8929,-0.4
8930,-0.5
8931,-0.5
8932,-0.5
8933,-0.5
8934,-0.5
8935,-0.5
8936,-0.5
8937,-0.5
8938,-0.6
8939,-0.6
8940,-0.6
8941,-0.6
8942,-0.6
8943,-0.6
8944,-0.6
8945,-0.6
8946,-0.7
8947,-0.7
8948,-0.7
8949,-0.7
8950,-0.7
8951,-0.7
8952,-0.7
8953,-0.7
8954,-0.8
8955,-0.8
8956,-0.8
8957,-0.8
8958,-0.8
8959,-0.8
8960,-0.8
8961,-0.8
8962,-0.8
8963,-0.8
8964,-0.8
8965,-0.9
8966,-0.9
8967,-0.9
8968,-0.9
8969,-0.9
8970,-0.9
8971,-0.9
8972,-0.9
8973,-0.9
8974,-0.9
8975,-0.9
8976,-0.9
8977,-0.9
8978,-0.9
8979,-0.9
8980,-1.0
8981,-1.0
8982,-1.0
8983,-1.0
8984,-1.0
8985,-1.0
8986,-1.0
8987,-1.0
8988,-1.0
8989,-1.0
8990,-1.0
8991,-1.0
8992,-1.0
8993,-1.0
8994,-1.0
8995,-1.0
8996,-1.0
8997,-1.0
8998,-1.0
8999,-1.0
9000,-1.0
9001,-1.0
9002,-1.0
9003,-1.0
9004,-1.0
9005,-1.0
9006,-1.0
9007,-1.0
9008,-1.0
9009,-1.0
9010,-1.0
9011,-1.0
9012,-1.0
9013,-1.0
9014,-1.0
9015,-1.0
9016,-1.0
9017,-1.0
9018,-1.0
9019,-1.0
9020,-1.0
9021,-0.9
9022,-0.9
9023,-0.9
9024,-0.9
9025,-0.9
9026,-0.9
9027,-0.9
9028,-0.9
9029,-0.9
9030,-0.9
9031,-0.9
9032,-0.9
9033,-0.9
9034,-0.9
9035,-0.9
9036,-0.8
9037,-0.8
9038,-0.8
9039,-0.8
9040,-0.8
9041,-0.8
9042,-0.8
9043,-0.8
9044,-0.8
9045,-0.8
9046,-0.8
9047,-0.7
9048,-0.7
9049,-0.7
9050,-0.7
9051,-0.7
9052,-0.7
9053,-0.7
9054,-0.7
9055,-0.6
9056,-0.6
9057,-0.6
9058,-0.6
9059,-0.6
9060,-0.6
9061,-0.6
9062,-0.6
9063,-0.5
9064,-0.5
9065,-0.5
9066,-0.5
9067,-0.5
9068,-0.5
9069,-0.5
9070,-0.5
9071,-0.4
9072,-0.4
9073,-0.4
9074,-0.4
9075,-0.4
9076,-0.4
9077,-0.4
9078,-0.3
9079,-0.3
9080,-0.3
9081,-0.3
9082,-0.3
9083,-0.3
9084,-0.2
9085,-0.2
9086,-0.2
9087,-0.2
9088,-0.2
9089,-0.2
9090,-0.2
9091,-0.1
9092,-0.1
9093,-0.1
9094,-0.1
9095,-0.1
9096,-0.1
9097,-0.0
9098,-0.0
9099,-0.0
9100,-0.0
9101,0.0
9102,0.0
9103,0.0
9104,0.1
9105,0.1
9106,0.1
9107,0.1
9108,0.1
9109,0.1
9110,0.2
9111,0.2
9112,0.2
9113,0.2
9114,0.2
9115,0.2
9116,0.2
9117,0.3
9118,0.3
9119,0.3
9120,0.3
9121,0.3
9122,0.3
9123,0.4
9124,0.4
9125,0.4
9126,0.4
9127,0.4
9128,0.4
9129,0.4
9130,0.5
9131,0.5
9132,0.5
9133,0.5
9134,0.5
9135,0.5
9136,0.5
9137,0.5
9138,0.6
9139,0.6
9140,0.6
9141,0.6
9142,0.6
9143,0.6
9144,0.6
9145,0.6
9146,0.7
9147,0.7
9148,0.7
9149,0.7
9150,0.7
9151,0.7
9152,0.7
9153,0.7
9154,0.8
9155,0.8
9156,0.8
9157,0.8
9158,0.8
9159,0.8
9160,0.8
9161,0.8
9162,0.8
9163,0.8
9164,0.8
9165,0.9
9166,0.9
9167,0.9
9168,0.9
9169,0.9
9170,0.9
9171,0.9
9172,0.9
9173,0.9
9174,0.9
9175,0.9
9176,0.9
9177,0.9
9178,0.9
9179,0.9
9180,1.0
9181,1.0
9182,1.0
9183,1.0
9184,1.0
9185,1.0
9186,1.0
9187,1.0
9188,1.0
9189,1.0
9190,1.0
9191,1.0
9192,1.0
9193,1.0
9194,1.0
9195,1.0
9196,1.0
9197,1.0
9198,1.0
9199,1.0
9200,1.0
9201,1.0
9202,1.0
9203,1.0
9204,1.0
9205,1.0
9206,1.0
9207,1.0
9208,1.0
9209,1.0
9210,1.0
9211,1.0
9212,1.0
9213,1.0
9214,1.0
9215,1.0
9216,1.0
9217,1.0
9218,1.0
9219,1.0
9220,1.0
9221,0.9
9222,0.9
9223,0.9
9224,0.9
9225,0.9
9226,0.9
9227,0.9
9228,0.9
9229,0.9
9230,0.9
9231,0.9
9232,0.9
9233,0.9
9234,0.9
9235,0.9
9236,0.8
9237,0.8
9238,0.8
9239,0.8
9240,0.8
9241,0.8
9242,0.8
9243,0.8
9244,0.8
9245,0.8
9246,0.8
9247,0.7
9248,0.7
9249,0.7
9250,0.7
9251,0.7
9252,0.7
9253,0.7
9254,0.7
9255,0.6
9256,0.6
9257,0.6
9258,0.6
9259,0.6
9260,0.6
9261,0.6
9262,0.6
9263,0.5
9264,0.5
9265,0.5
9266,0.5
9267,0.5
9268,0.5
9269,0.5
9270,0.5
9271,0.4
9272,0.4
9273,0.4
9274,0.4
9275,0.4
9276,0.4
9277,0.4
9278,0.3
9279,0.3
9280,0.3
9281,0.3
9282,0.3
9283,0.3
9284,0.2
9285,0.2
9286,0.2
9287,0.2
9288,0.2
9289,0.2
9290,0.2
9291,0.1
9292,0.1
9293,0.1
9294,0.1
9295,0.1
9296,0.1
9297,0.0
9298,0.0
9299,0.0
9300,-0.0
9301,-0.0
9302,-0.0
9303,-0.0
9304,-0.1
9305,-0.1
9306,-0.1
9307,-0.1
9308,-0.1
9309,-0.1
9310,-0.2
9311,-0.2
9312,-0.2
9313,-0.2
9314,-0.2
9315,-0.2
9316,-0.2
9317,-0.3
9318,-0.3
9319,-0.3
9320,-0.3
9321,-0.3
9322,-0.3
9323,-0.4
9324,-0.4
9325,-0.4
9326,-0.4
9327,-0.4
9328,-0.4
9329,-0.4
9330,-0.5
9331,-0.5
9332,-0.5
9333,-0.5
9334,-0.5
9335,-0.5
9336,-0.5
9337,-0.5
9338,-0.6
9339,-0.6
9340,-0.6
9341,-0.6
9342,-0.6
9343,-0.6
9344,-0.6
9345,-0.6
9346,-0.7
9347,-0.7
9348,-0.7
9349,-0.7
9350,-0.7
9351,-0.7
9352,-0.7
9353,-0.7
9354,-0.8
9355,-0.8
9356,-0.8
9357,-0.8
9358,-0.8
9359,-0.8
9360,-0.8
9361,-0.8
9362,-0.8
9363,-0.8
9364,-0.8
9365,-0.9
9366,-0.9
9367,-0.9
9368,-0.9
9369,-0.9
9370,-0.9
9371,-0.9
9372,-0.9
9373,-0.9
9374,-0.9
9375,-0.9
9376,-0.9
9377,-0.9
9378,-0.9
9379,-0.9
9380,-1.0
9381,-1.0
9382,-1.0
9383,-1.0
9384,-1.0
9385,-1.0
9386,-1.0
9387,-1.0
9388,-1.0
9389,-1.0
9390,-1.0
9391,-1.0
9392,-1.0
9393,-1.0
9394,-1.0
9395,-1.0
9396,-1.0
9397,-1.0
9398,-1.0
9399,-1.0
9400,-1.0
9401,-1.0
9402,-1.0
9403,-1.0
9404,-1.0
9405,-1.0
9406,-1.0
9407,-1.0
9408,-1.0
9409,-1.0
9410,-1.0
9411,-1.0
9412,-1.0
9413,-1.0
9414,-1.0
9415,-1.0
9416,-1.0
9417,-1.0
9418,-1.0
9419,-1.0
9420,-1.0
9421,-0.9
9422,-0.9
9423,-0.9
9424,-0.9
9425,-0.9
9426,-0.9
9427,-0.9
9428,-0.9
9429,-0.9
9430,-0.9
9431,-0.9
9432,-0.9
9433,-0.9
9434,-0.9
9435,-0.9
9436,-0.8
9437,-0.8
9438,-0.8
9439,-0.8
9440,-0.8
9441,-0.8
9442,-0.8
9443,-0.8
9444,-0.8
9445,-0.8
9446,-0.8
9447,-0.7
9448,-0.7
9449,-0.7
9450,-0.7
9451,-0.7
9452,-0.7
9453,-0.7
9454,-0.7
9455,-0.6
9456,-0.6
9457,-0.6
9458,-0.6
9459,-0.6
9460,-0.6
9461,-0.6
9462,-0.6
9463,-0.5
9464,-0.5
9465,-0.5
9466,-0.5
9467,-0.5
9468,-0.5
9469,-0.5
9470,-0.5
9471,-0.4
9472,-0.4
9473,-0.4
9474,-0.4
9475,-0.4
9476,-0.4
9477,-0.4
9478,-0.3
9479,-0.3
9480,-0.3
9481,-0.3
9482,-0.3
9483,-0.3
9484,-0.2
9485,-0.2
9486,-0.2
9487,-0.2
9488,-0.2
9489,-0.2
9490,-0.2
9491,-0.1
9492,-0.1
9493,-0.1
9494,-0.1
9495,-0.1
9496,-0.1
9497,-0.0
9498,-0.0
9499,-0.0
9500,-0.0
9501,0.0
9502,0.0
9503,0.0
9504,0.1
9505,0.1
9506,0.1
9507,0.1
9508,0.1
9509,0.1
9510,0.2
9511,0.2
9512,0.2
9513,0.2
9514,0.2
9515,0.2
9516,0.2
9517,0.3
9518,0.3
9519,0.3
9520,0.3
9521,0.3
9522,0.3
9523,0.4
9524,0.4
9525,0.4
9526,0.4
9527,0.4
9528,0.4
9529,0.4
9530,0.5
9531,0.5
9532,0.5
9533,0.5
9534,0.5
9535,0.5
9536,0.5
9537,0.5
9538,0.6
9539,0.6
9540,0.6
9541,0.6
9542,0.6
9543,0.6
9544,0.6
9545,0.6
9546,0.7
9547,0.7
9548,0.7
9549,0.7
9550,0.7
9551,0.7
9552,0.7
9553,0.7
9554,0.8
9555,0.8
9556,0.8
9557,0.8
9558,0.8
9559,0.8
9560,0.8
9561,0.8
9562,0.8
9563,0.8
9564,0.8
9565,0.9
9566,0.9
9567,0.9
9568,0.9
9569,0.9
9570,0.9
9571,0.9
9572,0.9
9573,0.9
9574,0.9
9575,0.9
9576,0.9
9577,0.9
9578,0.9
9579,0.9
9580,1.0
9581,1.0
9582,1.0
9583,1.0
9584,1.0
9585,1.0
9586,1.0
9587,1.0
9588,1.0
9589,1.0
9590,1.0
9591,1.0
9592,1.0
9593,1.0
9594,1.0
9595,1.0
9596,1.0
9597,1.0
9598,1.0
9599,1.0
9600,1.0
9601,1.0
9602,1.0
9603,1.0
9604,1.0
9605,1.0
9606,1.0
9607,1.0
9608,1.0
9609,1.0
9610,1.0
9611,1.0
9612,1.0
9613,1.0
9614,1.0
9615,1.0
9616,1.0
9617,1.0
9618,1.0
9619,1.0
9620,1.0
9621,0.9
9622,0.9
9623,0.9
9624,0.9
9625,0.9
9626,0.9
9627,0.9
9628,0.9
9629,0.9
9630,0.9
9631,0.9
9632,0.9
9633,0.9
9634,0.9
9635,0.9
9636,0.8
9637,0.8
9638,0.8
9639,0.8
9640,0.8
9641,0.8
9642,0.8
9643,0.8
9644,0.8
9645,0.8
9646,0.8
9647,0.7
9648,0.7
9649,0.7
9650,0.7
9651,0.7
9652,0.7
9653,0.7
9654,0.7
9655,0.6
9656,0.6
9657,0.6
9658,0.6
9659,0.6
9660,0.6
9661,0.6
9662,0.6
9663,0.5
9664,0.5
9665,0.5
9666,0.5
9667,0.5
9668,0.5
9669,0.5
9670,0.5
9671,0.4
9672,0.4
9673,0.4
9674,0.4
9675,0.4
9676,0.4
9677,0.4
9678,0.3
9679,0.3
9680,0.3
9681,0.3
9682,0.3
9683,0.3
9684,0.2
9685,0.2
9686,0.2
9687,0.2
9688,0.2
9689,0.2
9690,0.2
9691,0.1
9692,0.1
9693,0.1
9694,0.1
9695,0.1
9696,0.1
9697,0.0
9698,0.0
9699,0.0
9700,-0.0
9701,-0.0
9702,-0.0
9703,-0.0
9704,-0.1
9705,-0.1
9706,-0.1
9707,-0.1
9708,-0.1
9709,-0.1
9710,-0.2
9711,-0.2
9712,-0.2
9713,-0.2
9714,-0.2
9715,-0.2
9716,-0.2
9717,-0.3
9718,-0.3
9719,-0.3
9720,-0.3
9721,-0.3
9722,-0.3
9723,-0.4
9724,-0.4
9725,-0.4
9726,-0.4
9727,-0.4
9728,-0.4
9729,-0.4
9730,-0.5
9731,-0.5
9732,-0.5
9733,-0.5
9734,-0.5
9735,-0.5
9736,-0.5
9737,-0.5
9738,-0.6
9739,-0.6
9740,-0.6
9741,-0.6
9742,-0.6
9743,-0.6
9744,-0.6
9745,-0.6
9746,-0.7
9747,-0.7
9748,-0.7
9749,-0.7
9750,-0.7
9751,-0.7
9752,-0.7
9753,-0.7
9754,-0.8
9755,-0.8
9756,-0.8
9757,-0.8
9758,-0.8
9759,-0.8
9760,-0.8
9761,-0.8
9762,-0.8
9763,-0.8
9764,-0.8
9765,-0.9
9766,-0.9
9767,-0.9
9768,-0.9
9769,-0.9
9770,-0.9
9771,-0.9
9772,-0.9
9773,-0.9
9774,-0.9
9775,-0.9
9776,-0.9
9777,-0.9
9778,-0.9
9779,-0.9
9780,-1.0
9781,-1.0
9782,-1.0
9783,-1.0
9784,-1.0
9785,-1.0
9786,-1.0
9787,-1.0
9788,-1.0
9789,-1.0
9790,-1.0
9791,-1.0
9792,-1.0
9793,-1.0
9794,-1.0
9795,-1.0
9796,-1.0
9797,-1.0
9798,-1.0
9799,-1.0
9800,-1.0
9801,-1.0
9802,-1.0
9803,-1.0
9804,-1.0
9805,-1.0
9806,-1.0
9807,-1.0
9808,-1.0
9809,-1.0
9810,-1.0
9811,-1.0
9812,-1.0
9813,-1.0
9814,-1.0
9815,-1.0
9816,-1.0
9817,-1.0
9818,-1.0
9819,-1.0
9820,-1.0
9821,-0.9
9822,-0.9
9823,-0.9
9824,-0.9
9825,-0.9
9826,-0.9
9827,-0.9
9828,-0.9
9829,-0.9
9830,-0.9
9831,-0.9
9832,-0.9
9833,-0.9
9834,-0.9
9835,-0.9
9836,-0.8
9837,-0.8
9838,-0.8
9839,-0.8
9840,-0.8
9841,-0.8
9842,-0.8
9843,-0.8
9844,-0.8
9845,-0.8
9846,-0.8
9847,-0.7
9848,-0.7
9849,-0.7
9850,-0.7
9851,-0.7
9852,-0.7
9853,-0.7
9854,-0.7
9855,-0.6
9856,-0.6
9857,-0.6
9858,-0.6
9859,-0.6
9860,-0.6
9861,-0.6
9862,-0.6
9863,-0.5
9864,-0.5
9865,-0.5
9866,-0.5
9867,-0.5
9868,-0.5
9869,-0.5
9870,-0.5
9871,-0.4
9872,-0.4
9873,-0.4
9874,-0.4
9875,-0.4
9876,-0.4
9877,-0.4
9878,-0.3
9879,-0.3
9880,-0.3
9881,-0.3
9882,-0.3
9883,-0.3
9884,-0.2
9885,-0.2
9886,-0.2
9887,-0.2
9888,-0.2
9889,-0.2
9890,-0.2
9891,-0.1
9892,-0.1
9893,-0.1
9894,-0.1
9895,-0.1
9896,-0.1
9897,-0.0
9898,-0.0
9899,-0.0
9900,0.0
9901,0.0
9902,0.0
9903,0.0
9904,0.1
9905,0.1
9906,0.1
9907,0.1
9908,0.1
9909,0.1
9910,0.2
9911,0.2
9912,0.2
9913,0.2
9914,0.2
9915,0.2
9916,0.2
9917,0.3
9918,0.3
9919,0.3
9920,0.3
9921,0.3
9922,0.3
9923,0.4
9924,0.4
9925,0.4
9926,0.4
9927,0.4
9928,0.4
9929,0.4
9930,0.5
9931,0.5
9932,0.5
9933,0.5
9934,0.5
9935,0.5
9936,0.5
9937,0.5
9938,0.6
9939,0.6
9940,0.6
9941,0.6
9942,0.6
9943,0.6
9944,0.6
9945,0.6
9946,0.7
9947,0.7
9948,0.7
9949,0.7
9950,0.7
9951,0.7
9952,0.7
9953,0.7
9954,0.8
9955,0.8
9956,0.8
9957,0.8
9958,0.8
9959,0.8
9960,0.8
9961,0.8
9962,0.8
9963,0.8
9964,0.8
9965,0.9
9966,0.9
9967,0.9
9968,0.9
9969,0.9
9970,0.9
9971,0.9
9972,0.9
9973,0.9
9974,0.9
9975,0.9
9976,0.9
9977,0.9
9978,0.9
9979,0.9
9980,1.0
9981,1.0
9982,1.0
9983,1.0
9984,1.0
9985,1.0
9986,1.0
9987,1.0
9988,1.0
9989,1.0
9990,1.0
9991,1.0
9992,1.0
9993,1.0
9994,1.0
9995,1.0
9996,1.0
9997,1.0
9998,1.0
9999,1.0
